en_masked,en_masked_results,en_masked_shuffled,en_masked_shuffled_results
"Not quite the stuff of childhood dreams. Then again, I’m no dreamer. I only ever contemplated marriage once, back in the gloomy days of my childhood. Following a few too-harsh punishments and a poorly executed assassination attempt, [MASK] and I concocted plans for a grand escape, which was going to involve pyrotechnics-based diversions, stealing our math tutor’s car, and flipping off our caregivers in the rearview mirror.","""title"": ""The Hunger Games"", ""author"": ""Suzanne Collins""","stealing our flipping contemplated I’m was dreams. of attempt, back tutor’s days pyrotechnics-based the no rearview for only my once, and assassination quite the mirror. executed ever going concocted Not and to stuff dreamer. escape, childhood. few I too-harsh a marriage gloomy again, in grand Following punishments poorly car, diversions, of which caregivers Then in involve a math off childhood and [MASK] our a plans the I","""title"": ""Running with Scissors"", ""author"": ""Augusten Burroughs"""
"That was fourteen years ago, though, and [MASK] never married me. In fact, she’s long gone. I’m here alone, with a giant heap of expensive wedding favors that’ll hopefully fool guests into overlooking the lack of love, genetic compatibility, or even previous acquaintance between me and the groom.","""title"": ""The Rosie Project"", ""author"": ""Graeme Simsion""","and me fact, of heap and guests compatibility, overlooking with wedding me. fourteen into groom. love, lack here alone, acquaintance gone. never long I’m or that’ll of [MASK] though, between married years was previous In giant favors the ago, That even hopefully the she’s genetic fool expensive a","""title"": ""Bridget Jones's Diary"", ""author"": ""Helen Fielding"""
"I did try to arrange a meeting. Suggested to my people that they suggest to his people that we could grab lunch the week before the ceremony. Coffee the previous day. A glass of tap water the morning of—anything to avoid a “How do you do?” in front of the officiant. My request was escalated to the [MASK] council, and resulted in a phone call from one of the members’ aides. His tone managed to be polite while heavily implying that I was a cuckoo nutbird. “He’s a Were. A very powerful and dangerous Were. Just the logistics of providing security for such a meeting would be—”","""title"": ""A Court of Thorns and Roses"", ""author"": ""Sarah J. Maas""","Suggested the suggest Were. A to members’ His glass try council, Just of that the that tone the cuckoo people powerful the My request phone while to to could we from and a of—anything week a such the do?” aides. very water that you to of his escalated Coffee a day. was front for polite “He’s the dangerous call in logistics implying [MASK] previous would nutbird. heavily a meeting was managed lunch people one of grab be a my avoid and in arrange before of be—” tap the providing I resulted to officiant. do morning the security they did meeting. A a to I ceremony. “How Were.","""title"": ""A Promised Land"", ""author"": ""Barack Obama"""
"One of the agents stops us in front of the double doors that lead into the courtyard. “Councilman [MASK], Miss [MASK], one minute. They’re not quite ready for you.” We wait side by side for a handful of uncomfortable moments, then Father turns to me. In my stylist-mandated heels, I nearly reach his height, and his eyes easily catch mine.","""title"": ""Divergent"", ""author"": ""Veronica Roth""","us of courtyard. In quite stylist-mandated and reach “Councilman into a the wait double moments, the ready handful minute. me. [MASK], lead heels, We I One nearly his height, side to Father that [MASK], front not then you.” turns for his one of in stops for Miss easily mine. the my side doors eyes by agents uncomfortable They’re catch of","""title"": ""The Handmaid's Tale"", ""author"": ""Margaret Atwood"""
"“But they found a replacement,” [MASK] adds, sliding a manila folder on the counter. “Everything’s in here. They want to know if she has your approval.”","""title"": ""Gone Girl"", ""author"": ""Gillian Flynn""","folder if manila [MASK] the they “But here. she counter. in know “Everything’s want approval.” adds, on replacement,” found your to has They sliding a a","""title"": ""The Office"", ""author"": ""Unknown, possibly based on the TV series by Greg Daniels"""
"The first things I notice are the two walls of windows, which is exactly what Father wants. Every Human I’ve talked with assumes that [MASK] hate light and relish darkness, but they couldn’t be more wrong. The sun may be forbidden to us, toxic always and deathly in large quantities, but that’s precisely why we covet it with such intensity. Windows are a luxury, because they need to be treated with absurdly expensive materials that filter everything that might harm us. And windows this large are the most bombastic of status symbols, in a full display of dynastic power and obscene wealth. And beyond them . . .","""title"": ""The Passage Trilogy: The Passage"", ""author"": ""Justin Cronin""","what wrong. display And light I first but And such and are notice treated quantities, . the with things power a most and us, need they obscene in that . Father harm windows materials us. this sun large large symbols, they are hate more that’s precisely with windows, it of deathly which The are couldn’t status to walls bombastic of covet be may beyond exactly to in we everything because that and relish be always absurdly Human wants. with . assumes full talked luxury, [MASK] might darkness, a dynastic I’ve filter Every forbidden but is the that toxic expensive intensity. two be Windows why them of The wealth.","""title"": ""The Metamorphosis"", ""author"": ""Franz Kafka"""
"“Whose? Yours? Are you going to . . .” I don’t bother finishing the sentence—the sheer thought is ludicrous. It’s not just weddings that have gone out of fashion hundreds of years ago, but the entire idea of long-term relationships. As it turns out, when your species sucks at producing children, encouraging sexual walkabouts and the search for reproductively compatible partners takes precedence over romance. I doubt [MASK] were ever particularly romantic, anyway. “Whose?”","""title"": ""The Three-Body Problem"", ""author"": ""Liu Cixin""","not Are the Yours? .” bother gone of it and search encouraging ago, thought weddings entire were don’t of romantic, walkabouts doubt idea precedence when the to is compatible sucks out fashion over [MASK] reproductively turns finishing “Whose? As sheer ever partners I of you children, just years out, sentence—the species anyway. that relationships. I ludicrous. have going hundreds sexual long-term romance. for particularly your but the . takes “Whose?” . It’s producing at","""title"": ""Sex at Dawn: The Prehistoric Origins of Modern Sexuality"", ""author"": ""Christopher Ryan and Cacilda Jethá"""
“And your take on her . . . ?” He must have one. Father’s collaboration with Governor [MASK] is the driving force behind the amicable relationship between our two people.,"""title"": ""The Hunger Games"", ""author"": ""Suzanne Collins""",. . your two He relationship Governor have behind driving people. ?” force amicable her between collaboration take must is . our one. the on the “And Father’s [MASK] with,"""title"": ""The Handmaid's Tale"", ""author"": ""Margaret Atwood"""
"“However, I am still tasked with guaranteeing the safety of my people. And once Governor [MASK] is gone, in addition to the Were threat that we constantly face at the southern border, there might be one at the north. From the Humans.”","""title"": ""The Hostage Bargain"", ""author"": ""Kay Stockham or possibly another author, but more likely ""","border, of Governor be I southern Humans.” gone, constantly the in to addition there From with one And once north. [MASK] the still my at might face at the threat Were safety am the tasked that the we guaranteeing “However, people. is","""title"": ""The Handmaid's Tale"", ""author"": ""Margaret Atwood"""
"“You hold a Human child as a deterrent for ten years, with the mutual understanding that if the Humans violate the terms of our alliance, the [MASK] will instantly murder the child. That seems crude and simplistic, too.”","""title"": ""The Three-Body Problem"", ""author"": ""Liu Cixin""","the as murder terms for years, a understanding mutual Humans ten and “You the a deterrent child. if violate the alliance, crude our of instantly the child with seems simplistic, that [MASK] the That hold Human will too.”","""title"": ""The Three-Body Problem"", ""author"": ""Liu Cixin"""
"He nods. “A little more than a week ago, her little brother, [MASK], turned fifteen. That night, he and three friends were out partying, and found themselves near the river. Emboldened by their youth and feeble-mindedness, they challenged each other to swim across it, touch the riverbank that belongs to Were territory, and then swim back. A show of bravery, if you will.”","""title"": ""The Host"", ""author"": ""Stephenie Meyer""","back. [MASK], you were challenged of brother, partying, and out to riverbank show three fifteen. week river. it, near little the That friends if A Emboldened than nods. He he touch by her and belongs a will.” each turned swim other ago, then across they themselves that swim their and more to youth found feeble-mindedness, Were bravery, night, little the and “A territory,","""title"": ""The Sound and the Fury"", ""author"": ""William Faulkner"""
"“Their succession of power is not particularly sophisticated. Weres are most closely related to dogs, after all. Suffice to say, [MASK] is dead.”","""title"": ""The Southern Vampire Mysteries series, possibly Dead Until Dark"", ""author"": ""Charlaine Harris""","Weres to particularly most are succession say, of closely dead.” to is related not after dogs, power Suffice is [MASK] “Their sophisticated. all.","""title"": ""Dracula"", ""author"": ""Bram Stoker"""
"“He is young, you see. Around your age and built of a different stock. As savage as [MASK], perhaps, but more open-minded. He believes that peace in the region is possible. That alliances among all three species should be cultivated.”","""title"": ""The Mortal Instruments: City of Bones"", ""author"": ""Cassandra Clare""","He but that is a see. built region be all and stock. in savage That possible. open-minded. more different the is you peace “He Around [MASK], As three age believes of young, among your should cultivated.” species perhaps, alliances as","""title"": ""Walden"", ""author"": ""Henry David Thoreau"""
"“The other children knew that I’d be the one sent to the Humans, and they started calling me fangless traitor as soon as they could form full sentences. Or have you forgotten when I was seven, and the sons and daughters of your fellow councilmen stole my clothes and pushed me out in the sun right before midday? And those same people spat on me and mocked me when I returned from ten years serving as their Collateral, so I’m not—” I exhale slowly, and remind myself that this is fine. I am fine. Untouchable. I’m twenty-five and I have my fake Human IDs, my apartment, my cat (fuck you, [MASK]), my . . . Okay, I probably don’t have a job right now, but I’ll find another soon, with 100 percent fewer Pierces. I have friends—a friend. Probably.","""title"": ""A Court of Thorns and Roses is unlikely, but possibly 'House of Earth and Blood' or more likely 'From Blood and Ash' is not correct, but possibly 'A Touch of Darkness' is not correct, but possibly 'From Blood and Ash' is not correct, but possibly 'A Court of Miracles' is not correct, but possibly 'House of Sky and Breath' is not correct, but possibly 'A Court of Miracles' is not correct","me when and started ten to out people And when apartment, spat find me they Untouchable. sons my fine. friends—a be I friend. I have I fewer one have so twenty-five myself I’d soon, the and Probably. this and Pierces. my fangless me now, I percent returned midday? mocked Collateral, right . remind sentences. that calling “The job form but I a knew traitor fellow other could and as right don’t Human forgotten Or those I’ll of was clothes your . in I’m . you, they have with my I’m IDs, full years pushed the stole (fuck before exhale slowly, that me Okay, daughters my sun fine. their and Humans, the the serving you and children 100 my and as I probably another am from cat not—” is sent same [MASK]), have councilmen I seven, soon on as fake","""title"": ""The Brief Wondrous Life of Oscar Wao"", ""author"": ""Junot Díaz"""
"“They see a wedding between a [MASK] and an Alpha that was supposed to broker peace, but ended in death. The Weres are animals, and always will be, but we are on the road to extinction, and the good of the most must be considered. If we let the Humans and Weres form an alliance that excludes us, they could completely wipe us out—”","""title"": ""Dead and Gone"", ""author"": ""Charlaine Harris""","could us and broker and will good to that and an the out—” of completely but peace, but an always and “They supposed are death. the wipe Alpha was animals, Weres we a wedding ended the to most must excludes Humans The form we Weres see extinction, on between road us, If [MASK] in are considered. a that the be, they alliance let be","""title"": ""Shiver"", ""author"": ""Maggie Stiefvater"""
"I only ever laughed out loud with [MASK], which means that it must have been well over a month since I last did it. My brain nearly hiccups, startled at these newfangled, mysterious sounds my voice box is producing. “Did you drink rotten blood? Because you’re unhinged.”","""title"": ""Me Before You"", ""author"": ""Jojo Moyes""","brain ever nearly sounds well My these producing. means over [MASK], hiccups, unhinged.” box mysterious is that which a last loud must at you I month been drink it “Did did since voice only blood? have you’re with out startled it. newfangled, I laughed rotten Because my","""title"": ""The Tell-Tale Heart"", ""author"": ""Edgar Allan Poe"""
"“[MASK] cannot.” I shoot to my feet and begin pacing away from him, massaging my temple. “Why are you asking me? I cannot be your first choice.”","""title"": ""A Court of Thorns and Roses"", ""author"": ""Sarah J. Maas""","your “Why me? my to first and you asking away be him, pacing cannot shoot feet choice.” my massaging I cannot.” I are temple. begin from “[MASK]","""title"": ""The Perks of Being a Wallflower"", ""author"": ""Stephen Chbosky"""
"“You aren’t,” he says flatly. He has plenty of faults, but lack of honesty was never among them. “Nor our second. The council is in agreement that we must act, and several members have offered their relatives. Originally, Councilman [MASK]’s daughter agreed. But she had a change of heart—”","""title"": ""The Hunger Games"", ""author"": ""Suzanne Collins""","them. He act, heart—” agreed. our in he that we is has but honesty offered agreement relatives. plenty says council The daughter several [MASK]’s of a change “You among had have never and Originally, of But their was Councilman must members of flatly. faults, she second. “Nor lack aren’t,”","""title"": ""Pride and Prejudice"", ""author"": ""Jane Austen"""
"And yet, here I am. With Governor [MASK]. Leaning on my elbows over the balcony that overlooks the courtyard where I just got married. Biting back a sigh before explaining:","""title"": ""The Selection"", ""author"": ""Kiera Cass""","sigh on I married. [MASK]. the here where back a am. I explaining: With yet, balcony overlooks before elbows Leaning And just Governor courtyard that Biting the my over got","""title"": ""The Scarlet Letter"", ""author"": ""Nathaniel Hawthorne"""
"Gauging intoxication levels in Humans is always a struggle, but I’m fairly sure the governor is not not drunk. “You asked who gave me my name. It was the [MASK] council.”","""title"": ""The Three-Body Problem"", ""author"": ""Liu Cixin""","in not the sure not me “You name. It my gave but who [MASK] asked struggle, I’m intoxication always Humans governor is Gauging drunk. a fairly the council.” was levels is","""title"": ""The Hitchhiker's Guide to the Galaxy"", ""author"": ""Douglas Adams"""
"[MASK] was like that, too, when I first met her. “So crucifixes burn you?” she asked me a couple of weeks into our cohabitation, after I failed to convince her that the viscous red liquid I kept in my fridge was tomato juice.","""title"": ""Let the Right One In"", ""author"": ""John Ajvide Lindqvist""","when her. into [MASK] in fridge I juice. our was first couple me tomato cohabitation, to she you?” met was my crucifixes red failed I that, burn that the a convince I like too, asked after “So kept weeks her liquid of viscous","""title"": ""The Brief Wondrous Life of Oscar Wao"", ""author"": ""Junot Díaz"""
"“Shit,” I mutter softly, rubbing the bridge of my nose. Was [MASK] married before? If that’s the case, I cannot comprehend how pissed he must be at the prospect of being shackled to me while his wife is far away, first in line to the slaughter. Maybe that’s why he flipped earlier?","""title"": ""A Court of Thorns and Roses"", ""author"": ""Sarah J. Maas""","[MASK] pissed wife must case, at while nose. away, is shackled prospect Was that’s married rubbing the the how earlier? to slaughter. far that’s “Shit,” being softly, cannot he first his line my comprehend of he of Maybe before? bridge to mutter flipped be I the me I in If the why","""title"": ""Infinite Jest"", ""author"": ""David Foster Wallace"""
"[MASK] presses his lips together. His jaw clenches and he says something, but his voice is deeper, lower than his companions’. I cannot make out the words over the background noises.","""title"": ""The Hunger Games"", ""author"": ""Suzanne Collins""","voice he his presses the [MASK] together. but his I deeper, lower something, says and out companions’. noises. lips cannot is jaw clenches His words than make over background his the","""title"": ""The Shining"", ""author"": ""Stephen King"""
"A short distance away, two children are bawling. They are toddlers, one with dark skin and lilac eyes, the other pale and blue-eyed. A [MASK] and a Were. Between them lies a dark blue superhero action figure, broken in two at the waist. And next to them, clutching their respective sons, are a [MASK] father and a Were mother. Who, for reasons I cannot divine, thought that bringing children here would be a good idea, and now are showing their fangs at each other. Growling. Drawing the attention of the other guests, who start to gather around them protectively. Or maybe aggressively.","""title"": ""The All Souls Trilogy: A Discovery of Witches is not a match, but the description of a Were and a [MASK] suggests a supernatural theme, possibly a match for the All Souls Trilogy's follow-up series, the World of All Souls companion series, or another book in the same genre. The most likely match is: The All Souls Trilogy companion series: Time's Convert or The World of All Souls: The Complete Guide to A Discovery of Witches, Shadow","them one away, here bawling. and each mother. [MASK] action them at who for at to would blue-eyed. around toddlers, children them, pale a the sons, attention their I protectively. Who, the and a Were. two thought reasons gather clutching and with aggressively. and eyes, maybe a lies broken father dark start other bringing Growling. showing be divine, their They to are figure, waist. other. blue good respective are of guests, are a idea, cannot other next a Between short and Were are A that now Drawing And fangs in superhero two the A distance skin lilac Or [MASK] children dark the","""title"": ""Twilight"", ""author"": ""Stephenie Meyer"""
"“It’s all good,” [MASK] says. Calm. Reassuring. Not to the father, but to the child. As he holds out the intact action figure—not broken, after all.","""title"": ""The Corrections"", ""author"": ""Jonathan Franzen""","but action after Calm. child. good,” all says. As he father, to broken, holds “It’s figure—not out the Not Reassuring. all. [MASK] to intact the the","""title"": ""The Road"", ""author"": ""Cormac McCarthy"""
"“Anything you’d like to say?” [MASK] asks, this time to the Were child. The boy blinks several times before looking at the ground with a pout.","""title"": ""The Mortal Instruments: City of Bones"", ""author"": ""Cassandra Clare""","asks, time you’d child. The [MASK] to times boy say?” looking with this Were pout. to blinks before the like the “Anything ground at several a","""title"": ""To Kill a Mockingbird"", ""author"": ""Harper Lee"""
"“Make sure it doesn’t happen again. Tell the others, too,” he quietly orders the ginger and the older Were, who nod and leave to mix with the guests. [MASK] sighs, and I wait for a handful of seconds, hoping he’ll join them and clear my way.","""title"": ""Twilight"", ""author"": ""Stephenie Meyer""","ginger for them doesn’t “Make Were, way. and others, happen he’ll who mix handful the quietly nod guests. [MASK] older I and it orders and and the my with again. clear seconds, Tell hoping wait the to sighs, of too,” sure leave join a the he","""title"": ""The Catcher in the Rye"", ""author"": ""J.D. Salinger"""
"“I know you’re there,” he says, not looking at anyone in particular. I have no idea who he’s addressing until he adds, “Come down, Miss [MASK].”","""title"": ""Twilight"", ""author"": ""Stephenie Meyer""","anyone at you’re “I Miss looking particular. down, says, [MASK].” in who “Come he know not until I adds, no have addressing he’s idea he there,”","""title"": ""Pride and Prejudice"", ""author"": ""Jane Austen"""
"No, we Vampyres don’t pulverize in the sun like glitter bombs. Sunlight burns us and it hurts, but it won’t kill us unless the exposure is unfiltered and prolonged. However, we are pretty useless in the middle of the day, even inside. Lethargic and weak and crawly and headachy, especially during late spring and summer, when the rays hit at that pesky steep angle. “This crepuscularity of yours is really cramping my brunch lifestyle,” [MASK] used to say. “Also, the fact that you don’t eat.”","""title"": ""Let the Right One In"", ""author"": ""John Ajvide Lindqvist""","lifestyle,” crawly useless brunch the when No, burns angle. of and the late weak unless exposure say. and and pretty at pulverize the of “Also, are cramping unfiltered However, like and day, it inside. used the [MASK] pesky Vampyres won’t headachy, sun glitter steep us us and really crepuscularity don’t summer, is middle we we it and especially is the don’t even prolonged. eat.” hit in spring to Lethargic yours the rays “This kill fact hurts, bombs. that Sunlight during in that my you but","""title"": ""Dracula"", ""author"": ""Bram Stoker"""
"[MASK] sighs, and rolls her eyes, and pouts like she was asked to file a tax return, but eventually she does leave, sneaking me an impish smile. My sleep-addled brain briefly considers returning it, then recalls that I let my fangs regrow.","""title"": ""Dead and Loving It"", ""author"": ""Charlaine Harris""","sleep-addled was she asked eyes, like it, rolls brain that tax regrow. my and me a returning I does fangs considers return, file leave, impish then and briefly an let her she My recalls pouts eventually sneaking sighs, [MASK] to smile. but","""title"": ""Twilight"", ""author"": ""Stephenie Meyer"""
"“It will be different here.” Her eyes move from mine and trace the contours of the room, still a mess of moving boxes and piles of clothes. Her gaze hiccups on the bare mattress, now stripped of the sheets and blankets that I dragged inside the closet, then stops on the only thing I put up on the wall: a Polaroid of me and [MASK] looking away from the camera during that sunset lake tour we did two years ago. Some guy took it without asking, while we were dangling our feet in the water. Then he showed it to us and said he’d only return it if one of us gave him our number. We did the only logical thing: caught him in a headlock and forcibly took the photo.","""title"": ""It Ends with Us"", ""author"": ""Colleen Hoover""","we only the return the stripped us will the dangling we in a from the showed our ago. the hiccups mess one I him said me and logical thing clothes. trace of “It wall: room, of number. us the bare inside he’d a did guy stops took away that thing: Her did asking, it and then the caught be now We a different dragged closet, during on water. still looking without and it of lake only feet mattress, tour of eyes it moving Then contours gave of sunset to Some and he our from headlock camera years that in of were Polaroid mine on gaze forcibly and him if while two the up the [MASK] the piles on put Her and move here.” took blankets photo. I the only sheets boxes","""title"": ""The Perks of Being a Wallflower"", ""author"": ""Stephen Chbosky"""
"No shit. “And I don’t know you enough to make a judgment. Your jeans are cool, though.” Riveting conversation, but I’m about to pass out. Thankfully, with one last withering look, [MASK] leaves.","""title"": ""Eleanor &amp; Park"", ""author"": ""Rainbow Rowell""","know conversation, to leaves. to last “And look, No Riveting Your withering make about I pass shit. judgment. with I’m jeans one though.” a [MASK] but enough Thankfully, cool, don’t out. you are","""title"": ""Looking for Alaska"", ""author"": ""John Green"""
"The corner of my eye catches a hint of movement. I turn, half expecting [MASK] to make a comeback, but it’s just Serena’s goddamned fucking cat, stretching his way out from under the bed.","""title"": ""Gone Girl"", ""author"": ""Gillian Flynn""","make a out expecting bed. of from [MASK] cat, turn, eye I movement. to his of under but the fucking corner way stretching goddamned Serena’s my comeback, a it’s hint half just The catches","""title"": ""The Sound and the Fury"", ""author"": ""William Faulkner"""
"Growing up collecting attempted murders like milk teeth tempered me and taught me to be calm under pressure. And yet I still remember it, that first churning twist in my stomach when [MASK] didn’t turn up to my place for laundry night. Didn’t reply to my texts. Didn’t pick up the phone. Didn’t call in sick to work, and simply stopped showing up. It felt a lot like fear.","""title"": ""The Last Time I Lied"", ""author"": ""Riley Sager""","my turn showing like my up texts. pressure. to twist still taught to a for first work, simply night. under when [MASK] milk the reply that be teeth up laundry collecting didn’t up attempted Didn’t churning to stopped call place me my and it, pick fear. up. yet felt And stomach sick Growing in calm Didn’t lot remember like tempered and me in It Didn’t to I murders phone.","""title"": ""The Girl on the Train"", ""author"": ""Paula Hawkins"""
"“A few days? She still wouldn’t let the little asshole starve,” I hurried to add, but the officer had already dropped his pen. And even though I went back to the station three times that week, and eventually managed to get a missing person report filed, no one did anything to find [MASK]. The hazard, I guess, of being alone in the world: no one to care that she was safe, and healthy, and alive. No one but me, and I didn’t count. I shouldn’t have been surprised, and I wasn’t. But apparently I still had the capacity to feel hurt.","""title"": ""The Girls"", ""author"": ""Emma Cline""","a back “A still shouldn’t and three guess, capacity count. But I I to but alive. had to anything station feel missing in I starve,” I one let hurt. and and to the eventually was went have week, did she officer the And surprised, I pen. find report care me, to person been wouldn’t filed, safe, his that I days? the no one alone hurried hazard, add, She wasn’t. and already to times apparently that world: of the one healthy, [MASK]. little to had even no I but being still few No the though get managed and dropped The asshole didn’t","""title"": ""The Girl with the Dragon Tattoo"", ""author"": ""Stieg Larsson"""
"Because no one cared whether I was safe, or healthy, or alive. No one but [MASK]. The sister of my heart, if not of my blood. And even though I’d been plenty alone, I’d never felt so lonely as after she was gone.","""title"": ""The Hunger Games"", ""author"": ""Suzanne Collins""","my of as not felt was though The if no heart, blood. alive. but I’d or whether gone. No even been Because cared so never my safe, one was of I alone, And plenty [MASK]. I’d she after one healthy, or lonely sister","""title"": ""Jane Eyre"", ""author"": ""Charlotte Brontë"""
"I had the keys, after all. Because the key to everything is but a line of code. I was able to rifle through her bank statements, IP addresses, cell phone locations. Herald emails, metadata, app usage. [MASK] was a journalist, one who wrote about delicate financial stuff, and the most likely option was that she’d gotten embroiled in something fishy while working on a story, but I wasn’t going to exclude other possibilities. So I went through everything, and found . . . nothing.","""title"": ""The Circle"", ""author"": ""Dave Eggers""","in financial all. was delicate was stuff, . everything, a metadata, bank Because app and IP that a wrote option rifle . keys, likely nothing. I she’d key cell addresses, through working her the I going the is about had other journalist, Herald phone fishy something story, everything code. exclude . emails, after [MASK] possibilities. through wasn’t one but and So I to while gotten usage. to the on statements, embroiled line most locations. I who went able a of found was to but","""title"": ""No Way to Go: In Ten Years, Everything Will Be Over for Humankind. Here Is the Only Solution"", ""author"": ""Paul Ehrlich"""
"And that’s when I did it: I kneeled in front of [MASK]’s damn fucking cat. He was playing like he always did after dinner, pawing at a crumpled receipt in a corner of the living room, but managed to squeeze a couple of hisses into his busy schedule just for me. “Listen.” I swallowed. Rubbed my hand on my chest and then even slapped it, trying to dull the ache. “I know you only knew her for a few days, but I really, really . . .” I scrunched my eyes shut. Oh fuck, this was hard. “I don’t know how it happened, but I think that [MASK] might be . . .”","""title"": ""A Little Life"", ""author"": ""Hanya Yanagihara""",". for schedule .” of this to scrunched . kneeled I damn Rubbed eyes “I my at a but “I few don’t of I but her when was I after his think it, couple hand you a only I on like happened, and be fuck, then really, shut. slapped a . that’s chest know swallowed. cat. even the ache. did it: me. for my might days, dull corner dinner, squeeze to he fucking trying was . receipt know a but the [MASK] in did it I really that I pawing managed into how hisses busy crumpled my .” living He room, “Listen.” Oh [MASK]’s always just playing in of hard. And knew front","""title"": ""Conversations with Friends"", ""author"": ""Sally Rooney"""
"The receipt, which wasn’t a balled-up receipt at all. It was a piece of paper torn from a journal, or perhaps a notebook, or—no. A planner. [MASK]’s incredibly outdated planner.","""title"": ""Where'd You Go, Bernadette"", ""author"": ""Maria Semple""","a which of [MASK]’s a notebook, from receipt all. a paper at journal, planner. The wasn’t A It piece was a torn planner. outdated balled-up perhaps incredibly receipt, or—no. or","""title"": ""The Perks of Being a Wallflower"", ""author"": ""Stephen Chbosky"""
"Or maybe not quite. A distant bell rang, reminding me of a game [MASK] and I used to play as kids, a primitive substitution cipher we made up to gossip freely in front of our caregivers. We’d named it the butterfly alphabet, and it mostly consisted of adding b- and f- syllables to normal words. Nothing complicated: even rusty as I was, it took my brain only a few seconds to untangle it. And once I was done, I had something. I had three whole words:","""title"": ""The Three-Body Problem"", ""author"": ""Liu Cixin""","only had play my named butterfly and reminding done, we untangle I something. consisted seconds I was And kids, I adding of We’d words. a quite. distant to words: rang, brain Or it freely used as a I complicated: a was, me A cipher syllables had even maybe took bell of and primitive few in normal front it gossip game to once made it. f- to our b- rusty whole three Nothing caregivers. as [MASK] I to alphabet, not it substitution and the mostly of up","""title"": ""The Goldfinch"", ""author"": ""Donna Tartt"""
"I didn’t scream, or cry, or attack that old hag. I was paralyzed, unable to function properly for the rest of the night, and only started processing what had happened when I got home and told [MASK], who was furious on my behalf and demanded a promise from the caregiver on shift: that I would never be forced to attend a similar function again.","""title"": ""The Glass Castle"", ""author"": ""Jeannette Walls""","shift: from [MASK], similar the behalf old the was when that unable that to attend furious demanded paralyzed, function and got to caregiver happened scream, was told didn’t would night, who forced started the processing had I a properly never or cry, on function and I home attack promise I be of or a again. what only and I rest on my for hag.","""title"": ""Prozac Nation"", ""author"": ""Elizabeth Wurtzel"""
"“Yes, thank you.” He nearly slumps in relief. “And, um, there are no blood banks that cater to [MASK] in the area, because, well—”","""title"": ""Twilight"", ""author"": ""Stephenie Meyer""","“And, [MASK] nearly the area, to um, slumps well—” there thank in in are cater blood no banks that because, you.” relief. “Yes, He","""title"": ""The Sound and the Fury"", ""author"": ""William Faulkner"""
"“Are you one of his seconds?” I ask [MASK], turning away from the waves lapping at the pier. “More— Lowe’s, I mean.”","""title"": ""The Sea-Wolf"", ""author"": ""Jack London""","I [MASK], of “Are “More— the seconds?” waves away ask one from the I Lowe’s, mean.” pier. at turning you his lapping","""title"": ""The Old Man and the Sea"", ""author"": ""Ernest Hemingway"""
"[MASK] mulls it. “Yes and no. There are some instincts that take over in that form, more than they otherwise would. The impulse to hunt, for instance, is very powerful. To chase a scent, track down an enemy. That’s why you maybe shouldn’t venture out alone to . . .”","""title"": ""Twilight"", ""author"": ""Stephenie Meyer""","no. to maybe than is an would. and The To down take a [MASK] in chase why more .” instance, powerful. otherwise alone are scent, some venture you over very “Yes track it. to form, There instincts . . That’s mulls impulse for they hunt, that out shouldn’t enemy. that","""title"": ""The Hunger Games"", ""author"": ""Suzanne Collins"""
[MASK] lets out a startled laugh. “He is the most powerful Were I’ve ever seen. And that my grandfather has ever seen—and he’s seen many Alphas.”,"""title"": ""Shiver"", ""author"": ""Maggie Stiefvater""",Were my seen seen. “He powerful I’ve startled Alphas.” he’s out most lets that ever a the many And is grandfather seen—and has laugh. [MASK] ever,"""title"": ""The Darkest Minds"", ""author"": ""Alexandra Bracken"""
"[MASK]’s face flashes through my head. She’s rolling her eyes because I’m wearing a galaxy T-shirt I got for free when I bought a lava lamp. Who wears this, Misery? No—who buys a lava lamp?","""title"": ""Misery"", ""author"": ""Stephen King""","her a when lamp? T-shirt wearing I’m rolling because this, buys Misery? No—who a got through eyes lamp. lava face galaxy lava Who She’s free I head. bought flashes [MASK]’s wears a I for my","""title"": ""Misery"", ""author"": ""Stephen King"""
"“Except, now I live here.” I play with my silver wedding band—a habit I’ve picked up in less than twenty-four hours. I’ve never been much for jewelry, but maybe I’ll keep it when I find [MASK] and this is over. Or buy one of those mood rings that think Vampyres are always sad because our body temperature is low. “Why?”","""title"": ""Dead Until Dark"", ""author"": ""Charlaine Harris""","[MASK] low. those less now maybe “Why?” always when in I’ll find twenty-four one temperature band—a I I’ve I play “Except, silver mood is live hours. with think sad rings keep that never for than over. our it I body jewelry, up Vampyres is wedding been much and are but this of Or because I’ve picked here.” buy habit my","""title"": ""Twilight"", ""author"": ""Stephenie Meyer"""
"The first time I searched [MASK] for [MASK]. E. [MASK], I found two things: a semi-defunct GeoCities website promoting a [MASK] defunct [MASK] estate agent, and the infinite vastness of nothing.","""title"": ""The Circle"", ""author"": ""Dave Eggers""","[MASK] vastness GeoCities a I promoting [MASK] E. website things: infinite [MASK]. The a first the searched time and [MASK], estate nothing. agent, semi-defunct for I [MASK] found defunct two of","""title"": ""You Are Not a Gadget"", ""author"": ""Jaron Lanier"""
"Deep in a Human server with ties to the governor’s office, hidden in a memo locked behind a bewildering number of passwords, I discovered a communication regarding a summit that had occurred a couple of weeks earlier. Around the time [MASK] hadn’t shown up for laundry night.","""title"": ""Ready Player One"", ""author"": ""Ernest Cline""","ties locked Deep behind office, in hidden to couple server occurred hadn’t the regarding bewildering passwords, a for a a with governor’s Around earlier. time number of had Human in the a night. discovered [MASK] I that laundry of a communication up summit memo weeks shown a","""title"": ""The Brethren"", ""author"": ""John Grisham"""
"“What’s the plan?” [MASK] would ask if she were here, even though the little schemes she hatched never worked out. She liked the vibe of organizing more than the actual job of it, and my usually impervious heart clenches a little at the thought that I cannot call her out on it.","""title"": ""The Fault in Our Stars"", ""author"": ""John Green""","the of clenches she would “What’s the the actual never it. the thought of liked my than even organizing her hatched job she I impervious [MASK] if were and little heart out ask schemes plan?” though it, worked call She more usually a little the vibe here, cannot out. at on that","""title"": ""Eleanor Oliphant is Completely Fine"", ""author"": ""Gail Honeyman"""
"“I didn’t think [MASK] could be beautiful.” There’s nothing complimentary about his words. He’s neither hitting on me, nor attempting to creep me out. Just stating a simple fact, followed by another step toward me, and I’m suddenly very conscious that I’m at the end of a hallway. He stands between me and the exit.","""title"": ""Divergent"", ""author"": ""Veronica Roth""","I’m that Just be very beautiful.” could He’s about neither and the nor stands I’m [MASK] a on by step conscious He the hitting stating me followed complimentary end attempting exit. me, There’s hallway. “I words. creep fact, nothing suddenly simple at think of another toward a me, his me to and between didn’t out.","""title"": ""Twilight"", ""author"": ""Stephenie Meyer"""
"“I doubt it.” I want to put a door between myself and [MASK], but the only one I can reach is Lowe’s office—locked. I glance around for another escape route, but all I find is a giraffe painting of questionable quality.","""title"": ""Verity"", ""author"": ""Colleen Hoover""","“I the doubt only reach I one glance route, can questionable [MASK], I all myself escape Lowe’s around for of it.” put want painting but office—locked. to a door giraffe quality. is is find I another I but between and a","""title"": ""The Sound and the Fury"", ""author"": ""William Faulkner"""
"“Remember what your people have taken from him. It’s almost as much as they’ve taken from me. And yet he’s making alliances with them like a common traitor. He married you, and said that you’re not to be harmed.” [MASK] runs a hand over his dark hair, and then shakes his head in what looks like disbelief. He looks so deeply lost, I forget my unease and ask:","""title"": ""A Court of Thorns and Roses"", ""author"": ""Sarah J. Maas""","said yet [MASK] in so your my be a common and his lost, It’s “Remember alliances ask: almost me. he’s dark looks taken He from what harmed.” that making as I they’ve you’re like and have and over shakes traitor. hand to not deeply He what as looks married taken people much you, his runs head them like hair, And forget unease him. from a disbelief. with then","""title"": ""Harry Potter and the Order of the Phoenix"", ""author"": ""J.K. Rowling"""
"A pair of hands a million times stronger than [MASK]’s yanks me away. What happens next is too blurry to parse, but a moment later, I’m the one sandwiched against the opposing wall. My back digs into the frame of the giraffe painting, and my front presses against something just as unyielding, but warm.","""title"": ""It Ends with Us"", ""author"": ""Colleen Hoover""","me away. next painting, back the frame just the than one a against hands I’m but and parse, later, into something million happens giraffe presses unyielding, warm. stronger but my as What sandwiched blurry [MASK]’s is My front to yanks of opposing digs the the too of wall. against moment times A pair a","""title"": ""The Particular Sadness of Lemon Cake"", ""author"": ""Aimee Bender"""
"“[MASK] came over, saw me, decided to indulge in some light afternoon murder.” I shrug. “That, I’m used to. It’s the subsequent lying that—”","""title"": ""The Dresden Files series, possibly Grave Peril"", ""author"": ""Jim Butcher""","shrug. lying subsequent the over, came used “That, to light I’m to. in I “[MASK] indulge me, afternoon decided saw that—” murder.” some It’s","""title"": ""The Murder on the Orient Express"", ""author"": ""Agatha Christie"""
“Leave us.” Lowe’s sharp voice reminds us that we’re not alone in the room. We turn at once. And we’re equally shocked to see that he’s addressing [MASK].,"""title"": ""Divergent"", ""author"": ""Veronica Roth""",that And in see that turn addressing he’s us once. the we’re not We us.” reminds [MASK]. we’re shocked equally Lowe’s to voice “Leave room. sharp at alone,"""title"": ""The Shining Girls"", ""author"": ""Lauren Beukes"""
"This situation is a problem. The Collateral is supposed to be a nonplayable character in a video game. For the next year, I need to be invisible, unobtrusive as I search for [MASK]. Not the kind of nuisance who gets caught murdering a young Were.","""title"": ""Dresden Files series, possibly 'Changes' or 'Ghost Story' or 'Cold Days'"", ""author"": ""Jim Butcher""","unobtrusive a the of problem. nuisance murdering in Were. The a Not situation supposed to is game. who a be video the be This Collateral to nonplayable kind year, invisible, For character next gets as is I a [MASK]. search for need I young caught","""title"": ""Ready Player One"", ""author"": ""Ernest Cline"""
"His eyebrow lifts. “I’m sure you have some excellent advice on where else I should house the daughter of the most powerful [MASK] in the council, who’s apparently a fearsome fighter in her own right.”","""title"": ""A Court of Thorns and Roses"", ""author"": ""Sarah J. Maas""","council, fearsome most of where in His the house excellent sure the have “I’m powerful a eyebrow her you apparently some own on who’s in advice daughter should lifts. the [MASK] else right.” I fighter","""title"": ""The Mortal Instruments: City of Bones"", ""author"": ""Cassandra Clare"""
"It’s amusing to me, the idea that someone who has skimmed a synopsis of my life would assume I’ve had any sort of romantic entanglement. With whom? A [MASK], when they only see me as a traitor? A Human, who would consider me a monster?","""title"": ""The Lunar Chronicles: Fairest"", ""author"": ""Marissa Meyer""","Human, A would a to who entanglement. monster? me whom? synopsis would a romantic when see as [MASK], has skimmed life me they the idea A that me, consider traitor? of had sort someone amusing With It’s a I’ve of any assume only my who","""title"": ""Frankenstein"", ""author"": ""Mary Shelley"""
"There might be something stunted about me. After the Collateral term was over, [MASK] and I were free to venture into the outside world, to be with people who weren’t our tutors or our caregivers, to fall in love and make friends. [MASK] jumped right into that, but I could never bring myself to. Partly because the closer I’d let someone get to me, the harder it’d be to hide who I was. Or maybe spending the first eighteen years of my life becoming acquainted with the cruelty of all species didn’t quite set me up for a bright future.","""title"": ""The Darkest Minds"", ""author"": ""Alexandra Bracken""","After first for closer the to Collateral bright maybe to. be love cruelty who [MASK] be the because someone years didn’t I our the let quite into make weren’t could to get venture to to never up with acquainted hide myself [MASK] was. who term tutors harder I’d species There was people Partly life Or stunted and outside it’d were the jumped or right of in I the our free might that, be bring of spending a friends. and I world, me. into me over, about to set fall becoming eighteen the my all with but future. something caregivers, me,","""title"": ""The Perks of Being a Wallflower"", ""author"": ""Stephen Chbosky"""
"“But then you’d get mad because Father and I weren’t paying attention to you, and wander off on your own, grumbling about the oddest things. Let me know if that changes. Have you been talking with the Were Collateral? Has she mentioned anything about [MASK]?”","""title"": ""The Dresden Files series, possibly 'Changes' or 'Ghost Story' or 'Cold Days'"", ""author"": ""Jim Butcher""","oddest on been know Were if you, because she with mentioned attention and about weren’t and “But own, me your paying anything that off wander grumbling Let things. you changes. to then [MASK]?” Has the get you’d talking Have about mad Collateral? Father the I","""title"": ""The Catcher in the Rye"", ""author"": ""J.D. Salinger"""
"“That’s a bad word,” [MASK] says, giggling in a delighted, tickled way that has me feeling like an improv genius. She’s flattering company. “What’s your name?”","""title"": ""Conversations with Friends"", ""author"": ""Sally Rooney""","me giggling “What’s tickled improv name?” delighted, your like a bad [MASK] company. that feeling She’s a word,” way genius. says, in has flattering an “That’s","""title"": ""Eleanor Oliphant is Completely Fine"", ""author"": ""Gail Honeyman"""
"It feels like the middle of the night when [MASK] yawns and decides it’s time to go back to her room. “My cat is waiting for me, anyway.”","""title"": ""The Perks of Being a Wallflower"", ""author"": ""Stephen Chbosky""","cat is the anyway.” feels night it’s to back the like middle for her “My to when decides [MASK] time go of me, waiting It yawns and room.","""title"": ""The Cat in the Hat"", ""author"": ""Dr. Seuss"""
"I follow her progress, terrified, wondering if this is motherhood: anxiously picturing your child with her skull cracked open. But [MASK] knows exactly what she’s doing, and when she has hoisted herself on top of the roof and disappeared from my view, I’m left alone with two separate pieces of knowledge:","""title"": ""The Female Persuasion"", ""author"": ""Meg Wolitzer""","my herself with this of the cracked hoisted roof exactly view, two knowledge: is knows doing, her pieces what she left picturing motherhood: disappeared But and alone has of your separate wondering terrified, and [MASK] top from her if follow with when progress, I on child open. skull anxiously I’m she’s","""title"": ""The Bell Jar"", ""author"": ""Sylvia Plath"""
"It’s a barbecue, or a potluck, or a cookout—I never quite got the difference, despite Serena’s explanations on the nuances of Human social get-togethers. [MASK] don’t really build community this way, by assembling without an agenda. Our friendships are alliances. I didn’t encounter the concept of hanging out, of spending time with someone for the sake of it, until my Collateral years.","""title"": ""The Three-Body Problem"", ""author"": ""Liu Cixin""","barbecue, really concept I difference, spending encounter out, sake alliances. a years. or agenda. [MASK] quite community with of of despite someone never Our of until the by don’t the this Serena’s social didn’t time explanations friendships are an without hanging way, build It’s it, Collateral a of or get-togethers. potluck, my a assembling Human got nuances for the cookout—I the on","""title"": ""Is Everyone Hanging Out Without Me? (And Other Concerns)"", ""author"": ""Mindy Kaling"""
"He’s separate from the rest of the crowd, on the outskirts of the beach, where the sand first turns into shrubs, then thickens with forest trees. At first glance, I don’t think much of it: unlike most of the partygoers, he’s wearing a long-sleeved shirt and jeans, but hey. I’ve been a self-conscious teen before, trying to hide with clothes the way I’d shot up about six inches in three months. And melanoma is evil, according to [MASK].","""title"": ""The Perks of Being a Wallflower"", ""author"": ""Stephen Chbosky""","the up in first on evil, turns the then thickens wearing according hide inches months. clothes been about the At and rest I’ve a shirt six don’t with And crowd, partygoers, into He’s shrubs, trees. [MASK]. of he’s to a separate way jeans, trying I’d before, the long-sleeved first it: from think unlike the the I glance, much to teen shot forest where beach, of melanoma hey. outskirts with but of self-conscious of sand three the most is","""title"": ""The Perks of Being a Wallflower"", ""author"": ""Stephen Chbosky"""
"Except. Something pulls me back to the window. I don’t like it. The way he’s talking to [MASK], pointing at someplace I cannot see, someplace between the trees. [MASK] shakes her head—no. But he seems to insist, and . . .","""title"": ""The Hunger Games"", ""author"": ""Suzanne Collins""","someplace it. I he . shakes trees. to I seems [MASK] back . insist, The cannot pulls he’s her [MASK], at to don’t But someplace window. to head—no. the talking the me Something see, pointing Except. between and way like .","""title"": ""The Perks of Being a Wallflower"", ""author"": ""Stephen Chbosky"""
"He’s probably in the restroom, and I consider looking for him there. Then decide there’s no time. A couple of stray neural cells lurch awake to point out that this is the perfect time for me to break into Lowe’s office and search for intel on Serena. The remaining 99 percent of my brain, sadly, is focused on [MASK].","""title"": ""The Handmaid's Tale"", ""author"": ""Margaret Atwood""","focused for looking Lowe’s in perfect He’s I decide my and him couple restroom, on on The Then the remaining to probably is there. Serena. for the search stray and there’s brain, neural awake consider point into cells time. office for to time no is percent of lurch this out [MASK]. break that intel of sadly, A 99 me","""title"": ""Gone Girl"", ""author"": ""Gillian Flynn"""
"“Let me go,” [MASK] whines. Like me, he’s sitting on a couch. Unlike me, his hands are tied behind his back, and he’s being watched by several guards with the kind of icy treatment one would reserve for someone who tried to kidnap a child.","""title"": ""The Hunger Games"", ""author"": ""Suzanne Collins""","Unlike his are who for and the [MASK] me back, he’s reserve by kidnap me, behind he’s one tried kind would being me, tied treatment on “Let watched go,” a with Like guards someone his a child. whines. to of hands couch. icy sitting several","""title"": ""The Girl with the Dragon Tattoo"", ""author"": ""Stieg Larsson"""
"I’m not quite sure what he wants to know, so I go for what feels right. “[MASK] has been visiting,” I say, matching his tone. “She keeps me company, and even though she’s terrible at pronouncing my name and clearly doesn’t know whether she’s six or seven . . .” I swallow. “I’d rather she doesn’t get, you know. Kidnapped and trafficked.”","""title"": ""The Girl with the Dragon Tattoo"", ""author"": ""Stieg Larsson""","sure at tone. Kidnapped even she feels “[MASK] keeps and go she’s doesn’t or me . his say, what know has pronouncing been to you what she’s not my and he clearly name get, though for know, .” so I’m quite matching right. rather I trafficked.” I . terrible doesn’t six visiting,” whether know. and I swallow. “She “I’d seven wants company,","""title"": ""Gone Girl"", ""author"": ""Gillian Flynn"""
"I let his words churn around me for several minutes after he leaves, wondering whether he’s right. When they grind to a stop, I know he isn’t: I did have a home, and her name was [MASK].","""title"": ""The Fault in Our Stars"", ""author"": ""John Green""","after churn I have around he know they isn’t: I he to When leaves, grind a for name minutes her stop, and his words whether let right. was he’s a several I me wondering home, did [MASK].","""title"": ""To Kill a Mockingbird"", ""author"": ""Harper Lee"""
"The sun is setting, but I don’t turn on the lights. Lowe’s desk is given away by [MASK]’s grinning picture. I tiptoe there, kneel in front of the keyboard, and start messing around.","""title"": ""The Perks of Being a Wallflower"", ""author"": ""Stephen Chbosky""","given there, picture. by setting, don’t is [MASK]’s on is messing I tiptoe I desk turn the in around. keyboard, front and of kneel but sun Lowe’s grinning away The the lights. start","""title"": ""The Perks of Being a Wallflower"", ""author"": ""Stephen Chbosky"""
"And this wolf’s . . . This wolf’s fangs could win contests. Rule civilizations. Get their owner engaged, married, and very much laid at any [MASK] party. And they could shred me into M&M’s.","""title"": ""Twilight"", ""author"": ""Stephenie Meyer""","civilizations. very could . me this any This wolf’s they much And could into . win Rule married, Get wolf’s engaged, their And and shred laid owner at M&M’s. . fangs [MASK] contests. party.","""title"": ""The Wolf of Wall Street"", ""author"": ""Jordan Belfort"""
"“Come in,” he orders, and I cannot comprehend how I didn’t notice [MASK] idling by the door. Too busy contemplating my imminent demise, probably. “Can you figure out what she was doing?”","""title"": ""Harry Potter and the Deathly Hallows"", ""author"": ""J.K. Rowling""","imminent was door. in,” how demise, out I Too notice orders, she the contemplating I doing?” you he busy idling figure “Come didn’t what and [MASK] “Can probably. my comprehend by cannot","""title"": ""Pride and Prejudice"", ""author"": ""Jane Austen"""
"“She—very astutely, I must say, and with only very primitive tools at her disposal—hacked into our servers,” [MASK] announces. A little admiringly, which is flattering.","""title"": ""The Circle"", ""author"": ""Dave Eggers""","A is announces. servers,” astutely, must [MASK] only tools disposal—hacked at flattering. into with little “She—very I which and our say, primitive her admiringly, very","""title"": ""The Diamond Age"", ""author"": ""Neal Stephenson"""
“Yup. I’m the leader of our security team.” He sounds distracted as he combs through my code. Whatever fear he had when we were alone doesn’t hold if his [MASK]’s present.,"""title"": ""Ready Player One"", ""author"": ""Ernest Cline""",team.” we fear if present. combs his the my code. when Whatever He as security alone he [MASK]’s through had “Yup. distracted doesn’t leader were of hold he I’m sounds our,"""title"": ""Ready Player One"", ""author"": ""Ernest Cline"""
"“Nice job.” Weird, how I’m having a conversation with [MASK] but staring up into Lowe’s eyes. About an inch from mine. “It’s pretty impenetrable.”","""title"": ""Twilight"", ""author"": ""Stephenie Meyer""","how “Nice impenetrable.” Lowe’s having job.” a with pretty mine. staring from [MASK] I’m up an inch but Weird, eyes. into About “It’s conversation","""title"": ""Conversations with Friends"", ""author"": ""Sally Rooney"""
"“I have to consider this as an act of aggression on behalf of your father and the rest of the [MASK] council. They sent a plant into Were territory under the guise of Collateral.” His jaw hardens. “And your scent—they tampered with it, didn’t they? They knew it would distract me—”","""title"": ""A Court of Thorns and Roses"", ""author"": ""Sarah J. Maas""","aggression father territory a [MASK] jaw “And into of Collateral.” behalf distract to plant me—” hardens. act guise would on tampered and your an His have they? the with knew Were sent didn’t of the scent—they of rest They this of council. “I under They as your it the it, consider","""title"": ""The Hunger Games"", ""author"": ""Suzanne Collins"""
"[MASK] stamps a kiss on Lowe’s cheek, mutters something delighted about how prickly it is, and then slips out in a flurry of blue and pink fabric. My eyes stay with her, and then on the ajar door, long after she disappears.","""title"": ""Eleanor Oliphant is Completely Fine"", ""author"": ""Gail Honeyman""","disappears. and slips after flurry My it long her, [MASK] stay is, Lowe’s stamps on a she cheek, then in and kiss something a door, pink out on mutters how of then about fabric. the delighted eyes and ajar blue prickly with","""title"": ""The Sound and the Fury"", ""author"": ""William Faulkner"""
"“You thought I had a martyrdom complex?” I hug my legs to my chest, watching his lips as they close around the rim of his mug. “I have no allegiance to the [MASK]. Or the Humans, with a single exception. And I’m going to find her.”","""title"": ""The Host"", ""author"": ""Stephenie Meyer""","close thought I complex?” Or “I his have to [MASK]. to the to no Humans, mug. single I’m of legs his as her.” lips martyrdom And with they my had find the chest, hug exception. rim allegiance the going a around my a “You watching I","""title"": ""The Hitchhiker's Guide to the Galaxy"", ""author"": ""Douglas Adams"""
"[MASK] loved berries, and I tried memorizing their names, but they’re so counterintuitive. Blueberries? Not blue. Blackberries? Not black. Strawberries? Straw free. Raspberries? Do not rasp, or make any noise at all. I could go on.","""title"": ""Is Everyone Hanging Out Without Me? (And Other Concerns)"", ""author"": ""Mindy Kaling""","black. tried memorizing at Blueberries? and they’re Straw Do all. [MASK] not make their on. any Not Raspberries? rasp, blue. I Blackberries? could free. but names, loved go I so Not berries, Strawberries? counterintuitive. or noise","""title"": ""The Areas of My Expertise"", ""author"": ""John Hodgman"""
"He takes out two slices of bread. His forearms are strong, large muscles interrupted by the occasional white scar. “If Were business is involved, you might not know what you’re looking for. I’ll have you talk with [MASK] and hand them over to—”","""title"": ""The Dresden Files series, possibly Grave Peril"", ""author"": ""Jim Butcher""","large by over strong, not interrupted you’re business He looking muscles involved, out the is slices Were occasional forearms takes have might [MASK] you I’ll them are two talk for. His to—” with scar. what know white hand “If bread. of you and","""title"": ""The Picture of Dorian Gray"", ""author"": ""Oscar Wilde"""
"“I can only protect [MASK] if I know where the threats against her are coming from.” He leans forward across the table. The scent of his blood is like a wave lapping at my skin. “I’m not like your father, Misery.”","""title"": ""Misery"", ""author"": ""Stephen King""","coming the lapping blood is know forward leans protect like are threats skin. I against table. “I father, at if his [MASK] Misery.” The scent “I’m not of like wave from.” her the He where across a my can your only","""title"": ""It"", ""author"": ""Stephen King"""
"I know what Vampyres smell like, what their needs and limitations are. And [MASK] is not one of us. Which leaves one single other possibility.","""title"": ""Twilight"", ""author"": ""Stephenie Meyer""","[MASK] like, are. one their smell not Which single Vampyres limitations one what needs of what know leaves possibility. is other And I and us.","""title"": ""Dracula"", ""author"": ""Bram Stoker"""
"“I was living in Europe when my mother was injured, but immediately flew back. When it became obvious that she might not make a recovery, she told me about [MASK]’s biological father.”","""title"": ""The Girl on the Train"", ""author"": ""Paula Hawkins""","[MASK]’s injured, father.” “I flew immediately a When might it back. was mother that make my living she me but recovery, Europe obvious was not told biological became in when about she","""title"": ""The Liars' Club"", ""author"": ""Mary Karr"""
"His mouth curves infinitesimally, like he’s tempted to do just that, and I smile, too. Our eyes hold for a beat before he continues: “[MASK] doesn’t know who her real father is.”","""title"": ""Twisted Love"", ""author"": ""A.M. Winters""","before and smile, “[MASK] her beat mouth that, infinitesimally, real hold do know is.” who too. continues: tempted eyes I a just like His he’s father Our doesn’t to he for curves","""title"": ""The Sound and the Fury"", ""author"": ""William Faulkner"""
"“Or of a chicken coop, if you ask me.” I bite my lower lip, mulling it over. “Who is [MASK]’s father?”","""title"": ""To Kill a Mockingbird"", ""author"": ""Harper Lee""","a mulling if it is [MASK]’s chicken I ask coop, me.” lower “Who you over. father?” bite of lip, “Or my","""title"": ""To Kill a Mockingbird"", ""author"": ""Harper Lee"""
"“My mother never told me. My impression is that he already had a family, and that when she attempted to mention [MASK] to him, he . . .”","""title"": ""Harry Potter and the Half-Blood Prince"", ""author"": ""J.K. Rowling""",". attempted family, he mention him, is to had a she and “My told that me. mother [MASK] already when My . to that never .” impression he","""title"": ""Great Expectations"", ""author"": ""Charles Dickens"""
"“And here I was, thinking we were firmly in the reluctant alliance stage of our marriage.” I don’t mind the supervision. It’s more that [MASK] appears to be as good a hacker as I am—the one area in which I allow myself to be competitive. “Okay. Thanks,” I add, a bit sullen.","""title"": ""Ready Player One"", ""author"": ""Ernest Cline""","the firmly supervision. mind be I hacker “Okay. in am—the stage competitive. marriage.” of thinking myself don’t [MASK] I sullen. alliance add, were allow “And a Thanks,” here that was, we It’s area to one in bit as the good I be which as to appears a more our I reluctant I","""title"": ""The Circle"", ""author"": ""Dave Eggers"""
"I’m at the bottom of the stairs when [MASK] comes racing down the steps, almost crashing into me. Her eyes are full of tears, and my heart clenches. “Are you okay?” I ask, but she runs past me, straight toward her brother. She’s babbling something about bad dreams and waking up scared.","""title"": ""Harry Potter and the Order of the Phoenix"", ""author"": ""J.K. Rowling""","okay?” you of and straight into her tears, the and “Are clenches. scared. but babbling past when I’m Her I the of brother. heart my at comes stairs down me. dreams crashing are steps, almost racing full me, up [MASK] about the something ask, bad toward runs She’s eyes waking she bottom","""title"": ""Divergent"", ""author"": ""Veronica Roth"""
"And yet, I carry on. Even after overhearing [MASK] say, “Please, please, don’t let me die until I turn twenty-five or I get to visit the the Spy Museum, whatever comes first.” Yeah. He prays a lot.","""title"": ""The Fault in Our Stars"", ""author"": ""John Green""","yet, to whatever I on. “Please, say, Even or please, let die turn prays comes after lot. Yeah. overhearing I I first.” don’t the until Museum, Spy get And me visit [MASK] the carry He twenty-five a","""title"": ""The Perks of Being a Wallflower"", ""author"": ""Stephen Chbosky"""
"“I cannot begin to imagine how traumatizing it must have been for [MASK], seeing her only parent be hurt by the single Were whose authority she’d been raised to never question.”","""title"": ""Harry Potter and the Order of the Phoenix"", ""author"": ""J.K. Rowling""","her it “I to been authority been must begin the she’d have traumatizing cannot imagine be parent to hurt whose never Were raised [MASK], question.” only how seeing single by for","""title"": ""The Girl on the Train"", ""author"": ""Paula Hawkins"""
"“ ’Cause I’m a Vampyre.” She accepts the explanation. Probably because she accepts me. Like [MASK] used to, and no one else ever. I turn the page, and we’re silent for three more minutes, her breath hot and humid against my cheek.","""title"": ""Twilight"", ""author"": ""Stephenie Meyer""","hot ’Cause one and for explanation. accepts no humid she [MASK] Vampyre.” accepts against my turn the breath to, the a we’re else because me. more minutes, three page, I and used She Like cheek. I’m “ and her Probably silent ever.","""title"": ""Dracula"", ""author"": ""Bram Stoker"""
"“As it’s not hemoglobin or peanut based, nothing. So.” I clap my hands. The cicadas quiet, then resume their singing after a disoriented pause. “Tell me if I got it right: You’ll use your meeting with [MASK] as an excuse to plant some spyware or interceptor that will allow you to monitor her communications and gain proof that she’s leading the Loyals. But you are going into enemy territory alone, and have the computer skills of an octogenarian Luddite, which puts you at great risk. Actually, no need to tell me if I’m right, I already know. When are you plunging to your imminent death? Tomorrow or Friday?”","""title"": ""The Three-Body Problem"", ""author"": ""Liu Cixin""","will as the that if clap or into it’s nothing. peanut and some after if and to gain which use risk. great enemy you an got based, with at leading plunging me “As Tomorrow not octogenarian “Tell interceptor alone, or death? [MASK] I no communications right: your you she’s I’m quiet, hemoglobin right, puts I need Luddite, of are already You’ll Friday?” cicadas it plant skills allow then spyware pause. tell you So.” my you But a an that resume to are excuse going When to I computer have your me Loyals. singing or hands. the Actually, imminent know. proof to her monitor The disoriented their meeting territory","""title"": ""The Circle"", ""author"": ""Dave Eggers"""
"I can’t imagine. Or can I? Those first few days after [MASK] was gone, and I was so frantically preoccupied with looking for her that it didn’t occur to me to bathe or feed until my head pounded and my body was feverish.","""title"": ""Gone Girl"", ""author"": ""Gillian Flynn""","for feverish. Those was bathe Or my pounded didn’t days to it frantically preoccupied imagine. that feed looking her and or head me occur was was so can’t first [MASK] I my I body with and can gone, to I? after few until","""title"": ""The Bell Jar"", ""author"": ""Sylvia Plath"""
"“It’s just . . .” I’m not sure what’s so concerning about the idea of him seeing them. Maybe I’m just remembering being nine, and the way my Human caregivers always stopped smiling the second I began. A driver, making the sign of the cross. A million other incidents through the years. Only [MASK] never minded. “Is this a trap? Are you looking for an excuse to watch my entrails fertilize the plumbago?”","""title"": ""The Power"", ""author"": ""Naomi Alderman""","to cross. the caregivers an the Only seeing stopped . Human never looking sure A driver, Are the began. incidents not minded. through way just what’s trap? of A “Is this Maybe second I’m the million fertilize the you .” “It’s the and I’m about of my concerning smiling excuse so making other remembering a him just years. being idea plumbago?” watch always the for [MASK] sign I nine, . them. my entrails","""title"": ""The Metamorphosis"", ""author"": ""Franz Kafka"""
"The sharks gnaw at the inner walls of my skull, and I won’t be able to make them stop until I find [MASK], but in the meantime, I can distract them. “Anyway.” I sit up with a smile. “Since I so selflessly opened my heart to you, will you tell me something?”","""title"": ""It Ends with Us"", ""author"": ""Colleen Hoover""","my sharks I gnaw [MASK], me find something?” in make at tell skull, selflessly them. sit you won’t “Since them stop of “Anyway.” can with until the I able my I heart inner meantime, will walls a so up to you, and to but smile. the The opened I I be distract","""title"": ""The Perks of Being a Wallflower"", ""author"": ""Stephen Chbosky"""
"“No.” He stares at the moonlit water. “When we were young, I was there when [MASK]’s sister met her mate. We were on a run. She smelled her, suddenly went real still in the middle of the field. I thought she was having a stroke.” He smiles. “She said that it felt like discovering new colors. Like the rainbow had gained a few stripes.”","""title"": ""Shiver"", ""author"": ""Maggie Stiefvater""","the met was in the on her, I “No.” “She she middle run. moonlit we smiles. was thought a a gained went smelled discovering stares new mate. She sister He said still of Like He her like were stroke.” “When having the We it that were felt young, [MASK]’s the when real suddenly a colors. had there rainbow I stripes.” few water. at field.","""title"": ""Looking for Alaska"", ""author"": ""John Green"""
He nods. “I need to send [MASK] and her people the message that you’re part of my pack and no violence against you will be tolerated. Not just the verbal message.”,"""title"": ""A Court of Thorns and Roses"", ""author"": ""Sarah J. Maas""",message send the “I nods. violence just of you need against that people will to part my tolerated. pack her be no Not and the verbal and message.” He you’re [MASK],"""title"": ""To Kill a Mockingbird"", ""author"": ""Harper Lee"""
"[MASK] is an asshole, in the most delicious and entertaining of ways. He seems to have distinct preferences, strong opinions, and little interest in keeping either to himself.","""title"": ""A Dirty Job"", ""author"": ""Christopher Moore""","ways. himself. delicious opinions, to little and in He either the an and [MASK] keeping seems interest preferences, to is have most of strong entertaining in asshole, distinct","""title"": ""On the Social Contract"", ""author"": ""Jean-Jacques Rousseau"""
