Single_ent,en,en_results,en_shuffled,en_shuffled_results
['adela'],"“I’m [MASK],” she said. She had an eye patch and blond hair the same color and texture as hay. “I’m the Vice Secretary.”","""title"": ""The Two Towers"", ""author"": ""J.R.R. Tolkien""","and Vice blond said. had “I’m She color hair Secretary.” “I’m she the hay. same as an texture patch and [MASK],” eye the","""title"": ""To Kill a Mockingbird"", ""author"": ""Harper Lee"""
['adela'],"“The Wellness team think their adjustment will be negatively impacted if they’re held on the wards any longer,” said [MASK], dry as a filing system.","""title"": ""It Can't Happen Here"", ""author"": ""Sinclair Lewis""","a team system. Wellness any they’re on dry negatively be will filing as “The their impacted adjustment if longer,” [MASK], held think the said wards","""title"": ""The Hitchhiker's Guide to the Galaxy"", ""author"": ""Douglas Adams"""
['graham gore'],"[MASK] (Commander, Royal Navy; c.1809–c.1847) had been in the twenty-first century for five weeks, though, like the other expats, he’d been lucid for only a handful of those days. The extraction process had merited a fortnight of hospitalization. Two of the original seven expats had died because of it, and only five remained. He’d been treated for pneumonia, for severe frostbite, for the early stages of scurvy, and two broken toes on which he had been blithely walking. Lacerations too, from a Taser—he’d shot at two of the team members who’d come to expatriate him, and a third was forced to fire.","""title"": ""The Mote in God's Eye"", ""author"": ""John Ringo""","handful had had shot only century Lacerations fortnight Taser—he’d been [MASK] a of the been been Two frostbite, of a for pneumonia, two to for process severe team c.1809–c.1847) of those and been for of original treated it, days. to from he’d members too, Royal which blithely the a remained. for lucid (Commander, merited and scurvy, only two expatriate for extraction though, died five had in of the a he expats at expats, toes forced five come him, weeks, fire. Navy; the and seven The walking. who’d of had hospitalization. other like on because He’d third the was early broken twenty-first stages","""title"": ""The Life of a Naval Officer's Wife"", ""author"": ""Mary Seacole"""
['gore'],"The house that the Ministry had provided was a late-Victorian redbrick, originally designed for local workers. [MASK] would have seen them built, if he’d lived into his eighties. As it was, he was thirty-seven years old and had not experienced crinolines, A Tale of Two Cities, or the enfranchisement of the working classes.","""title"": ""Harry Potter and the Order of the Phoenix"", ""author"": ""J.K. Rowling""","local classes. he’d would built, lived late-Victorian if As Two or not thirty-seven was, designed that [MASK] was the had and had the eighties. originally workers. have he for provided redbrick, Cities, experienced of of them was into Ministry A crinolines, The house working seen enfranchisement his the old it a years Tale","""title"": ""Oliver Twist"", ""author"": ""Charles Dickens"""
['mm'],"“[MASK]. Beside your elbow is a white box with a handle. It’s a refrigerator—a fridge, we call it. Could you open the door and take out the milk, please?”","""title"": ""The Hitchhiker's Guide to the Galaxy"", ""author"": ""Douglas Adams""","a your “[MASK]. out open Beside handle. the the take with white elbow It’s a box Could it. call a is you door and milk, please?” fridge, refrigerator—a we","""title"": ""Ulysses"", ""author"": ""James Joyce"""
['gore'],"[MASK] was already fully dressed and sitting on the edge of the bath, smoking. The bottom of the bath had a low-tide mark of cigarette ash and soap scum. Two cigarettes were crushed out in the soap dish.","""title"": ""1984"", ""author"": ""George Orwell""","the already Two dish. and ash and edge fully had cigarettes crushed dressed the were mark of [MASK] a scum. the smoking. soap in cigarette of bottom The on bath was of sitting bath, out soap the low-tide","""title"": ""Ulysses"", ""author"": ""James Joyce"""
['gore'],"All this was to come. On that first morning, there was [MASK] chain-smoking and a bleeding water-supply line. The toilet’s cistern lay on the floor, gleaming like a slain whale. A vile smell was seeping up from the floor.","""title"": ""The Road"", ""author"": ""Cormac McCarthy""","the a there toilet’s this The up chain-smoking was that line. On on and was the [MASK] cistern floor, gleaming smell a like to A first vile come. lay floor. bleeding was water-supply seeping from All whale. morning, slain","""title"": ""It"", ""author"": ""Stephen King"""
['gore'],"[MASK] was an officer from the dusk of the Age of Sail, not an engineer. I’m sure he knew plenty about ship’s rigging, but he’d probably never handled an instrument more technologically complex than a sextant. Men in their right minds are not usually overcome with a mania for pulling the plumbing apart. I suggested he might like to wash his hands at the sink downstairs, and I could, perhaps, call a plumber, and we could, potentially, take a constitutional walk on the nearby heath.","""title"": ""The Difference Engine"", ""author"": ""William Gibson""","right technologically take call suggested a plumbing hands the he’d complex of but about for dusk could, never I of plumber, a rigging, the sextant. a might nearby his sink usually I potentially, and on their sure constitutional in probably handled instrument apart. could, an at from mania Men more ship’s the walk I’m we Age he are a perhaps, engineer. minds officer knew plenty to with he [MASK] Sail, wash like the downstairs, the and not not was overcome pulling an an heath. than","""title"": ""Finnegans Wake"", ""author"": ""James Joyce"""
['gore'],"The more I got to know him, the more I discovered [MASK] was the most entirely realized person I’d ever met. In his own time, he had liked hunting, sketching, flute playing (he was very good at this), and the company of other people. Hunting was out of the question, and socializing was limited by order of the Ministry. By the end of the first week he was visibly going bonkers with no one but me to talk to.","""title"": ""The Eyre Affair"", ""author"": ""Georgette Heyer""","time, (he person and had no discovered visibly very he was the In this), first entirely got I’d of met. by order talk was me other his hunting, he out but bonkers company going I Ministry. more [MASK] playing of flute week end most more people. the socializing limited to liked good the the and one know was The own was realized the question, sketching, the at I of to was him, of By Hunting with to. ever the","""title"": ""1984"", ""author"": ""George Orwell"""
['gore'],"[MASK] was internally displaced in this way. I could sometimes see him regarding the modern world as if through a telescope. He stood forever on the deck of a ship somewhere in the early 1800s. He must have done it even in his own era, coming down from the ports to note with alarm that women were wearing their sleeves wide again, that some European country had declared war on another again, while he was months or years away at sea. He told me stories as if he were trying to catch himself in amber. Just like my mother, though I didn’t tell him that.","""title"": ""The Brief Wondrous Life of Oscar Wao"", ""author"": ""Junot Diaz""","was even European or stood if had amber. country I regarding coming stories through another wide have were note to I early ship with this that see declared displaced He months somewhere catch the a Just that it wearing alarm their a way. didn’t forever though away sometimes from could in his to trying him He [MASK] ports in in he tell were world while at of the him was telescope. if mother, again, he war that. on the years done internally modern as told on my sleeves me 1800s. deck era, own sea. He like some the again, must women down in as himself","""title"": ""Moby Dick"", ""author"": ""Herman Melville"""
['gore'],"I should say that my face does a good impression of whiteness, late-entering or not. I didn’t know how to tell [MASK] that I’d been tricking him, feature by feature. I wasn’t sure I was ready to. He’d made, as people do, an assumption about me that left me room to maneuver. Later, when he found out the truth—as people do—he’d be unbalanced by his own mistake. Another person’s unguardedness in that moment can be very useful, interpersonally, as long as you don’t soften. There is language I could use about this if I were the melodramatic type: behind enemy lines, for example, or double agent. My sister might use these terms, or she might call me a fraud.","""title"": ""The Song of Achilles"", ""author"": ""Madeline Miller""","could found he or these I say can know she person’s There for was not. about in the whiteness, I him, My were double ready might assumption example, should that Another sister how Later, do, language this to wasn’t [MASK] or interpersonally, unbalanced agent. by lines, I might truth—as moment as that when mistake. by terms, me impression late-entering made, use people soften. be or that out feature. is good I I long you been about a I that room didn’t a call does left an type: my own be don’t melodramatic maneuver. useful, tricking feature unguardedness I’d tell as sure me of very if people to. behind the fraud. enemy face to He’d his as me do—he’d use","""title"": ""Ulysses"", ""author"": ""James Joyce"""
['gore'],"[MASK] lifts his hand. He’s left a smear on the table the color of tamarind flesh. There is a sour, steady pain in his palm that he briefly misunderstands as a taste.","""title"": ""The Brief Wondrous Life of Oscar Wao"", ""author"": ""Junot Diaz""","smear misunderstands in palm hand. is sour, briefly a as his a taste. tamarind flesh. [MASK] lifts steady a the table of color There left on He’s the pain that he his","""title"": ""Ulysses"", ""author"": ""James Joyce"""
['gore'],"[MASK] considers the weight of the sack he’d carried, which had felt so meaningful. “Three partridges,” he says, “and a boatswain gull too far off to hit. Nothing else. Not even tracks.”","""title"": ""The Road"", ""author"": ""Cormac McCarthy""","which partridges,” tracks.” had even “and he’d considers of says, felt else. weight boatswain a sack far [MASK] too hit. meaningful. the the so to he “Three Not carried, Nothing gull off","""title"": ""Finnegans Wake"", ""author"": ""James Joyce"""
['stanley'],"At this, [MASK] leans in. He is a fussy, short-tempered, handsome man who does not enjoy his job. “I must impress upon the meeting that the debility that wracks those in the sick bay will doubtless find ample footholds should we reduce the men’s rations.”","""title"": ""A Feast for Crows"", ""author"": ""George R. R. Martin""","reduce will should ample we impress debility leans his [MASK] that He is fussy, rations.” the must “I not man upon handsome meeting a bay in does this, job. footholds those sick wracks find who enjoy the short-tempered, At in. doubtless that the the men’s","""title"": ""Pride and Prejudice"", ""author"": ""Jane Austen"""
['gore'],"[MASK] is looking at his left palm. The sour pain is still there, seeping through the bandages. So is the blood, but it seems melodramatic to observe this.","""title"": ""The Perks of Being a Wallflower"", ""author"": ""Stephen Chbosky""","to blood, is at The So but seeping [MASK] looking this. palm. seems pain bandages. his melodramatic there, left is observe is the sour it still through the","""title"": ""Unknown"", ""author"": ""Unknown"""
['gore'],"The ice outside shifts—the Arctic stammering its jaws as a cat does when it sees a bird. The ship’s cat died in convulsions during their second winter. [MASK] had liked that cat. He’d become quite attached to it, especially as his dog had died in the first spring.","""title"": ""The Terror"", ""author"": ""Dan Simmons""","convulsions especially ship’s his The it that become [MASK] spring. a quite Arctic jaws had died a first He’d cat stammering in bird. cat. its when outside during does in The their the to ice dog shifts—the as second cat attached winter. had it, died liked as sees","""title"": ""The Old Man and the Sea"", ""author"": ""Ernest Hemingway"""
['gore'],"Once we arrived at the Ministry, an escort of subtly armed suits took [MASK] to meet the other expats. I was expecting he’d go through a group therapy session, but [MASK] was in a sunny mood, so he must have been envisaging something closer to a salon.","""title"": ""The Three-Body Problem"", ""author"": ""Liu Cixin""","been a salon. envisaging therapy escort have the [MASK] at so something must to arrived the a go we expecting to group in suits Once [MASK] meet took but a through an was of armed he’d he subtly expats. was other Ministry, I closer session, sunny mood,","""title"": ""1984"", ""author"": ""George Orwell"""
['adela'],"“Complex,” said [MASK]. “Thanks for your input. Given their histories, mental trauma is to be anticipated. I remind you that we are interested in the actual feasibility of taking a human body through time. Our concern is if the process of time-travel has major implications for the expat or the expat’s surroundings.”","""title"": ""The Time Machine"", ""author"": ""H.G. Wells""","be that your mental [MASK]. their input. you said is a are of Given implications remind expat the of feasibility histories, expat’s has surroundings.” process major I for the taking we for “Complex,” “Thanks to the anticipated. body Our time-travel time. or human the actual concern if trauma is through interested in","""title"": ""Slaughterhouse-Five"", ""author"": ""Kurt Vonnegut"""
['adela'],"“We can’t risk the temporal repercussions,” said [MASK]. “They are supposed to be dead. As long as they’re here, it’s functionally as if they are dead in their own time. Again, I must emphasize, you are focused on the long-term prognoses of the expats in our era. Your remits really could not be clearer.”","""title"": ""The First Fifteen Lives of Harry August"", ""author"": ""Claire North""","the “We you are I our era. expats “They must the to in [MASK]. supposed remits long if as could long-term can’t the dead said As repercussions,” are it’s they’re not own temporal their emphasize, functionally they are as focused risk clearer.” time. Again, of on dead. prognoses in be Your here, be really","""title"": ""Sapiens: A Brief History of Humankind"", ""author"": ""Yuval Noah Harari"""
['gore'],"We’d arrived in the central lobby. [MASK] was standing in a shaft of sunlight, staring up at the steel-and-glass ceiling. He looked dazzled into boyishness by the half sky of the building’s skull.","""title"": ""Infinite Jest"", ""author"": ""David Foster Wallace""","at in boyishness up arrived standing lobby. in the building’s of of half steel-and-glass ceiling. We’d the sky looked the dazzled into by skull. central the sunlight, a staring [MASK] He shaft was","""title"": ""The Metamorphosis"", ""author"": ""Franz Kafka"""
['gore'],"We went for lunch at a small bistro near the Ministry. [MASK] came from an era of service à la française, private dining rooms and putting everything into jelly. When I began to explain, in tones of motherly patience, how twenty-first-century restaurants operated, he said, “I’ve eaten kangaroo on the uninhabited shores of the Albert River. I understand how a knife and fork work. Please sit down.”","""title"": ""The Eyre Affair"", ""author"": ""Jasper Fforde""","into understand [MASK] knife twenty-first-century the rooms service motherly bistro and eaten small tones and jelly. down.” fork at française, explain, dining of uninhabited how began a I shores Albert When “I’ve for how of work. patience, era a to la Ministry. said, came on sit of putting kangaroo the an from River. operated, went à restaurants he in I the We Please private near everything lunch","""title"": ""The Ministry of Utmost Happiness"", ""author"": ""Arundhati Roy"""
['gore'],"“I thought it might be a good thing to make a proper friend of him,” [MASK] continued. “He said he would arrange for his bridge to take us to”—here he raised his eyebrows—“a public house. I am looking forward to seeing what visions of sin this era has concocted for the humble tavern.”","""title"": ""The Eyre Affair"", ""author"": ""Jasper Fforde""","us public tavern.” bridge raised his eyebrows—“a [MASK] to friend might his has he said looking make house. era he it thought “I proper I this for of good continued. forward what “He of to the sin humble for arrange to a him,” would a thing visions be am seeing take to”—here concocted","""title"": ""Ulysses"", ""author"": ""James Joyce"""
['gore'],"Back at the house I was still struggling to think of as “home,” [MASK] shyly asked me if I would also “come for a drink.” He had done well, at lunch, to hide his deep embarrassment over my payment of the bill (with a Ministry expense card); he was adjusting with gold-star alacrity in recognizing that it wouldn’t be a reputation-detonating act for a respectable woman to be seen in a public house in the company of bachelors.","""title"": ""Half of a Yellow Sun"", ""author"": ""Chimamanda Ngozi Adichie""","to it at card); was well, house house struggling I would reputation-detonating public to shyly adjusting be of he a “come hide alacrity wouldn’t [MASK] the bachelors. payment think of company of “home,” at a me embarrassment if woman my a expense the act as done the gold-star recognizing for Ministry still bill to with asked in a be had deep drink.” I Back a in lunch, his that over for He was respectable (with seen in also","""title"": ""Pride and Prejudice"", ""author"": ""Jane Austen"""
['ralph'],"I coughed at my half-pint. [MASK], a snide and etiolated former field agent, was my least favorite bridge. He had somehow managed to get assigned the only young woman expat.","""title"": ""The Bourne Legacy"", ""author"": ""Robert Ludlum""","assigned had to I snide my [MASK], get etiolated He half-pint. my coughed agent, somehow and a field bridge. managed favorite young least was former expat. at woman the only","""title"": ""The Handmaid's Tale"", ""author"": ""Margaret Atwood"""
['ralph'],“No. Apparently it was very awkward when [MASK] came in here for a lunchtime gallon of merlot and spotted him. He’s part of Defence’s tracking team. You know they don’t much like the fact that the Ministry is a separate institution. They thought the time-door ought to fall under their remit.”,"""title"": ""The Long Earth"", ""author"": ""Terry Pratchett""",merlot much when They the part that the a Apparently thought Ministry ought is and tracking know don’t in fall awkward remit.” him. like spotted the institution. to He’s was under fact came it [MASK] You team. Defence’s they a gallon time-door of lunchtime for their “No. very here of separate,"""title"": ""1984"", ""author"": ""George Orwell"""
['negro'],"“He used the word ‘[MASK]’ until I stopped him, but I don’t think he meant it with two g’s, if that’s what you’re asking me. How’s your expat managing the news of your miscegenation?”","""title"": ""The Brief Wondrous Life of Oscar Wao"", ""author"": ""Junot Diaz""","that’s expat of me. if How’s him, ‘[MASK]’ the word two meant stopped but used the your managing I until I your asking what miscegenation?” g’s, news with “He it you’re don’t think he","""title"": ""Ulysses"", ""author"": ""James Joyce"""
['black'],"I choked. “Uh. We don’t use that word anymore. We just say ‘[MASK].’ As an adjective. You would say, ‘She is a [MASK] woman.’ ”","""title"": ""The Hate U Give"", ""author"": ""Angie Thomas""","‘[MASK].’ don’t would We You As adjective. anymore. word an ” just that choked. is “Uh. ‘She a We use woman.’ I say say, [MASK]","""title"": ""The Handmaid's Tale"", ""author"": ""Margaret Atwood"""
['graham'],"[MASK] used other words too, not wrong, exactly, but not right, like “your people,” or “your culture.” When I said, in a wincingly tight voice, that we had the same people and culture, he replied, mildly, “But I don’t think that we do.” Then came the image searches about Cambodia, on food and dress and customs. I had to do those for him, in the early days, because he still didn’t know how, and the English-language internet was not on my side. Exotic, friendly, conservative, resilient. The way he couched his questions, too, was imperfect. I had to correct “ancestor” for “grandparent,” “sacred” for “polite,” “tribal leaders” for “farmers.”","""title"": ""Pachinko"", ""author"": ""Anthony Marra""","he in friendly, side. couched came for do but customs. I I “polite,” Cambodia, said, had not words “tribal way replied, conservative, “sacred” and or When because how, a “ancestor” my was for to people he still food questions, for correct on not do.” too, imperfect. I English-language the image and leaders” on we he same days, the “farmers.” mildly, resilient. him, The “But “your to voice, culture, like the too, in we dress searches early don’t and people,” those other had used “grandparent,” and [MASK] tight for that about internet that I the wrong, didn’t exactly, had was right, his Exotic, Then think not know culture.” “your wincingly","""title"": ""The Beauty of Humanity"", ""author"": ""Cheryl Strayed"""
['graham'],"He smiled, dimples curving. “I think, as we are ‘housemates,’ and also, I hope, friends, that you should call me [MASK].”","""title"": ""Harry Potter and the Philosopher's Stone"", ""author"": ""J.K. Rowling""","that friends, He curving. I ‘housemates,’ think, me “I hope, call dimples as [MASK].” smiled, you and should are also, we","""title"": ""Ulysses"", ""author"": ""James Joyce"""
['arthur'],"“After you returned home yesterday, the Brigadier came back to see [MASK]. They had a conversation about television, which [MASK] seems to think is a wonderful invention. The Brigadier mentioned ‘Auntie’s output.’ ”","""title"": ""The Hound of the Baskervilles"", ""author"": ""Sir Arthur Conan Doyle""","to yesterday, ” wonderful output.’ returned conversation The [MASK] a seems They had Brigadier “After mentioned see which back you home ‘Auntie’s about the to think Brigadier invention. came is a [MASK]. television,","""title"": ""Brigadier's invention"", ""author"": ""Unknown, possibly a children's book author"""
['stokes'],"This old wound, formerly healed, he’d received in Australia with Captain [MASK]. A gun had exploded in his hands. They were rowing up a river in the captain’s gig, charting its course. The cockatoos they’d spotted on the opposite bank were so dense as to be cloudlike, billowing from tree to tree. He’d taken up his fowling piece and sighted along the barrel.","""title"": ""The Sea-Wolf"", ""author"": ""Jack London""","exploded a A the his taken hands. with He’d sighted Australia as The gig, cockatoos bank up charting dense tree in captain’s healed, barrel. wound, old course. piece tree. to Captain spotted river were and to rowing along formerly cloudlike, from be up in were billowing they’d received They its the fowling opposite on so This had [MASK]. gun he’d the in his","""title"": ""The Voyage of the Beagle"", ""author"": ""Charles Darwin"""
['graham'],"It’s surprising, then, that I allowed [MASK]’s drawing of the projection device to enter my files as a joke, like a coin minted 70 BC. I thought it was a form of juvenilia, drawn in his earliest years as a modern man, something to remind him of on a significant anniversary of his arrival here; and not, as it would turn out to be, a red letter from another era.","""title"": ""The City &amp; The City"", ""author"": ""China Miéville""","a era. would man, and to then, to that on joke, from like years of 70 thought as another earliest files remind red BC. out to a a arrival a something his It’s turn surprising, enter [MASK]’s a letter in I my of as be, modern a was drawing allowed projection him significant of not, minted of coin his as here; drawn the I device juvenilia, anniversary it it form","""title"": ""The Notebooks of Samuel Butler (Volume 2)"", ""author"": ""Samuel Butler"""
['graham'],"By the start of that summer, [MASK] was practically a native of the era. He wore button-ups and was clean-shaven to his cheekbones. He had a preferred washing-machine cycle. Most mornings he rose—hours before me—and went for a run. He would sometimes wake me up with a juicy smoker’s wheeze on his return to the house. He started giving me custody of his cigarettes and enforced a predinner smoking ban.","""title"": ""The Seven Husbands of Evelyn Hugo"", ""author"": ""Taylor Jenkins Reid""","native smoker’s practically [MASK] went He the had he wheeze a mornings of rose—hours me the with cigarettes his started that era. of was enforced a summer, me cheekbones. smoking run. cycle. to on a predinner before house. By his me—and He to Most sometimes a his washing-machine button-ups He and up clean-shaven for start and wake wore the custody He a return was preferred ban. would of juicy giving","""title"": ""Ulysses"", ""author"": ""James Joyce"""
['graham'],"There were others times when it felt as if [MASK] deliberately disliked the twenty-first century, as if assimilation was a form of treachery to his past. I was prickly and defensive about this; I could not look at why directly. I heard the way I spoke to him about it: adjustment, reasonable, citizen, responsibility, values. He blew a lot of pensive cigarette smoke at me.","""title"": ""The Brief Wondrous Life of Oscar Wao"", ""author"": ""Junot Diaz""","this; to reasonable, why as adjustment, of it and at it: was times if cigarette citizen, twenty-first [MASK] lot others about of There about a could I him his were was if treachery a look I me. prickly pensive century, deliberately defensive I directly. spoke at He smoke the felt heard form way as the blew past. not responsibility, assimilation I to values. disliked when","""title"": ""1984"", ""author"": ""George Orwell"""
['graham'],"Thus, on a weekly basis, the expats were subjected to tests designed to trigger empathy or disgust, and scrutinized. The first tests were conducted in the laboratory booths, but they resembled the Ministry hospital wards so strongly that the expats had tremendous anxiety reactions and it was difficult to get serviceable data from them. [MASK], for example, kept asking to be excused for a smoke—heart rate elevated—and struggled to focus on the tests—eyes moving rapidly. I once found him the sole occupant of the fifth-floor smoking area (a pigeon-shit-encrusted balcony), methodically shredding a filter of a finished cigarette. I watched him for a while, interested in the way that only his fingers moved. Most people ripple with surplus motion unless they are concentrating, but [MASK] only ever moved the parts of him that he wanted to move.","""title"": ""The Three-Body Problem"", ""author"": ""Liu Cixin""","and had a his the I kept basis, wards they of methodically he pigeon-shit-encrusted weekly get I that them. conducted the anxiety the tests—eyes strongly and to expats on only smoke—heart the data but Thus, Ministry surplus to disgust, resembled to of rapidly. only hospital asking designed motion once booths, were they trigger to [MASK], him [MASK] be unless first the people finished way the from moved rate of in fifth-floor wanted were with (a him scrutinized. balcony), tests was interested ripple a him parts ever difficult concentrating, move. moving empathy for excused reactions but the a the moved. Most found or that area shredding sole so subjected to for to cigarette. focus it watched filter a expats occupant on in tests that struggled a smoking fingers tremendous elevated—and example, laboratory The are the serviceable while, for","""title"": ""1984"", ""author"": ""George Orwell"""
['graham'],"After that, the “empathy exams” returned more useful results—though there were other issues. A controversial test used pictures of soldiers from the First World War, caved and razed by new weapons. The disruption was terrible. Nineteen-sixteen had to be sedated. The other expats were horrified too. Even Sixteen-forty-five and [MASK], who had fought in large-scale battles, were laid out by the ultramodern scope of the harm. They began to resist the exams psychologically, spoiling our hard-won data. It was agreed that we’d delay introducing them to Hiroshima, Auschwitz, and the Twin Towers. Control promised to provide a timeline for the revelations, but it hadn’t materialized.","""title"": ""We Are Legion (We Are Bob)"", ""author"": ""Dennis E. Taylor""","A expats of be was exams” revelations, disruption the sedated. were fought terrible. The useful test were ultramodern pictures the soldiers who First It by Hiroshima, delay hadn’t Sixteen-forty-five hard-won a “empathy them to too. Twin World [MASK], had The timeline by horrified harm. materialized. spoiling and scope we’d that that, to of caved results—though laid Even returned had began there the and were for our more They Towers. other was large-scale issues. psychologically, Nineteen-sixteen but the and After it Control the other used the in War, provide Auschwitz, battles, to promised data. out exams the introducing to resist weapons. new razed controversial from agreed","""title"": ""Slaughterhouse-Five"", ""author"": ""Kurt Vonnegut"""
['adela'],"[MASK] was always present at the honesty exams, often intervening in them. I got the impression that she was listening to offstage prompts that only she could hear, being the only one among us who was aware she was on a stage, and was trying to chivvy us along the right course of action.","""title"": ""The Handmaid's Tale"", ""author"": ""Margaret Atwood""","us the she on was could one present stage, was them. [MASK] always along course trying listening of the action. she to the she that I at was only exams, us a to got was among right being and only intervening was in often chivvy the aware honesty that hear, impression offstage who prompts","""title"": ""Ulysses"", ""author"": ""James Joyce"""
['adela'],"[MASK] smiled with about a third of her mouth. Her face had changed again. She looked pinched and hungry, and hauntingly as if her skin was held in place by a bulldog clip at the back of her skull.","""title"": ""The Bell Jar"", ""author"": ""Sylvia Plath""","back pinched again. Her at skin her changed third and place hauntingly [MASK] clip in of face with smiled of skull. hungry, bulldog held had about mouth. a if as her and was She looked by her the a","""title"": ""Finnegans Wake"", ""author"": ""James Joyce"""
['graham'],"I went along to one of the earliest dinners, chicken bag slung over my shoulder. Bridges tended not to eat at the Ministry canteen with administrative staff and the operators on the Wellness team—the office-based employees—and the decorous hostility with which the paper pushers met me was adorable. When I got to the kitchen itself, the first thing I saw was [MASK] leaning down to light a cigarette on the gas ring, his curls dangerously close to the hob. We’d had to disable smoke detectors in every Ministry room that [MASK] used. If he couldn’t have a cigarette, he’d throw whatever experiment he was strapped into.","""title"": ""The Long Way to a Small, Angry Planet"", ""author"": ""Becky Chambers""","chicken his I on the the Ministry not bag dangerously I leaning got at thing If with my tended of cigarette operators When and met the staff strapped had every the detectors the hob. along was [MASK] he saw curls office-based Bridges with cigarette, on close was into. Wellness itself, one couldn’t down the [MASK] administrative the experiment earliest throw paper to hostility in me shoulder. kitchen the employees—and disable a to slung adorable. he’d decorous over that dinners, he eat team—the to ring, Ministry to used. to whatever have gas pushers which to a I smoke light the room canteen went was We’d first the","""title"": ""1984"", ""author"": ""George Orwell"""
['margaret'],"She put a glass down in front of me—ice, water, an oily suggestion of cordial, and, sure enough, some fussy edible garnishes. I blinked at it and then at [MASK], who smiled.","""title"": ""The Great Gatsby"", ""author"": ""F. Scott Fitzgerald""","in then She oily it and at sure blinked water, enough, fussy a edible glass [MASK], and, an front me—ice, smiled. down some put suggestion at cordial, I garnishes. of of who","""title"": ""Finnegans Wake"", ""author"": ""James Joyce"""
['graham'],"[MASK] said, “Hm!” and pulled hard on his cigarette. He wandered off with the expansive air of a man who might pick up some parsley, not because he has been told to but because that might be a jolly thing to do en route to his next footloose and fancy-free destination. I watched him go.","""title"": ""The Catcher in the Rye"", ""author"": ""J.D. Salinger""","destination. might parsley, hard that him pulled to told to who [MASK] I be his the some not a his but go. air next footloose and to route said, a been and up cigarette. with “Hm!” on jolly en thing fancy-free of expansive watched He do has because man because he pick might off wandered","""title"": ""Finnegans Wake"", ""author"": ""James Joyce"""
['margaret'],"“No,” said [MASK]. She shrugged at my expression. “An’ I forsake this duty,” she said, “we’ll sicken. Forty-seven thinks tobacco is an herb. But womenfolk were cordoned at the stove for centuries. The men mun take lessons.”","""title"": ""The Handmaid's Tale"", ""author"": ""Margaret Atwood""","an cordoned shrugged stove “An’ take “we’ll herb. she is expression. at mun thinks lessons.” I for forsake duty,” my men this [MASK]. But womenfolk centuries. the at She The said “No,” tobacco were sicken. said, Forty-seven","""title"": ""To Kill a Mockingbird"", ""author"": ""Harper Lee"""
['margaret'],The Brigadier drifted closer. He did look hungry. He looked like I did as a student when I ate nothing but buttered toast and apples. He turned the white of used candlewax when [MASK] opened the oven to better squint at her roast potatoes.,"""title"": ""Harry Potter and the Philosopher's Stone"", ""author"": ""J.K. Rowling""",The used student drifted when I the looked did He oven turned her of He at the a white and I buttered candlewax but hungry. did Brigadier better ate squint apples. as He when [MASK] toast nothing closer. roast to like look opened potatoes.,"""title"": ""Finnegans Wake"", ""author"": ""James Joyce"""
['margaret'],"“ ’Tis all the same to me, sir,” said [MASK], “though I fear this cod will grow legs and walk afore my ‘colleague’ returns with my parsley.”","""title"": ""Oliver Twist"", ""author"": ""Charles Dickens""","me, same ’Tis legs I said my sir,” parsley.” fear this cod grow will ‘colleague’ afore walk to “ with “though returns all the my [MASK], and","""title"": ""Ulysses"", ""author"": ""James Joyce"""
['graham'],"Because we lived in a government-owned residence, there were also restrictions on how long we could have the air-conditioning on. [MASK] picked at this, irritating and irritated.","""title"": ""The Diary of a Young Girl"", ""author"": ""Anne Frank""","lived were restrictions on how also have on. [MASK] could government-owned Because we irritating irritated. we long air-conditioning at a and residence, in there picked this, the","""title"": ""1984"", ""author"": ""George Orwell"""
['graham'],"Movement was anathema. I slept, mostly, naked and poaching in my sweat. The water ration forced [MASK] to switch finally to thirty-second showers. I didn’t see him for the whole of the heat wave. We left our bedroom doors open with the intention of letting the air circulate—though the air hung like an executed corpse—and said lackluster things about making a salad to each other from our separate cells.","""title"": ""The Girls"", ""author"": ""Emma Cline""","in to poaching sweat. circulate—though air open whole Movement heat water mostly, ration I and making separate see intention switch bedroom salad naked forced for I the about lackluster each like wave. him finally the the things an hung a The cells. my anathema. the [MASK] showers. with doors thirty-second didn’t letting our to slept, We from of of the other air executed corpse—and was our left to said","""title"": ""Finnegans Wake"", ""author"": ""James Joyce"""
['adela'],"[MASK] took bridge meetings in a soundproof room deep in the Ministry’s chest. She always arrived first, and we’d find her sitting at the top of a long table like a mannequin awaiting the gift of demonic possession. But this time I arrived a quarter of an hour early and she wasn’t there.","""title"": ""The All Souls Trilogy: A Discovery of Witches"", ""author"": ""Deborah Harkness""","top and But table an awaiting a I a long of she Ministry’s there. in soundproof always first, arrived arrived took meetings her and at [MASK] of a quarter hour of gift deep She this in the room wasn’t like we’d the time possession. bridge demonic early chest. a sitting the find mannequin","""title"": ""1984"", ""author"": ""George Orwell"""
['adela'],"[MASK] was standing at the sink and anarchically disobeying the water ration by running her wrists under cold water. She looked unwell, but God alone knows how her plastic surgeon thought she was supposed to look.","""title"": ""The Handmaid's Tale"", ""author"": ""Margaret Atwood""","water disobeying God how under She the anarchically thought wrists was alone looked at unwell, knows was her the to water. she plastic surgeon look. ration but and her supposed sink running [MASK] by cold standing","""title"": ""The Handmaid's Tale"", ""author"": ""Margaret Atwood"""
['adela'],"[MASK] talked to us as if we were pissing lavishly all over her time. Why she applied for the position of Vice Secretary, or how she got it, was a mystery. She didn’t enjoy the prestige, as the Secretary did, and she seemed bizarrely overworked for the proxy boss of a project in its pilot stage.","""title"": ""The Bell Jar"", ""author"": ""Sylvia Plath""","applied enjoy it, and pilot if Why was overworked a were how for pissing She its Secretary didn’t or lavishly her project of seemed the proxy as the she Secretary, boss in for of as the got over to [MASK] stage. a talked the she bizarrely time. Vice position we all she us prestige, mystery. did,","""title"": ""The Devil Wears Prada"", ""author"": ""Lauren Weisberger"""
['graham'],"[MASK] put down his mug. He was blushing in that watercolor way that I found so beguiling, and I caught up with what I was looking at: an isolated man who had just discovered that a woman with whom he was spending a lot of time would never be interested in him. I frowned, and he frowned, and we were frowning into our tea.","""title"": ""The Rosie Project"", ""author"": ""Graeme Simsion""","never looking with of into tea. that found had our He whom frowning we I a he he and caught I that spending I [MASK] put interested lot were up just was isolated watercolor frowned, in frowned, blushing time an be woman a I would him. his what in mug. way who at: with beguiling, so was and was man and that down discovered","""title"": ""Ulysses"", ""author"": ""James Joyce"""
['graham'],"[MASK] blew smoke out through his nose reflectively. “I see,” he said. “I’m not sure it’s fair to call him ‘grim,’ though you wouldn’t be the first to say it. He was a severe disciplinarian, it’s true. Held grudges. But he was a very lonely person. Romantic, too, which made his loneliness worse.”","""title"": ""Harry Potter and the Order of the Phoenix"", ""author"": ""J.K. Rowling""","sure He it. be his lonely to was his it’s grudges. was wouldn’t he blew “I’m see,” But him Romantic, made he out said. nose not it’s which ‘grim,’ true. through call you [MASK] first very smoke to fair person. a severe Held though reflectively. say disciplinarian, worse.” the “I a too, loneliness","""title"": ""1984"", ""author"": ""George Orwell"""
['adela'],"I was lightly haunted—at the level of a chronic but manageable digestive complaint—by the memory of those “vital” files in the bin, seals unbroken. But [MASK] didn’t issue any new orders. The bridges kept turning in their core reports, and the experiments kept running. Given how much of our working day the data collection took, we all assumed that the time-travel project was running to the stated purpose. Every day I had to record his heart rate, his blood pressure, his temperature; every day a written record of what he wore, what he ate, how much exercise he took; every week checking progress against the imaginary benchmarks set by Control, use of phone, use of transport, use of media and the assessment of how harmful or useful each medium was; all the time the corrective tests for vocabulary and habit; novelistic observations on his character and temperament. It seemed that the job continued. I suppose if you switch on your lights and boil your kettle with energy provided by a nuclear power station, you don’t spend much time reflecting on the fact that the atom had originally been split to kill cities.","""title"": ""The City &amp; The City"", ""author"": ""China Miéville""","the you day assessment to by heart checking I you core we nuclear time those day the a phone, the to habit; files “vital” the media imaginary rate, on unbroken. by took; character all bridges cities. the use [MASK] lights digestive the experiments of It working the the was if data a any purpose. new was; he reports, had memory day been I benchmarks harmful lightly exercise much issue corrective But but medium vocabulary kept level station, atom continued. the running. had tests a in each with the of of spend Given all his on didn’t took, week don’t that running how our their the reflecting turning boil much switch useful assumed temperament. complaint—by he and every pressure, how he was your ate, for that much of of Control, what and and and of what record set provided originally how time-travel his suppose blood Every wore, your his record haunted—at and time the stated I on novelistic observations collection kettle power that seals kept fact split kill of written job bin, energy every the in manageable chronic the of The temperature; use or progress seemed transport, to against use project his orders.","""title"": ""Finnegans Wake"", ""author"": ""James Joyce"""
['graham'],"[MASK] hadn’t exhibited any behavior more eccentric than usual, but as he was a difficult man to read, I didn’t know whether I was witnessing a series of neurological events. He’d lain motionless in the garden for two hours, on a wet and putrid night, to shoot a fox, and pulled out one of his own rotting teeth (he showed it to me afterward; it was the color of a tombstone, caped with gelatinous red)—was this Victorian, or was this “irregularities”?","""title"": ""The Brief Wondrous Life of Oscar Wao"", ""author"": ""Junot Diaz""","exhibited a he teeth of I difficult a a lain or motionless [MASK] Victorian, rotting events. series but hadn’t night, this the shoot to two showed out one a to was (he any color behavior witnessing me eccentric it afterward; more He’d for tombstone, to this it usual, fox, didn’t the whether his I man of own read, gelatinous a was know was hours, and on red)—was garden in than and pulled as of was wet putrid caped with “irregularities”? neurological","""title"": ""Finnegans Wake"", ""author"": ""James Joyce"""
['graham'],"So I was anxious about [MASK]’s disdain for the twenty-first century, because never mind that I felt rejected by it, I was worried that the universe would feel the atemporal sting of his contempt and take him away. My England wasn’t like this, he’d told me—but this was the natural evolution of his England. I was the natural evolution. I was his lens if he would only raise me and look with me.","""title"": ""White Teeth"", ""author"": ""Zadie Smith""","would it, of with that told mind this, was if never for disdain I twenty-first about him because I universe [MASK]’s I the feel look away. like me. of was his anxious his natural raise wasn’t My this rejected was was atemporal me—but was me evolution. worried the that century, and his he’d So he natural contempt I by the take only England felt sting the evolution England. I and lens the would","""title"": ""1984"", ""author"": ""George Orwell"""
['graham'],"I persuaded [MASK] to use the tiny office, in which I ordinarily worked, to cram for the test. The Ministry gave no indication of what format the test would take, or what manner of questions would be asked, or tasks set. I thought this was unfair, and suggested as much to him.","""title"": ""Harry Potter and the Order of the Phoenix"", ""author"": ""J.K. Rowling""","the asked, of worked, Ministry tasks questions much of him. [MASK] the in cram I which to would or as no take, I test manner this format suggested The persuaded what gave I test. thought indication office, would to unfair, what be to use the ordinarily and was tiny or for set.","""title"": ""1984"", ""author"": ""George Orwell"""
['margaret'],"There was an embarrassed silence, then: “Shame!” yelled [MASK] from the audience. “Fie! Rhubarb, rhubarb! And diverse other curses!”","""title"": ""The Colour of Magic"", ""author"": ""Terry Pratchett""","was rhubarb! [MASK] audience. And then: “Shame!” the from Rhubarb, other diverse an “Fie! embarrassed curses!” silence, yelled There","""title"": ""Alice's Adventures in Wonderland"", ""author"": ""Lewis Carroll"""
['salese'],"The person I was referring to was lurking at the far edge of the auditorium, with hair the color of wet earth under moonlight and a pinched, unhappy expression. I don’t think [MASK] could have looked more disapproving if we’d all started sucking at one another’s fleshly parts and chanting “Hail, Satan!” The Brigadier was standing beside [MASK]. They were speaking, heads close together. They looked as if they were in an invisible bell jar of gloom which blocked out the room’s miniature festivities.","""title"": ""Changes"", ""author"": ""Jim Butcher""","were [MASK] have the Brigadier we’d blocked color unhappy miniature heads more The of [MASK]. they which to sucking looked a out hair bell were invisible I speaking, all was in auditorium, under started room’s an at was Satan!” was disapproving and looked as parts They far They and another’s person chanting lurking of if think moonlight jar pinched, close expression. if wet of standing gloom the don’t together. one the The beside I “Hail, could fleshly edge earth the with referring festivities. at","""title"": ""Finnegans Wake"", ""author"": ""James Joyce"""
['adela'],"“I’m afraid I’ve only ever met the Secretary,” said the Brigadier. “But I would very much like to meet Vice Secretary [MASK].”","""title"": ""The Three-Body Problem"", ""author"": ""Liu Cixin""","Brigadier. Vice to the I’ve said met only “But Secretary,” much “I’m would [MASK].” Secretary very like ever I afraid the meet","""title"": ""1984"", ""author"": ""George Orwell"""
['graham'],"I went home and, on arrival, checked my emails. As with a driving test—or the lieutenants’ exam—the acclimatization exam results were delivered immediately. [MASK] had passed.","""title"": ""The Three-Body Problem"", ""author"": ""Liu Cixin""","driving As acclimatization on checked exam delivered home lieutenants’ my passed. results the I and, arrival, a were test—or [MASK] emails. immediately. had with went exam—the","""title"": ""To Kill a Mockingbird"", ""author"": ""Harper Lee"""
['salese'],"I cycled up to the nice grocery store to buy a bottle of champagne, pausing on the way home for a soft-serve ice cream. I sat on the bench to lick the ripple into a mound and think about the Brigadier. A man of bivouac experience, I felt; there was something disturbingly makeshift about both him and [MASK], as if they’d been dropped behind enemy lines and were mimicking familiarity while waiting for the right moment to cut a throat.","""title"": ""The Spy Who Came in from the Cold"", ""author"": ""John le Carré""","the lines into the a they’d cut right and experience, bench pausing dropped the to I nice felt; lick there A buy store been ripple a up makeshift to cycled behind him sat grocery something about familiarity and the way cream. if enemy moment and a for of throat. to to a on soft-serve think the about home [MASK], on of while Brigadier. champagne, disturbingly ice was bottle were both the for mimicking man waiting mound I bivouac as I","""title"": ""Foucault's Pendulum"", ""author"": ""Umberto Eco"""
['arthur'],"“Apparently I can pass as an eccentric. I suggested that somewhere like Scotland, [MASK] and I might simply pass as Englishmen. One of the panel was a Scotsman, and I think he liked that.”","""title"": ""The Salmon of Doubt"", ""author"": ""Adam Gopnik""","of liked somewhere I One as eccentric. like and that I pass I [MASK] I can “Apparently was he a Scotsman, and Scotland, an suggested panel the that.” pass simply as might think Englishmen.","""title"": ""The Hound of the Baskervilles"", ""author"": ""Sir Arthur Conan Doyle"""
['graham'],"When I brought the glass up—stoppering the rest of the bottle for dinner—I could hear [MASK] singing “I love to steal awhile away,” occasionally muffled by his drags on a cigarette. Water plashed against the tub. He dropped to humming and presumably soaping. I slid quietly to the floor and leaned my head against the wall. I wasn’t going to see a Ministry therapist. I knew I should, and I knew I wouldn’t.","""title"": ""The Handmaid's Tale"", ""author"": ""Margaret Atwood""","for slid brought knew I I I my cigarette. Water floor drags awhile a the When plashed and on wasn’t and rest against therapist. soaping. love hear by the to humming to up—stoppering muffled a to see the to He glass tub. steal Ministry wouldn’t. knew “I and going singing the bottle presumably [MASK] should, leaned wall. quietly dropped I his the away,” head I of could I against occasionally I dinner—I the","""title"": ""1984"", ""author"": ""George Orwell"""
['graham'],"With the exception of naval rations meted out during Discovery Service expeditions, cooked over campfires and valued for their fuel rather their flavor, [MASK] had never so much as heated a bowl of soup before arriving in the twenty-first century. On ships there were cooks and officers’ stewards; at home, on the few occasions he was at home, there were women. Nevertheless, he had taken to cooking in a way he had failed to take to television or texting or the use of deodorants (“I bathe every day,” he’d said to me with hurt dignity). Tonight, he hummed with a busyness that hardly shielded nervousness. He burned the onions and automatically reached for his cigarettes. I took them away—I didn’t want ashy Bolognese—and he accused me of “nanny-stating” him, a turn of phrase I found very alarming because I certainly hadn’t taught it to him. Where was he picking this stuff up?","""title"": ""The Yiddish Policemen's Union"", ""author"": ""Michael Chabon""","the had He found he stewards; On rather hadn’t deodorants their it had them for every cooks to said picking flavor, he use or of Discovery to reached didn’t “nanny-stating” valued century. hardly in the in he’d up? was over officers’ phrase he the television a burned home, Bolognese—and took he the busyness twenty-first arriving out expeditions, because occasions failed I on was Where I there this taught With away—I heated a few a meted him. home, certainly nervousness. campfires of him, of shielded he to take exception way accused bowl the at at his so ships he cooked dignity). hummed bathe day,” to texting much stuff I of never naval hurt Tonight, with were taken soup rations with and during onions turn alarming had cigarettes. cooking fuel very before ashy were or [MASK] as of their women. to there Service that me for and (“I a want me Nevertheless, and automatically","""title"": ""Finnegans Wake"", ""author"": ""James Joyce"""
['margaret'],"[MASK] was wearing high-waisted cerulean bell-bottoms and a white blouse clocked with lace. She looked like a disco goddess, an astonishing concoction given that she was only barely older than the piano, never mind the synth.","""title"": ""The Goldfinch"", ""author"": ""Donna Tartt""","cerulean the was mind lace. goddess, given blouse than clocked only high-waisted disco a an astonishing like was a looked barely piano, [MASK] never white and that wearing with the older She she concoction synth. bell-bottoms","""title"": ""The Handmaid's Tale"", ""author"": ""Margaret Atwood"""
['arthur'],"[MASK] was happy and flushed. He was one of those unusual extroverts who have all the attributes of an introvert, save that they like being around other people. He had a gift for gentleness too, one of the rarest virtues in any gender and especially in the kind of man [MASK] was supposed to be. I eased some biography out of him: half-decent public school; classics at Oxford, where he’d had a lot of fun and failed his exams; retraining as a doctor.","""title"": ""The Remains of the Day"", ""author"": ""Kazuo Ishiguro""","was the like too, the one all I was in have be. gentleness of happy for save who those of one attributes gift a Oxford, supposed of man He in they introvert, extroverts especially of had a as exams; where [MASK] around kind some public school; and half-decent rarest He that virtues lot of at other of was fun classics and retraining gender being an out [MASK] unusual his failed people. to he’d any eased had the and doctor. him: biography flushed. a","""title"": ""The Diary of a Nobody"", ""author"": ""George and Weedon Grossmith"""
['graham'],"I saw [MASK]’s eyebrow quirk in a rascally way as he did the math. “You became a captain extremely quickly, Sixteen. Found your forte?”","""title"": ""Old Man's War"", ""author"": ""John Scalzi""","captain he I math. did extremely quickly, became eyebrow forte?” a quirk as rascally saw your Sixteen. [MASK]’s “You a way the in Found","""title"": ""To Kill a Mockingbird"", ""author"": ""Harper Lee"""
['arthur'],"[MASK] grimaced. I saw his hand shiver momentarily on his glass, and then he swallowed everything in it with a wet click. “Promotion was—fast—in the war,” he said shortly.","""title"": ""The Great Gatsby"", ""author"": ""F. Scott Fitzgerald""","hand [MASK] glass, wet I it said shortly. saw on and his in a then with everything click. swallowed “Promotion shiver was—fast—in grimaced. war,” he the his momentarily he","""title"": ""1984"", ""author"": ""George Orwell"""
['margaret'],"[MASK], incidentally, listened to the men talk about their careers with a suffused urgency that only I noticed. In her own era, she’d slept in the room next to the one where she had been born. She thought Scotland was far-flung and semi-barbaric. When we came round to talking about my time working as a translator in Cambodia, I felt her attention all over me. I may have talked slightly too much.","""title"": ""The End of Eddy"", ""author"": ""Édouard Louis""","I I her came to room have careers as far-flung [MASK], own in She slightly my next with thought incidentally, her all where too slept that the suffused we only talking much. round era, she translator about attention Scotland noticed. talk had over the to I a and born. time me. she’d about When a been may talked felt the listened was In men in one Cambodia, to urgency working their semi-barbaric.","""title"": ""The God of Small Things"", ""author"": ""Arundhati Roy"""
['graham'],"How the topic of weed came up I couldn’t remember—probably during one of the vigorous debates about what the twenty-first century had genuinely improved, which in the opinion of the expats was a mixed bag. I was shortly handing my grinder and papers to [MASK] (who was far more adept at rolling).","""title"": ""The Beach"", ""author"": ""Alex Garland""","weed twenty-first [MASK] my was had a far (who expats genuinely one adept handing the debates of up at during How vigorous what of the the opinion improved, couldn’t was about I and mixed grinder papers which came to in century the the of topic remember—probably more I bag. rolling). was shortly","""title"": ""Finnegans Wake"", ""author"": ""James Joyce"""
['margaret'],"Meeting [MASK] made me vivid and receptive. Sentences weighed more. I kept a half-conscious catalog of where the men were looking. I’ve seen people deal with this in different ways. By “this,” I mean power. I mean magnetism. I try to absorb it. Within twenty minutes [MASK] and I were planning a girls-take-Soho night out, which necessitated me explaining the history of Soho, the concept of clubbing, the genre of R & B, the club night R & She, and dancing. I hadn’t been clubbing since I was an assistant in Languages. No matter.","""title"": ""Conversations with Friends"", ""author"": ""Sally Rooney""","I and night I which in a more. were hadn’t was assistant made looking. R I weighed girls-take-Soho kept different were receptive. and minutes clubbing out, the me night the the club absorb dancing. of [MASK] “this,” concept Sentences half-conscious I since history in men twenty R I’ve genre and mean matter. vivid I this By with planning magnetism. me ways. & of Soho, where it. the She, & an try of explaining I seen necessitated Meeting catalog people mean the B, Languages. deal to Within [MASK] of power. I been a clubbing, No","""title"": ""Ulysses"", ""author"": ""James Joyce"""
['arthur'],"“Such matters are between myself and God,” he said gravely. “Oh, stop frowning, Sixty-five. [MASK], will you please lead her in a polka, if you can still stand.”","""title"": ""War and Peace"", ""author"": ""Leo Tolstoy""","between polka, if stand.” [MASK], myself you will stop “Such and he still God,” in you said “Oh, gravely. frowning, please her matters are Sixty-five. can lead a","""title"": ""Ulysses"", ""author"": ""James Joyce"""
['margaret'],"“In this age, musicians are imprinted inside music boxes, and there is no need for the band to keep time,” said [MASK]. “You will instruct me in the polka, or I will step on your toes.”","""title"": ""The Golden Compass"", ""author"": ""Philip Pullman""","toes.” this age, in need for to and polka, the step on music there said your imprinted [MASK]. will I “You are “In me or instruct the keep time,” no band inside boxes, will is musicians","""title"": ""The Metamorphosis of Prime Intellect"", ""author"": ""Kafka"""
['arthur'],"[MASK], by contrast, danced beautifully. He dipped me, and I bent like a reed. He spun me, and I was, with such satisfaction, spun.","""title"": ""The Night Circus"", ""author"": ""Erin Morgenstern""","He a I [MASK], and spun. satisfaction, like beautifully. and with me, danced dipped was, such by bent contrast, me, He I reed. spun","""title"": ""Finnegans Wake"", ""author"": ""James Joyce"""
['margaret'],"As soon as she stepped in, I started making a tally of the evidence of unbeauty. There was a chair whose seat was filled with clothes too dirty for the wardrobe but too clean for the washing basket. My bedside table sprouted two water glasses and a mug. Dust crouched on the skirting boards and in the seams of my chest of drawers. When a woman is as impossibly attractive as [MASK], the mediocrity shed by a woman like me bustles around her like a horde of pigeons. Or so I thought, at that time. Truthfully, I’d been foxed by how beautiful she was. I felt a complicated anguish when I saw her little besocked toes treadling the carpet.","""title"": ""The Girls"", ""author"": ""Emma Cline""","horde of thought, I’d attractive but drawers. dirty she two a little chair clothes seams the her for sprouted of and like too in, she bustles my the carpet. at as was complicated too tally wardrobe as impossibly of I pigeons. a a for felt the a was table When glasses by started besocked anguish by I soon with crouched the is mug. seat washing so a water beautiful on [MASK], skirting the Dust Or around bedside her I a As when of as clean woman me filled the how was. and There unbeauty. Truthfully, time. the saw treadling like of mediocrity a whose chest been woman foxed in toes boards making evidence I My stepped shed that basket.","""title"": ""Finnegans Wake"", ""author"": ""James Joyce"""
['margaret'],[MASK] appeared unaware of any of these concerns. She didn’t even glance at herself in the mirror. She gave me an interested grin as I pulled out my lipsticks.,"""title"": ""The Hunger Games"", ""author"": ""Suzanne Collins""",in unaware I lipsticks. grin didn’t me these my out even herself pulled concerns. any gave an appeared She as glance [MASK] mirror. of the of She at interested,"""title"": ""To Kill a Mockingbird"", ""author"": ""Harper Lee"""
['margaret'],"I’d stopped wearing it—I was, at the time, thinking of the way my face might be received by a Victorian who didn’t approve of cosmetics—but I demonstrated the coverage of my sole foundation. [MASK] was amazed by the smoothness of its application and the faithfulness of its shade. She drew an arrow with it on her cheek. On her fair skin, it looked like clay. We started giggling.","""title"": ""The Idiot"", ""author"": ""Elif Batuman""","at arrow of her of coverage time, a on it stopped didn’t smoothness giggling. shade. my clay. She with it—I foundation. and application faithfulness On amazed might the looked demonstrated an cosmetics—but started its the of be who of her the We approve sole [MASK] it by cheek. skin, by its my way I received Victorian I’d fair face the wearing was like was, of thinking the drew","""title"": ""The Picture of Dorian Gray"", ""author"": ""Oscar Wilde"""
['margaret'],"The door grumbled shut and I fell back into a doze. [MASK] was snoring lightly, like a puppy being squeezed. The door reopened, and I surfaced to vague consciousness. I felt a wave of cool air, and then a gentle warmth. He had spread a blanket over the pair of us.","""title"": ""The Host"", ""author"": ""Stephenie Meyer""","and back had lightly, a door I [MASK] a consciousness. snoring vague reopened, us. air, grumbled like He door of a cool The into felt warmth. blanket spread being The squeezed. I wave the over doze. shut I gentle was puppy and to then of fell a and surfaced pair a","""title"": ""Finnegans Wake"", ""author"": ""James Joyce"""
['graham'],"All the expats had phones, paid for (and tapped) by the Ministry. [MASK] had switched his own phone on a total of three times in the seven months he had been in the twenty-first century. I was therefore unsurprised when, about half an hour after their plane landed, I got a call from Arthur’s phone.","""title"": ""The Restaurant at the End of the Universe"", ""author"": ""Douglas Adams""","their when, in a call century. total plane about in phone. the a by was had seven an he unsurprised got Arthur’s the phones, three times Ministry. half from the after hour [MASK] been (and I the expats had paid twenty-first phone had I All own months his therefore tapped) switched on landed, for of","""title"": ""1984"", ""author"": ""George Orwell"""
['arthur'],"[MASK] was striding up the street, bent slightly against a wind which didn’t exist. He was wearing a tweed jacket and looked like a period piece, but then again, so did Pimlico. I hadn’t seen him since the men had got back from Scotland and I asked him whether he enjoyed his trip.","""title"": ""The Hound of the Baskervilles"", ""author"": ""Sir Arthur Conan Doyle""","a Pimlico. I got which he and Scotland so but didn’t trip. back tweed wearing exist. then since the had was I whether was period against and enjoyed a him wind the a from him striding hadn’t men again, up asked did jacket like bent his He street, seen looked slightly [MASK] piece,","""title"": ""1984"", ""author"": ""George Orwell"""
['graham'],"It paid off in the early autumn. When I came down for breakfast one morning, I found [MASK] at the counter with a dictionary and a tin of protein powder, performing exegesis on the label.","""title"": ""The Hitchhiker's Guide to the Galaxy"", ""author"": ""Douglas Adams""","[MASK] came morning, a protein counter the found I in dictionary and down of I on the breakfast for powder, It at a paid one off tin exegesis performing label. early When the with autumn.","""title"": ""Finnegans Wake"", ""author"": ""James Joyce"""
['adela'],"[MASK] was of the “never been to the GP in my life because I’m not a pussy” school of care, and nothing changed. If the expats were dangerously ill, they’d be removed to the wards and never mind the trigger; if they could get a grip and deal with it at home, they should.","""title"": ""The Hitchhiker's Guide to the Galaxy"", ""author"": ""Douglas Adams""","with in life trigger; because be deal never to was school the pussy” If I’m were care, and they [MASK] changed. “never a to a GP nothing they get my grip it not the could should. home, they’d of the expats ill, wards mind the been and at dangerously if and the of removed","""title"": ""Girl, Interrupted"", ""author"": ""Susanna Kaysen"""
['graham'],"For a day or so, things were, once again, misflavored and uncomfortable between us. [MASK]’s relationship to sexuality was a mystery. I had no idea if he’d ever had a sex life, or if he wanted one. The most his Ministry psychoanalyst had been able to get out of him on the comparative boisterousness and acquisitiveness of twenty-first-century sex was that he found it terribly eighteenth. I had a copy of his medical records from his extraction, and he hadn’t tested positive for, or been treated for, any STIs. Given the prevalence of prostitution in Victorian England, the nonexistence of reliable barrier contraception in his era, and the fact that he was a sailor, this suggested he was either a virgin or very lucky. But then again, I knew enough about his biography to know that he was very, very lucky.","""title"": ""The Baroque Cycle"", ""author"": ""Richard K. Morgan""","positive one. that and treated out psychoanalyst a his in a that of once know records [MASK]’s a lucky. tested relationship I lucky. fact this had acquisitiveness very, of to about comparative sex he’d medical uncomfortable a he or on been England, prevalence for, or had things been I contraception of and had and Ministry hadn’t to was or his idea he nonexistence enough eighteenth. in his day the and very he The no the his life, wanted sexuality twenty-first-century us. was copy again, For Given the any very found But mystery. was had prostitution of sex again, a so, either he he able sailor, if terribly era, to most ever suggested of was extraction, if it for, a biography I from STIs. then between Victorian him was his misflavored the virgin barrier boisterousness get were, he knew or reliable that","""title"": ""The Sexual Life of Our Time"", ""author"": ""Iwan Bloch"""
['graham'],"I smiled. It was so hard not to treat the expats like blank slates onto which I might write my opinions. I understood the adage “knowledge is power” whenever I looked into Margaret’s face, the sultry peach color of her mouth and her acne glowing with unprinted newness. There was something hauntingly young about all of them, a scarcity of cultural context that felt teenaged, and I didn’t know if my fascination with it was maternal or predatory. Every time I gave [MASK] a book, I was trying to shunt him along a story I’d been telling myself all my life.","""title"": ""The Mothers' Group"", ""author"": ""Lori Gottlieb""","a that and to sultry was shunt know I the power” book, and I her I’d the I along with scarcity understood adage was whenever maternal not if was Every time of story Margaret’s unprinted was I of might write opinions. the newness. hauntingly There with about face, predatory. of into hard her trying life. didn’t young cultural my gave it to glowing context my looked teenaged, slates my is peach treat all felt It all a onto “knowledge acne which like him been I I expats [MASK] a them, or mouth myself color telling something so fascination smiled. blank I","""title"": ""The Bell Jar"", ""author"": ""Sylvia Plath"""
['graham'],[MASK] was adamant about not informing the Ministry about his illness. It was the closest I had ever seen him to entreating. I thought about it a lot. I liked being entreated by him.,"""title"": ""Harry Potter and the Half-Blood Prince"", ""author"": ""J.K. Rowling""",Ministry about I the a him. entreating. about I it had not closest seen informing illness. about to thought him adamant the lot. was was ever [MASK] liked being It I by entreated his,"""title"": ""1984"", ""author"": ""George Orwell"""
['adela'],"You’re angry, maybe, that I could have been this callow. You think you would have seized the lever here, swung the tram over the empty track instead of toward the row of bound prisoners. You ask me why I wasn’t more suspicious. But naturally I was suspicious. [MASK] was shifting, elusive—her very face was inconsistent. Her reasons were bad, half-veiled. Then again, whose upper management am I not describing? Who trusts their workplace? Who thinks their job is on the side of right? They fed us all poison from a bottle marked “prestige,” and we developed a high tolerance for bitterness. I would have been more frightened if the pressure lifted, like an indoor cat struck by sudden rain.","""title"": ""The Power"", ""author"": ""Naomi Alderman""","the on I been that half-veiled. of upper a indoor You why describing? workplace? pressure and lifted, track tram maybe, tolerance think bitterness. not high have their developed whose me the Who right? of very Then like marked more thinks we could elusive—her would the [MASK] bad, poison Who trusts toward the inconsistent. angry, have row swung face suspicious. reasons suspicious. if is “prestige,” empty management frightened I an bottle for here, sudden You’re seized am the was by lever been more struck their you You naturally callow. But would of prisoners. wasn’t all fed from a have this I side cat over were us I was rain. job They was instead I again, the Her bound shifting, ask","""title"": ""Finnegans Wake"", ""author"": ""James Joyce"""
['graham'],"I gave [MASK] history’s squeakiest bollocking. He hardly paid it attention. He wanted to know how it was possible for the Ministry to know that he had crossed the boundary, or indeed where he was, and I was tongue-tied.","""title"": ""Harry Potter and the Deathly Hallows"", ""author"": ""J.K. Rowling""","or the wanted crossed history’s he to the that He squeakiest was and [MASK] to how was, I possible He where bollocking. for it paid had know indeed attention. gave I tongue-tied. was hardly know boundary, it he Ministry","""title"": ""1984"", ""author"": ""George Orwell"""
['graham'],"One evening in early November I came home to the luscious mingled smells of cooking and smoking. [MASK] was sitting at the dining table with a cigarette between his lips, tapping at a laptop. He no longer needed several minutes to find the letter “M,” but he typed with his index fingers alone, pecking out sentences.","""title"": ""The Brief Wondrous Life of Oscar Wao"", ""author"": ""Junot Diaz""","of cigarette dining luscious laptop. “M,” at a out mingled and was lips, his letter minutes the with home November tapping find came smells the cooking but no a at sentences. pecking the smoking. longer I with [MASK] He typed he to evening to between needed his in several alone, table early sitting fingers One index","""title"": ""The Shining"", ""author"": ""Stephen King"""
['graham'],"[MASK] had developed an interest in Southeast Asian food. He asked me questions about what my mother cooked, ferrying tiny melamine bowls under my mouth to check flavors. Sometimes I saw the same concentration on his face as when he sketched the alien shapes of the transmission towers. He took in anecdotes about my childhood meals as if they would contribute to a portrait of a whole woman. He ignored the fact that mostly I cooked assorted chicken pieces on rice. I could tell him things about galangal, and he found that very profound.","""title"": ""The Particular Sadness of Lemon Cake"", ""author"": ""Aimee Bender""","my in as took questions I alien bowls he flavors. the profound. same about very I about melamine Asian mouth ignored shapes I contribute He could cooked, towers. my assorted found He a that face Sometimes on his an on the tell sketched childhood my him fact transmission me what saw the they and He a in chicken about ferrying portrait meals [MASK] under mostly interest if whole would as had concentration woman. anecdotes of tiny that check mother cooked he pieces food. asked of to rice. things the to galangal, developed when Southeast","""title"": ""The Particular Sadness of Lemon Cake"", ""author"": ""Aimee Bender"""
['adela'],"At the end of the bridge year, the expats had to begin the next stage of assimilation—they had to get jobs. He wanted to rejoin the navy, despite its unrecognizable modernization. I wanted him in a role that didn’t require him to be at sea for months, possibly years, at a time. It was too soon, I told myself. Whatever [MASK] said, he wasn’t ready, he’d barely left London, let alone land. But I wanted him to stay for other reasons too. It was humiliating to know that about myself and to say nothing into his implacable placidity.","""title"": ""The Expatriates"", ""author"": ""Janine di Giovanni""","wanted to It [MASK] the wasn’t to that It implacable had say and left had other end him at him possibly But He myself. was a wanted was time. in bridge myself I barely years, the begin I jobs. months, he’d for a to next of year, wanted role soon, too. about the of stay rejoin assimilation—they into navy, ready, sea alone the that nothing know let said, to reasons Whatever too land. at for to I didn’t told unrecognizable him stage get modernization. humiliating placidity. despite be he to At its require his to the London, expats","""title"": ""1984"", ""author"": ""George Orwell"""
['graham'],"In the background, [MASK]’s laptop had been providing an inappropriate soundtrack (Motown again). It clocked into its next track, which was the Beatles cover of “You’ve Really Got a Hold on Me.” I started laughing—partly because it was the most ludicrous song that could play at that moment, and partly because it felt quintessentially Victorian of him to hate the Beatles, which he did.","""title"": ""The Eyre Affair"", ""author"": ""Jasper Fforde""","that that the Beatles quintessentially it “You’ve next been of to providing Victorian was because Got an was I because Hold Me.” In again). clocked which it felt could laughing—partly into moment, had hate the the Really him which song he play It on ludicrous and [MASK]’s track, started a partly Beatles, soundtrack the (Motown its laptop at inappropriate of background, did. most cover","""title"": ""Just Kids"", ""author"": ""Patti Smith"""
['graham'],"When [MASK] got online, as he did not call it, and learned to peck at the keyboard with the elegance and speed of a badly burned amphibian, I imagined what might turn up on my reports from the Ministry’s search history database—“bosoms,” “tight lacing,” “stockings”—and spasmed with embarrassment. I was sick on the anticipation that I’d learn he was sexually cracked in some way, or worse, only interested in blond debutantes. One of his first searches was charmingly housewifely: “Most challenging recipes”; “How to make cheese soufflé”; “What is miso paste?”; “Where to buy miso paste”; “How long has Japan been open to Europe?” A day or so after I’d read this report, I received another that listed the following search terms:","""title"": ""The Circle"", ""author"": ""Dave Eggers""","way, miso first the lacing,” after and debutantes. got anticipation received I terms: “tight and searches read call his A “Where blond buy search database—“bosoms,” as a on not challenging history been report, to soufflé”; day paste”; up the “How badly cracked or it, “stockings”—and he he the “Most paste?”; or When was the of that embarrassment. following Japan only did learn worse, sexually I speed some “What I to spasmed my charmingly housewifely: [MASK] on imagined of has so cheese burned to is online, might I’d sick that recipes”; reports what I’d search was with make keyboard listed from Europe?” learned interested in in turn “How miso amphibian, was peck open One the another Ministry’s long at to this with elegance","""title"": ""The Areas of My Expertise"", ""author"": ""John Brockman"""
['arthur'],"Our street was in the early stages of overflow when I reached it. A lively river floor, applauding with raindrops, had replaced the road. I could make out the nauseous glimmer of high-vis jackets. There was shouting, some of it cheerful. The council had already delivered the sandbags—sent by trucks with wheels so big they looked like a rude joke—and people were fixing up domestic barricades. Blitz spirit, the newspapers called this sort of thing, as if either climate catastrophe or the Blitz was a national holiday. This stoic jollity was how we’d introduced the Second World War to the expats, by the way—[MASK] had been so distressed to learn we’d gone in for global seconds that it seemed like the kindest option. We emphasized the scrappy heroism of Dunkirk, the selflessness of evacuee hosts, and, of course, the Blitz spirit. Still, we had not told them about the death camps.","""title"": ""The End of Eddy"", ""author"": ""Édouard Louis""","of so scrappy I told glimmer had in joke—and the out early camps. up the could were with if distressed holiday. death of the spirit. street of lively We to had a This the council been heroism it. I fixing this had big to climate floor, was barricades. expats, domestic rude cheerful. The evacuee of jollity Blitz already it trucks There seconds national them as about we’d Blitz high-vis they nauseous by reached A that had Dunkirk, gone replaced stages introduced make it raindrops, the and, we’d with Second people Blitz selflessness the was overflow or so the the War when a Still, river hosts, emphasized of road. we the applauding like newspapers way—[MASK] some stoic for catastrophe jackets. not sandbags—sent wheels Our the the learn global how sort like option. either World by called spirit, looked in seemed the course, was the was of of thing, delivered kindest the shouting,","""title"": ""The War of the Worlds"", ""author"": ""H.G. Wells"""
['adela'],"“It’s better that we continue to work closely with Eighteen-forty-seven,” [MASK] had said, “given that he seems likely to survive the year.”","""title"": ""The Three-Body Problem"", ""author"": ""Liu Cixin""","continue that said, seems year.” better survive to “given Eighteen-forty-seven,” closely we work with he had that [MASK] the “It’s likely to","""title"": ""1984"", ""author"": ""George Orwell"""
['adela'],"[MASK]’s voice contracted on that last sentence. She wiped her gaze, concentrated in her one working eye, up and down my face, to see if I’d noticed, and continued, “Our first priority is protecting the expats and the time-door. The time-door has been moved to a secure location. I suggest you retake the physical aptitude assessment, and then we can work on your lateral-reasoning scores—”","""title"": ""The Long Way to a Small, Angry Planet"", ""author"": ""Becky Chambers""","your the and you we physical sentence. suggest has is lateral-reasoning noticed, and protecting voice time-door her been “Our to moved and up and contracted retake last that concentrated then location. the in assessment, She see her secure the I The priority first if scores—” face, working aptitude gaze, my down wiped to on on continued, expats eye, I’d work time-door. can one a [MASK]’s","""title"": ""1984"", ""author"": ""George Orwell"""
['arthur'],"[MASK] was gentle, no matter how grotty my behavior. He had found out about Scrabble, and he sometimes brought his travel set along—my inner competitive bitch could stave off a black mood for half an hour or so.","""title"": ""The Liars' Club"", ""author"": ""Mary Karr""","for so. travel or along—my he out inner matter gentle, a bitch my mood He stave how and found half could hour about competitive Scrabble, grotty was sometimes black behavior. off an [MASK] no his had brought set","""title"": ""Ulysses"", ""author"": ""James Joyce"""
['adela'],"My email made a chiding noise. [MASK] was the originator, and she’d put me in blind copy. It was a short email. [MASK] had a real gift for cramming apoplexy into a couple of lines.","""title"": ""The Circle"", ""author"": ""Dave Eggers""","apoplexy and lines. cramming for My of originator, It the me in real into was email couple noise. put a email. had a a she’d short copy. [MASK] was [MASK] gift made chiding a blind","""title"": ""Unknown"", ""author"": ""Unknown"""
['adela'],"The email told us that her death would be reported to the expats as a suicide. “This cannot be emphasized enough,” [MASK] had written, with a double underline.","""title"": ""The Girl with the Dragon Tattoo"", ""author"": ""Stieg Larsson""","expats had death with cannot be [MASK] enough,” The would underline. as that “This emphasized suicide. reported a us a double the told her be written, to email","""title"": ""The Girl with the Dragon Tattoo"", ""author"": ""Stieg Larsson"""
['arthur'],"[MASK] smiled and sat down beside me, stretching out his long legs. Twisting the signet ring on his finger—a tell as clarion as my skin biting—he murmured, “We didn’t know her as well as we would have liked. I wish we had.”","""title"": ""The Mortal Instruments: City of Bones"", ""author"": ""Cassandra Clare""","murmured, as we we on liked. had.” his legs. stretching down have [MASK] her beside me, skin tell Twisting well out as sat biting—he finger—a long didn’t and as smiled I wish the his ring “We clarion would as signet my know","""title"": ""Ulysses"", ""author"": ""James Joyce"""
['anne spencer'],"[MASK] almost made it off those wards. After I read the email, an ancient and exuberant terror blazed through me. It was partly the terror that had grown in me alongside my very bones, knowing as I did that I only existed because my mother had outrun almost; I don’t know at what point you stop feeling the need to run, generation by generation, when you’re born after that.","""title"": ""The Song of Achilles"", ""author"": ""Madeline Miller""","It mother grown partly the my feeling that. point ancient made exuberant email, what terror knowing had generation outrun bones, me. the was that I need when After did terror and know only [MASK] my through it that an to in I almost blazed born stop run, very as don’t those read alongside I the at I had generation, wards. you off by me existed you’re because almost; after","""title"": ""Finnegans Wake"", ""author"": ""James Joyce"""
['rogue male'],"He was sitting at the noisome kitchen table, staring at nothing. [MASK] was lying splayed and face down by the ashtray. The thing in my chest kicked again as I realized he must have grabbed it as we left our home. When I came in, he didn’t move anything but his gaze, which swung up like a whip.","""title"": ""The Hunger Games"", ""author"": ""Suzanne Collins""","ashtray. thing kitchen was came table, The noisome splayed like but it we as the in He lying have he the nothing. home. I he kicked staring must our and whip. gaze, in, move up face grabbed as I was anything down [MASK] by a chest left again his realized at my sitting didn’t which swung at When","""title"": ""Ulysses"", ""author"": ""James Joyce"""
