Single_ent,en_masked,en_masked_shuffled,en_masked_results,en_masked_shuffled_results
['jake'],"“I think I’m all set here,” he says, and lol of course he isn’t going to kiss me. “But if I forgot anything, you can have [MASK] come pick it up.”","he [MASK] “But forgot going all up.” kiss me. think and to it anything, lol he pick I’m “I can here,” have if says, course come of you isn’t I set","<output>""title"": ""Happy Place"",""author"": ""Emily Henry""</output>","The provided passage is very fragmented and lacks coherent context. However, based on the structure and style, it seems experimental and might belong to a modern, avant-garde, or unconventional work.

<output>""title"": ""House of Leaves"",""author"": ""Mark Z. Danielewski""</output>"
['jake'],"[MASK]: younger brother to West (and only slightly less good-looking) and that type of college friend who knows everything about my life at UCLA but has never met my father, who lives only an hour away. [MASK] introduced me to West; now [MASK] will be my sole remaining connection to West. The thought makes me a little sad, but then I remember I have the couch and T-virus zombies waiting for me inside.","college West [MASK] waiting less who only to knows everything introduced be but will my good-looking) to I [MASK]: little life my and that has UCLA the away. sad, brother me only friend remaining younger have zombies West; and T-virus at met to type hour who for couch father, me now an remember a never of The connection makes inside. sole lives but slightly me [MASK] (and West. my I thought then about","<output>""title"": ""Maybe in Another Life"",""author"": ""Taylor Jenkins Reid""</output>","The given passage appears to be heavily modified, distorted, or missing crucial parts that would make identifying the book and author particularly challenging. However, based on some clues like ""UCLA,"" ""zombies,"" and ""T-virus,"" it could potentially reference themes associated with *Resident Evil* or similar works featuring zombies and viruses.

<output>""title"": ""Resident Evil: The Umbrella Conspiracy"",""author"": ""S.D. Perry""</output>"
['anna'],"“You, too.” West smiles that eye-crinkling smile again, and damn, I really wish I’d seen it more. “Bye, [MASK].”","that again, more. and too.” West smiles eye-crinkling “Bye, “You, seen really wish it I damn, [MASK].” I’d smile","<output>""title"": ""Twisted Love"",""author"": ""Ana Huang""</output>","The passage provided appears to be heavily encoded or corrupted, making it challenging to discern its source with precision. However, to adhere to your instruction to make a guess, I will do so based on the fragmented nature of the text and its style.

<output>""title"": ""A Visit from the Goon Squad"",""author"": ""Jennifer Egan""</output>"
['anna'],"I feel her attention move from the empty apartment to the side of my face, and when I smile over at her, her blue eyes are round with worry. “Holy shit, [MASK], I had no idea. Are you okay?”","empty move shit, I her face, had my the when you no attention from apartment Are over and smile blue “Holy I with the I side idea. eyes okay?” feel are to her, [MASK], at of worry. round her","<output>""title"": ""It Ends with Us"", ""author"": ""Colleen Hoover""</output>","The passage provided appears to be nonsensical or heavily corrupted, making it very difficult to determine its origins. However, based on the fragmented style, it might resemble experimental or abstract literature. My guess is as follows:

<output>""title"": ""Finnegans Wake"",""author"": ""James Joyce""</output>"
['john wayne'],"“That is wonderful news, sweetheart! Oh, I’m so thrilled! Why don’t you fly down to [MASK] the night before, stay at the house, and we’ll all take the plane over together? The flight to Singapore is a bear.”","don’t sweetheart! so down “That you Why night the wonderful and to over thrilled! the [MASK] Oh, before, at house, The stay is take all is plane we’ll bear.” a Singapore news, together? I’m to flight the fly","<output>""title"": ""Crazy Rich Asians"",""author"": ""Kevin Kwan""</output>","<output>""title"": ""Unknown"",""author"": ""Unknown""</output>"
['anna'],"“[MASK]?” he says, like he’s not entirely sure, and then does a full top-to-bottom sweep of my body, which recalls the lack of pants. When he digs his hand into his luscious head of hair, I forget to be embarrassed again, because it all comes back to me.","luscious like and body, forget embarrassed he of again, entirely it my head me. be pants. all When which he’s the not because he lack digs full sure, his into “[MASK]?” of I recalls to comes sweep to hand hair, then back does says, top-to-bottom a of his","<output>""title"": ""The Love Hypothesis"",""author"": ""Ali Hazelwood""</output>","<output>""title"": ""Fifty Shades of Grey"",""author"": ""E.L. James""</output>"
['anna'],The expression he makes is like the meme of that one kid who smiles and then immediately bursts into tears. West is staring at me like he’s doomed but must pretend to be happy about it. “[MASK]. You look… great?”,makes bursts smiles at it. happy that look… like pretend kid staring who meme You must then one be me into immediately of he doomed he’s West The about like and expression great?” is the is but “[MASK]. to tears.,"<output>""title"": ""Better Than the Movies"",""author"": ""Lynn Painter""</output>","<output>""title"": ""Difficult to Identify"",""author"": ""Uncertain""</output>"
['conan'],"Stepping aside, I let him pass, and he pulls up short at what’s on the television screen. [MASK] is enthusiastically fucking a witch in a cave. We both clear our throats and look up at the ceiling instead.","at We witch him cave. and pass, and I the instead. up ceiling look television let at on throats our up [MASK] pulls screen. the Stepping a enthusiastically aside, what’s fucking in is both clear he short a","<output>""title"": ""Babel: Or the Necessity of Violence"", ""author"": ""R.F. Kuang""</output>","The passage provided appears to be garbled or contains significant errors, making it challenging to recognize specific context or identify the source accurately. However, based on its fragmented and experimental style, it loosely resembles works that employ unconventional narratives or distinctive styles, such as David Foster Wallace or similar authors.

<output>""title"": ""Infinite Jest"",""author"": ""David Foster Wallace""</output>"
['anna'],"He adjusts his posture on the sofa, turning slightly to face me. Oh, right. He came here to ask me for help. I sit up, too, tucking a loose strand of hair behind my ear. Focus, [MASK].","Focus, to up, of ear. on turning slightly my I me right. ask for behind He sofa, too, adjusts a sit me. help. strand his to tucking here hair He face Oh, the posture loose [MASK]. came","<output>""title"": ""It Ends With Us"",""author"": ""Colleen Hoover""</output>","<output>""title"": ""Fifty Shades of Grey"", ""author"": ""E.L. James""</output>"
['jake'],"“I knew what [MASK] ordered for lunch and what kinds of stupid movies would make him laugh, and I could predict all his pickup lines at parties, but we didn’t ever, like, sit down and do backstory. He didn’t even mention he had a brother until he suggested I marry you.”","sit his ordered brother even suggested parties, we movies ever, stupid what kinds a of He down could like, and predict didn’t you.” him until all and and didn’t I he make pickup backstory. knew for marry lines but had at do mention what lunch I would he “I laugh, [MASK]","<output>""title"": ""Red, White & Royal Blue"",""author"": ""Casey McQuiston""</output>","The passage provided seems fragmented and lacks coherent context, making it difficult to identify a specific book and author with certainty. However, based on the style and themes suggested by the incomplete sentences, I will make a guess. 

<output>""title"": ""The Fault in Our Stars"",""author"": ""John Green""</output>"
['jake'],"“I definitely need to go back to the beginning,” I say, wiping my eyes. I mime an explosion at my temples. “Like—my mind is blown right now. You dressed like a middle schooler around the house. All basketball shorts, all the time. You drove a Honda! West, you’re incognito rich! No wonder [MASK] never told me anything about his family! I would have made him pay for Jersey Mike’s every fucking time! Wait. Why did you need to live on campus? If you’re the grandson of the founder of Weston’s, you could probably buy an entire apartment building on Sunset.”","“Like—my his pay to an back the have around right building “I grandson like [MASK] wiping about I the probably shorts, never Jersey Honda! No mime could need schooler temples. wonder middle on go basketball founder entire explosion told my to fucking You buy my house. blown is drove All me anything You I beginning,” apartment eyes. West, mind Sunset.” you’re Wait. Weston’s, If you’re incognito at of every of an made to you I definitely dressed for the family! on time. would you need did the now. Mike’s live him say, all a a the time! Why campus? rich!","<output>""title"": ""Icebreaker"",""author"": ""Hannah Grace""</output>","It appears that the passage you provided is heavily distorted or nonsensical, possibly due to errors, corrupted text, or a deliberate encoding of information. A clear interpretation of the content, themes, or context of the book cannot be derived from this text. However, I am still required to make a guess.

<output>""title"": ""House of Leaves"",""author"": ""Mark Z. Danielewski""</output>"
['conan'],"That lands in a puddle of silence, and it hits me after a couple of seconds filled only with the sound of [MASK] kicking someone’s ass on TV that West expects me to catch his meaning.","catch of TV to on only silence, [MASK] in filled hits of and lands a expects with ass someone’s that kicking after the couple West me his That a meaning. sound me puddle it seconds of","<output>""title"": ""The Beginning of Everything"",""author"": ""Robyn Schneider""</output>","The passage provided appears to be nonsensical or heavily altered, making it challenging to identify its source. Based on the limited and incoherent clues in the text, I will make a guess.

<output>""title"": ""Infinite Jest"",""author"": ""David Foster Wallace""</output>"
['jake'],"“Correct.” He looks down to his lap. “Only [MASK] knew the real situation. The rest of my family was disappointed that I didn’t let them throw me a big wedding, but I guess they weren’t all that surprised. I’ve always been private.”","throw [MASK] big I me let looks knew that “Only my surprised. I’ve I guess the but they family down to his private.” a always been didn’t was situation. wedding, “Correct.” real of lap. He all disappointed The rest that weren’t them","<output>""title"": ""The Love Hypothesis"",""author"": ""Ali Hazelwood""</output>","<output>""title"": ""Unknown"",""author"": ""Unknown""</output>"
['anna'],"He looks me over again, top to bottom, and the defeat in his eyes makes me realize the true extent of my unshowered, feral chaos. “Actually, [MASK],” he says, “I need you to come with me to my sister’s wedding in Indonesia and convincingly play the part of my very loving wife.”","makes me and you looks me “Actually, He my eyes wife.” Indonesia defeat convincingly his realize me bottom, he to to my and in chaos. extent with of says, “I the sister’s over need in feral the unshowered, loving top to very again, [MASK],” my the of play come part wedding true","<output>""title"": ""The Unhoneymooners"",""author"": ""Christina Lauren""</output>","The passage provided appears to be garbled or nonsensical, making it difficult to identify its origin definitively. However, given the task to make a guess, here is a speculative output:

<output>""title"": ""Infinite Jest"",""author"": ""David Foster Wallace""</output> 

This guess is based on the passage's disjointed, complex style, which aligns with Wallace's challenging and intricate prose."
['anna'],"It’s surreal to be here with her after all this time. I was so close to being done with this, so near to the finish line, yet here I am, having to improvise an intricate plan B at the eleventh hour with a Muppet in human form as my co-conspirator. Don’t get me wrong, beneath the baked, unshowered disarray, [MASK] is still a beautiful woman, with enormous brown eyes, creamy skin, and long, willowy limbs. I’d always been fascinated with the perfect beauty mark just above her lip. Unfortunately, right now she looks like she’s fallen out of a tree and crawled through a field of tangly briers to get back to her apartment. This is probably the closest I’ve ever seen to her natural hair color because the pink has grown out a good inch, leaving a stripe of brown at her roots. Her makeup is, I presume, from yesterday; shadows of mascara carve dark circles beneath her eyes. Despite the old makeup and frazzled appearance, there’s still something striking about her. Her eyes are enormous and bright, framed with dark lashes, her steady gaze entirely without artifice.","being and circles hair out lashes, time. shadows been I’d closest form this, makeup of am, here to is, apartment. to yesterday; eyes. makeup her beneath skin, briers gaze with with Her I the was This natural all ever to co-conspirator. artifice. is with beneath yet bright, something human entirely a Muppet [MASK] B get the still old woman, is willowy tangly at fallen this like surreal having through here her a tree a and with intricate about the as to wrong, so the her framed hour so above steady are limbs. appearance, back done enormous roots. the the a still presume, without and a dark right probably dark finish carve perfect Unfortunately, a her to seen eleventh eyes there’s lip. because I’ve pink be striking improvise unshowered looks plan she leaving fascinated mascara close enormous inch, from out of baked, of to an always in line, frazzled beauty beautiful of the her and her get grown Don’t crawled she’s stripe after color brown now with brown at her Despite her. creamy field to It’s near has I me mark I my good just disarray, long, eyes, Her with","<output>""title"": ""The Love Hypothesis"",""author"": ""Ali Hazelwood""</output>","The passage appears to have abstract and poetic qualities, featuring surreal, fragmented imagery and descriptions. Based on the style and elements presented, it could be associated with an author known for experimental or contemporary prose. That said, as this is an unconventional, cryptic excerpt, the origin is challenging to identify with certainty.

<output>""title"": ""Bunny"",""author"": ""Mona Awad""</output>"
['anna'],"Though I am nearly certain her mind has wandered to something other than the topic at hand, I let her stare at the wall a little longer so I can stare at her and reconcile this version of [MASK] with the one I lived with for two years.","I reconcile topic at has with two so can her let the years. her than nearly I the I hand, stare at of mind [MASK] I something at other the to her this for one certain lived a wall am and with Though version longer wandered stare little","<output>""title"": ""It Ends with Us"",""author"": ""Colleen Hoover""</output>","<output>""title"": ""Unable to Determine"",""author"": ""Unable to Determine""</output>"
['anna'],"As roommates, we didn’t know each other well—that much is probably obvious—but there is an intimacy to sharing a space with someone, a certain kind of kinship that comes with daily proximity. [MASK] was reasonably tidy and paid her half of the rent when it was due, but she’d never struck me as the organized, driven, premed type. The one time we talked about it, she said something about medicine being the most palatable of the “real job” options, but she seemed overwhelmed a lot, studying late into the night and painting to decompress in what little free time she had. That she ultimately switched her major to fine art makes a certain amount of sense, but I want to punch myself for not realizing she wasn’t studying medicine at all anymore.","she probably time with is was studying “real The into her lot, reasonably she wasn’t and there her daily type. decompress medicine job” she’d obvious—but a a one want intimacy of at struck seemed sense, the we medicine what that the for time the [MASK] organized, a certain but it, painting she was she the other we didn’t of late overwhelmed sharing to That it night she know art roommates, proximity. about about not said is makes paid never the punch with anymore. each of fine studying an comes space in amount to to kind palatable rent to but myself talked kinship little as major options, well—that had. I half As something ultimately of all but me due, driven, tidy most premed someone, much being a certain free switched when and realizing","<output>""title"": ""The Ivies"",""author"": ""Alexa Donne""</output>","The passage provided seems heavily redacted, fragmented, or scrambled. Based on its themes and phrasing, it appears to involve discussions of a protagonist reflecting on roommates, studies, and potentially life choices (medicine, art, etc.), which could suggest a contemporary novel. My guess is speculative based on the tone and subject matter.

<output>""title"": ""Normal People"",""author"": ""Sally Rooney""</output>"
['anna'],"[MASK] squints at me. “You said ‘small,’ but I think you meant ‘private.’ Your sister is getting married on a private island, isn’t she?”","at think sister married you is ‘private.’ Your private ‘small,’ “You a on squints she?” island, said getting meant but I isn’t [MASK] me.","<output>""title"": ""Happy Place"",""author"": ""Emily Henry""</output>","The given passage is too fragmented and lacks context, making it challenging to accurately determine the source. However, based on the unusual and cryptic nature of the text, I am guessing it could be from an experimental or postmodern novel.

<output>""title"": ""Finnegans Wake"",""author"": ""James Joyce""</output>"
['anna'],"“Yes.” I work to not let my gaze do another sweep of her apartment. I’ve never been to Pulau Jingga, but my mom has been sending me info that I’ve mostly ignored for months. I know the basic idea—a luxury resort and conservation area set in the Indonesian archipelago—and it’s about as far from this dark, cramped living room as I can imagine. Right now, I need [MASK] to believe she can do this. Yes, she may be at rock bottom, but I need her to think she is just one fairy godmother moment away from sliding gracefully into the world she’s imagining.","info I believe just mostly from godmother but me rock I my this. I need bottom, work archipelago—and I’ve of the at I’ve has her know Right her but apartment. do sending the she’s it’s “Yes.” not may another been from area think she be imagine. I [MASK] about world to gracefully living sliding far to Jingga, been cramped and basic never set now, Indonesian I one is Pulau do room in as need ignored into gaze the fairy to Yes, resort idea—a to dark, away this conservation months. she can for moment she let sweep that luxury can as my mom imagining.","<output>""title"": ""The Fraud Squad"",""author"": ""Kyla Zhao""</output>","<output>""title"": ""Uncertain"", ""author"": ""Uncertain""</output>

The passage provided appears to be highly altered or fragmented, making it significantly challenging to identify any specific book or author with certainty. My guess, therefore, remains speculative given the lack of clear context or recognizable content."
['anna'],"[MASK] looks down at herself and I follow her attention to the front of her shirt, where a Froot Loop adheres to the cotton over her left breast. She plucks it off and pops it into her mouth. “Why not just find someone who can pretend to be me and who knows how to behave around societay?”","She [MASK] to of breast. into knows and me a plucks just find mouth. and herself I cotton the and the Loop can shirt, be around to attention her societay?” it at her looks off over who front not her adheres pops pretend to left down behave how follow it someone who Froot where to her “Why","<output>""title"": ""Eleanor Oliphant Is Completely Fine"",""author"": ""Gail Honeyman""</output>","The passage provided appears to be heavily corrupted or nonsensical with missing words and unusual phrasing, making it hard to attribute it to a specific book or author with certainty. However, based on the style and fragmented nature, I will make a speculative guess.

<output>""title"": ""Ulysses"", ""author"": ""James Joyce""</output>"
['jake'],"“I have the one of you and [MASK] hiking the Hills in a frame in my living room. It looks enough like me from the back.” I pause, scratching my jaw. “And… I’ve had a few others digitally photoshopped.”","have one scratching and pause, room. few enough I frame like hiking the the my in I’ve a “I others [MASK] a photoshopped.” you looks jaw. the Hills living of It “And… digitally my in back.” had me from","<output>""title"": ""The Love Hypothesis"",""author"": ""Ali Hazelwood""</output>","The passage provided appears to be fragmented and contains distortion, which makes it difficult to interpret its content clearly. However, based on the style and phrasing, I will make an educated guess.

<output>""title"": ""A Visit from the Goon Squad"",""author"": ""Jennifer Egan""</output>"
['jenny nelson'],"“That it’s small, upturned. She described it as ‘the nose [MASK] wanted and didn’t get.’ She’d notice if it was someone else’s nose.”","was She’d as nose and someone notice described “That it get.’ She nose.” small, didn’t else’s ‘the [MASK] if it’s upturned. wanted it","<output>""title"": ""Lessons in Chemistry"",""author"": ""Bonnie Garmus""</output>","It seems that the passage provided has substantial noise or corruption in its text, which makes it very difficult to recognize its source. However, based on the limited clues and the use of the word ""nose"" repeatedly, this could potentially come from a work focused on detailed character descriptions or interpersonal observations.

<output>""title"": ""Little Women"",""author"": ""Louisa May Alcott""</output>"
['anna'],"I don’t love the implication that I don’t work, that I’m trying to breeze through life on my inheritance, but I understand why she sees it that way. The truth behind everything isn’t important right now, and if this goes the way I hope it will, this will be an easy twelve days together and then we’ll never have to see each other again. “[MASK], are you available to do this? Please. I will pay all your expenses. I will even give you some money if you need to buy clothes.”","I I’m work, easy will love I on all your to everything to and why expenses. an this and understand if don’t that some trying days I this the will you never the it be will that Please. but my hope to then have you inheritance, this? again. give even see we’ll pay I life The sees twelve I need it implication clothes.” if important each “[MASK], I that goes are together you to behind way. breeze will, way don’t buy available other do isn’t now, she truth money through right","<output>""title"": ""The Inheritance Games"",""author"": ""Jennifer Lynn Barnes""</output>","The passage provided seems to be heavily garbled or perhaps encoded in an unusual manner, which makes determining the exact source highly challenging. However, based on the tone and structure, it might resemble modern experimental or fragmented literature. Given the lack of recognizable text or a clear pattern, this is a highly uncertain guess.

<output>""title"": ""Finnegans Wake"",""author"": ""James Joyce""</output>"
['anna'],"[MASK] points at me again. “Okay, I see that look, and so let me ask: what manner of clothes are required on this trip?”","points [MASK] required me look, at clothes that me so let this manner what trip?” see on of I again. ask: and “Okay, are","<output>""title"": ""Project Hail Mary"",""author"": ""Andy Weir""</output>","The given passage is highly fragmented and nonsensical, appearing incoherent as written. However, if I were to make a guess based on limited information, it could potentially be an excerpt with gaps or errors from a stream-of-consciousness writing style or experimental literature.

<output>""title"": ""Ulysses"",""author"": ""James Joyce""</output>"
['anna'],"“No, no, no.” [MASK] sits up and runs her fingers under her eyes, clearing away much of the mascara there. She pulls her ponytail free and reties it. Both actions do wonders for how chaotic she looks. “This is much more demanding. I’ll have to act. I’ll have to learn about everyone I’ll be meeting. I’ll have to manage your complete lack of humor. I’ll have to hobnob. This is an entirely new skill set.”","“This it. the hobnob. reties act. chaotic to entirely I’ll I’ll sits She be runs much much she eyes, under about for skill an do wonders is set.” have I’ll to no, her is of looks. your away pulls I’ll actions This her how to her meeting. “No, everyone complete no.” ponytail new of I’ll fingers and learn Both humor. to manage clearing and lack free mascara more there. [MASK] have have have demanding. up","<output>""title"": ""The Seven Husbands of Evelyn Hugo"",""author"": ""Taylor Jenkins Reid""</output>","The passage provided appears to be nonsensical and garbled, making it difficult to attribute it to any known book or author. However, as instructed, I must make a guess.

<output>""title"": ""Finnegans Wake"", ""author"": ""James Joyce""</output>"
['babe'],"“[MASK], [MASK],” she says, cupping my cheeks. “There is no downside here. Are you kidding? This is life-altering good.”","is you she life-altering is “There good.” kidding? says, cupping “[MASK], [MASK],” my Are here. downside This cheeks. no","<output>""title"": ""It Ends with Us"",""author"": ""Colleen Hoover""</output>","The passage provided appears to be fragmented and scrambled, making it difficult to recognize its origin. However, based on the phrase ""life-altering"" and the context provided, it might resemble the tone or style of modern romantic or self-discovery literature. Taking an educated guess:

<output>""title"": ""It Ends With Us"",""author"": ""Colleen Hoover""</output>"
['anna'],"“Insurance,” she says. “These people insure everything.” While I continue to stare at the rock, she returns to the list and laughs. “Get this: ‘[MASK], please feel free to schedule any hair, nails, spa, or grooming appointments and use the card to pay for those.’ ”","to laughs. continue use ” “Get she to any card to “These list and everything.” spa, she the ‘[MASK], rock, “Insurance,” While those.’ hair, appointments feel says. for nails, pay the insure schedule and please free to returns I or people at the this: grooming stare","<output>""title"": ""The Circle"",""author"": ""Dave Eggers""</output>","The passage appears to be very jumbled and incoherent, making it extremely difficult to accurately identify its source. However, based on the writing style and content, I will make a guess.

<output>""title"": ""Bossypants"",""author"": ""Tina Fey""</output>"
['anna green'],"There are two kinds of airport people: those who like to get to the airport three hours before departure to sit within eyesight of the gate, and [MASK].","airport the hours who There within of two to are [MASK]. eyesight before to those the and gate, kinds to people: like sit three airport get departure of","<output>""title"": ""Lessons in Chemistry"",""author"": ""Bonnie Garmus""</output>","<output>""title"": ""The Hours"",""author"": ""Michael Cunningham""</output>"
['anna'],"My eyes go wide, meeting [MASK]’s just as she stumbles, ankle twisting awkwardly on the skinny, murder-sharp heel of her shoe.","stumbles, she on as [MASK]’s wide, shoe. murder-sharp heel the twisting just her My go of eyes ankle skinny, meeting awkwardly","<output>""title"": ""A Court of Thorns and Roses"", ""author"": ""Sarah J. Maas""</output>","<output>""title"": ""Unknown"",""author"": ""Unknown""</output>"
['anna'],"I can’t entirely refute this idea. I’ve been out of my parents’ circle long enough to understand how disorienting it will be for [MASK] to step into it. She bends her fingers, turning her hand and looking at them from another angle. Frankly, they’re so pointy I’m worried she’ll scratch her own cornea. “But I asked the woman at the spa what the really rich ladies get, and she said it’s this fancy hard gel. I think I get the urge to have fake nails. I feel like a badass.” Twisting in her seat, she deposits her purse in my lap. “Watch this for a sec?”","from gel. for fake it’s it ladies hand get hard her said fingers, the been I to the She refute her into will deposits I Frankly, get, woman really entirely looking in her I’ve I’m my her this so understand own I a cornea. her badass.” asked purse think it. lap. at a my turning them can’t out Twisting what at another this nails. how to to I for this parents’ spa urge disorienting be she and pointy seat, circle worried the in the [MASK] “But have angle. enough scratch she “Watch and bends fancy like idea. she’ll feel long they’re I of rich step sec?”","<output>""title"": ""Romantic Comedy"",""author"": ""Curtis Sittenfeld""</output>","The passage provided appears to be heavily jumbled or nonsensical, and it is difficult to determine its true origin with certainty. However, based on the obscure and fragmented style, it could be reminiscent of experimental or postmodern literature. My best guess is as follows:

<output>""title"": ""House of Leaves"",""author"": ""Mark Z. Danielewski""</output>"
['anna'],"“Okay, okay. I’m on my way.” Slinging her purse over my shoulder and collecting our carry-ons, I make my way to the ladies’ room, where [MASK] peeks out into the hallway. As soon as she sees me, she reaches forward, grabbing the front of my shirt and jerking me inside.","soon [MASK] make as okay. the collecting and sees jerking shoulder way.” and her she I’m hallway. grabbing on purse our “Okay, to way peeks ladies’ where carry-ons, inside. my reaches my forward, she of front the I into out Slinging shirt my As over my me, me the room,","<output>""title"": ""It Ends with Us"",""author"": ""Colleen Hoover""</output>","<output>""title"": ""Unavailable or Insufficient Context"",""author"": ""Unknown""</output>"
['anna'],Apologizing over her shoulder to a woman washing her hands at the sink—“I swear we aren’t going to have sex in here!”—[MASK] pulls me into a stall and flips the lock.,a here!”—[MASK] over have stall lock. to into and we the Apologizing washing hands a to me her swear aren’t her in flips sink—“I shoulder pulls woman at going sex the,"<output>""title"": ""The Unhoneymooners"",""author"": ""Christina Lauren""</output>","<output>""title"": ""Unknown"",""author"": ""Unknown""</output>"
['anna green'],"“I need you there,” I clarify. “And I need you to look like you’re comfortable with me, comfortable being married to me. But I don’t need you to pretend to not be [MASK], Muppet-human hybrid.”","you not need you’re you pretend to to need there,” like to comfortable me. I me, need But married “And Muppet-human hybrid.” to clarify. look comfortable don’t [MASK], “I be being you I I with","<output>""title"": ""The Love Hypothesis"",""author"": ""Ali Hazelwood""</output>","Based on the provided passage, the text appears jumbled and incoherent. As it stands, it's difficult to precisely identify which book or author this passage is from. However, I will make a guess:

<output>""title"": ""The Fault in Our Stars"",""author"": ""John Green""</output>"
['anna'],"Her eyes go round. “The fam—” [MASK] shakes her head. “You know what? Never mind. Of course you have a plane.” Straightening, she asks, “So, why was I in Cambodia? Photography? Fabric design?”","shakes Her Of a “So, round. plane.” Cambodia? “You fam—” in Fabric Photography? head. mind. why go “The course know asks, what? her design?” eyes I Straightening, Never was she [MASK] you have","<output>""title"": ""One True Loves"",""author"": ""Taylor Jenkins Reid""</output>","It seems that the passage provided is heavily fragmented and contains nonsensical structure, making it difficult to identify with certainty which book it originates from. However, I will still make a guess based on patterns or possible fits.

<output>""title"": ""Never Let Me Go"",""author"": ""Kazuo Ishiguro""</output>"
['anna'],"Once, when we were roommates, [MASK] flew to Seattle with a friend. It had been her first time on an airplane, and she struggled so much navigating the travel website that she brought me her laptop at midnight and asked for help. I finished the transaction for her, prebooked the car to the airport, and then quietly tracked the ride the day she left to make sure she got there okay. When she got home, she made a point of thanking me for the help. Apparently, the trip itself was fine, but the highlight for her had been flying on an airplane.","there and been Seattle I quietly midnight an help. prebooked point flying she me that thanking she for flew help. she her to make on been had airplane, itself for got the the for when so the Once, car me of a sure the When were on finished fine, the brought It airplane. day and home, she website highlight a ride asked the her the tracked her, much [MASK] travel trip got made an left had to at was we her the for friend. then airport, to roommates, she Apparently, first with time okay. and navigating laptop she but the transaction struggled","<output>""title"": ""Tomorrow, and Tomorrow, and Tomorrow"", ""author"": ""Gabrielle Zevin""</output>","The passage provided appears to be scrambled or incoherent, making it difficult to identify its origin. It does not resemble any well-known book in its current form. However, based on the mention of travel, an airport, and a prebooked ride, I will make a guess:

<output>""title"": ""The Art of Travel"",""author"": ""Alain de Botton""</output>"
['anna'],"“That person deserves jail time.” She brings the glass to her lips, taking a tiny sip. “Mmmmm.” [MASK] turns to meet my eyes. “And by the way, it’s anything over ninety-nine.”","lips, anything the by way, person deserves “And jail her to ninety-nine.” “Mmmmm.” my [MASK] tiny turns over time.” glass eyes. the meet She taking it’s brings a “That to sip.","<output>""title"": ""Verity"",""author"": ""Colleen Hoover""</output>","The passage provided is heavily distorted and lacks meaningful context, making it challenging to accurately identify the book and author. However, based on the style and fragmented nature of the text, I can make an educated guess.

<output>""title"": ""Finnegans Wake"",""author"": ""James Joyce""</output>"
['anna'],"[MASK]’s smiling at me like I amuse her. “I meant more as in, is she nice? Does she have hobbies or a favorite band?”","me meant a is like as smiling hobbies Does amuse have I at in, her. [MASK]’s nice? she more favorite “I or band?” she","<output>""title"": ""It Ends With Us"",""author"": ""Colleen Hoover""</output>","The passage you provided is highly fragmented and lacks coherent context, making it challenging to recognize its origin. However, if I had to guess based on the structure, it might attempt to mimic stylings from works known for fragmented or experimental prose.

<output>""title"": ""Finnegans Wake"", ""author"": ""James Joyce""</output>"
['jake'],"“Oh. Power. I like it. I’m not sure how to wield it, but I like it. And you have three siblings, including [MASK]?”","not how you including sure three it. to I’m siblings, I Power. have wield like I but it. it, “Oh. [MASK]?” And like","<output>""title"": ""A Court of Thorns and Roses"",""author"": ""Sarah J. Maas""</output>","The passage provided appears to be incomplete and contains fragments and placeholders (e.g., ""[MASK]"") that make it difficult to discern its origin. However, I will make a reasoned guess based on the limited context. Based on phrasing like ""Power"" and references to siblings and wielding, it might align with works of fantasy or speculative fiction.

<output>""title"": ""House of Earth and Blood"",""author"": ""Sarah J. Maas""</output>"
['anna'],I feel her looking at me for a quiet beat. “I think you’re joking. I’m not sure.” [MASK] downs the rest of her prosecco. “A hint of danger. I like it.”,“I danger. rest [MASK] of at it.” feel her prosecco. of looking I me sure.” downs joking. I’m the a you’re not hint quiet think for “A beat. I her like,"<output>""title"": ""The Love Hypothesis"",""author"": ""Ali Hazelwood""</output>","<output>""title"": ""Unknown"",""author"": ""Unknown""</output>"
['kellan mckellan'],“Is now a good time to discuss how you looked at me like I was lobotomized when I thought your name was West Weston and yet a man named [MASK] actually exists and will soon be your relative?”,me and at West when was thought “Is soon actually name like now yet how I Weston exists a will and I [MASK] a your your to was time discuss man good named lobotomized you relative?” looked be,"<output>""title"": ""Happy Place"",""author"": ""Emily Henry""</output>","It appears the passage provided is fragmented and nonsensical, which might be due to artificial alteration or masking. While it resembles abstract or experimental works, it's challenging to determine its true origin with certainty. However, as you requested a guess:

<output>""title"": ""Finnegans Wake"",""author"": ""James Joyce""</output>"
['anna'],"I can feel her staring a beat longer before she turns away to hand her empty flute to the flight attendant. [MASK] returns her focus to me. “Okay, what else?”","a her the staring she [MASK] me. “Okay, what focus longer attendant. empty to returns I to before else?” her turns away can flute to her feel beat hand flight","<output>""title"": ""It Ends with Us"",""author"": ""Colleen Hoover""</output>","The passage provided appears to be quite scrambled and incomplete, making it difficult to identify its origin with certainty. Based on the style and fragmented content, my best guess is that the passage is an experimental or abstract piece of writing.

<output>""title"": ""None (Unclear Passage)"",""author"": ""Unclear""</output>"
['anna'],"West looks at me with unmasked concern. “Please, [MASK],” he says gently like I’m very, very naive. “Just follow my lead.”","with naive. “Just gently follow concern. very, me [MASK],” my very unmasked “Please, looks like he says at I’m West lead.”","<output>""title"": ""Things We Never Got Over"",""author"": ""Lucy Score""</output>","<output>""title"": ""The Catcher in the Rye"",""author"": ""J.D. Salinger""</output>"
['gede'],"He smiles stiffly, and [MASK] continues. “Hot water and electricity are generated by solar and wind power; waste is recycled and reused. Meals are all locally sourced, and our restaurants are Michelin-starred. Everything is inclusive, including meals, spa treatments, and activities. We offer kayaking, paddleboarding, and snorkeling. You may also take a paddleboat to any of the nearby islands to fish. Snorkeling equipment is available in the boathouse just there,” he says, pointing, “and there are two shipwrecks nearby to explore. The interior of the island is thickly forested, and there are marked trails to follow if the mood strikes. Or, you may do absolutely nothing while you are here.”","“and are continues. take strikes. is spa fish. activities. sourced, [MASK] nearby to he are waste is any The paddleboarding, is just and snorkeling. electricity including thickly mood of islands island paddleboat solar are the equipment there are to trails there and treatments, may Meals our restaurants by the all to recycled while a Snorkeling smiles inclusive, and available follow do water Or, the generated and absolutely are to stiffly, you wind Everything nearby if marked pointing, of here.” You power; We may and also kayaking, there,” Michelin-starred. and offer meals, you forested, “Hot He in is boathouse nothing the interior says, locally explore. are reused. and two and shipwrecks","<output>""title"": ""Verity"",""author"": ""Colleen Hoover""</output>","The passage provided appears to be heavily distorted, fragmented, and nonsensical. However, given the task to make a guess regardless of certainty, I'll attempt to analyze the text for potential clues. Terms like ""paddleboarding,"" ""snorkeling,"" ""islands,"" ""solar,"" and ""recycled"" point towards themes of eco-tourism or sustainable travel. The mention of ""Michelin-starred"" suggests luxury vacationing.

However, due to the fragmented and unclear nature of the passage"
['janet'],"[MASK] steps close, her hair in a perfect white-blond chignon, her collarbones so defined they’re like hangers holding up her delicate yellow sundress. I have to assume she has an extremely deft plastic surgeon, because she somehow looks like a twenty-five-year-old sixty-year-old.","in surgeon, collarbones like a yellow chignon, looks her so steps like because holding has sixty-year-old. plastic defined deft assume her I an hangers hair sundress. close, her to up extremely she she perfect white-blond they’re have twenty-five-year-old [MASK] delicate a somehow","<output>""title"": ""Verity"",""author"": ""Colleen Hoover""</output>","Based on the structure and style of the passage provided, it appears to be fragmented and could potentially come from a work of experimental or contemporary fiction. The text's abstract and fragmented style resembles works by Ottessa Moshfegh. 

<output>""title"": ""My Year of Rest and Relaxation"",""author"": ""Ottessa Moshfegh""</output>"
['anna'],"“[MASK], darling!” The woman I need to remember is my actual mother-in-law air-kisses both of my cheeks. “My goodness, in person your hair is so pink!”","cheeks. so is my I “My in your darling!” mother-in-law hair person both is remember “[MASK], actual my woman need The pink!” to of goodness, air-kisses","<output>""title"": ""The Family Upstairs"",""author"": ""Lisa Jewell""</output>","<output>""title"": ""Bridget Jones's Diary"",""author"": ""Helen Fielding""</output>"
['janet'],"“Okay. Well. That’s nice.” [MASK] pats his hand in hers. “Don’t forget about the cocktail party at six.” She leans in, kissing her son’s cheek again. “Can’t wait to get some time with you all to myself.”","“Can’t [MASK] son’s “Okay. pats hand again. get in in, his She wait nice.” That’s six.” all you Well. cheek about to time cocktail hers. with leans her some kissing forget the “Don’t party to myself.” at","<output>""title"": ""I'm sorry, I cannot accurately determine the book from this passage."",""author"": ""Unknown""</output>","Based on the provided passage being fragmented and difficult to discern due to its incompleteness, it resembles a stylistic element that could potentially belong to experimental or fragmented forms of modern literature. Although making a definite identification is challenging, I will make an educated guess.

<output>""title"": ""Ulysses"",""author"": ""James Joyce""</output>"
['anna'],"“[MASK],” he says finally, very gently. “The truth is, you could just smile on my arm and be okay. I promise I’m not trying to leave you unprepared. The sad reality is that my parents are unlikely to pay you much attention regardless.”","could leave I’m smile my okay. just reality that promise you sad says and are truth regardless.” he finally, arm be is unprepared. not I on very is, my The to “[MASK],” you pay unlikely gently. “The much parents trying you to attention","<output>""title"": ""Red, White & Royal Blue"",""author"": ""Casey McQuiston""</output>","<output>""title"": ""The Fault in Our Stars"",""author"": ""John Green""</output>"
['gede'],"I walk back inside, realizing I’d been so focused on the sleeping situation, I haven’t properly flailed over the sheer bliss that is our bungalow. In fact, I’m pretty sure the only thing in here I could afford is the roll of eco-friendly toilet paper I can clearly see from where I stand. And even that looks pretty fancy. There’s a real Isle Esme feel to the decor (if you know, you know), with carved bamboo, recycled teak, jellyfish light fixtures, and a massive canopy bed. Wide windows and the open entrance bring the outside in and allow me to glance over at West, who seems to be mid–mental spiral, managing to look even more morose than he did thirty seconds ago. Isle Esme vibes or not, there will be no headboard breaking here. Near one wall is a chest with our names stamped into the top, a pair of towels folded to look like stingrays, and a jar of chocolate chip cookies that are probably made with the world’s most expensive chocolate but hey, [MASK] did say it was all-inclusive. I help myself.","entrance know), bliss from massive haven’t more that our or I over will glance I world’s there to a I sure looks no with was feel pretty in the light be towels it headboard the of thing he the here stingrays, folded with are outside decor toilet you open to into bamboo, morose a ago. I see pair help clearly recycled could [MASK] Isle fixtures, chocolate the back the thirty all-inclusive. names sheer Near Esme In made paper here. expensive even but to in who And most a not, fact, vibes flailed a allow bungalow. fancy. a jellyfish and myself. so where to and than pretty can is sleeping I’m managing roll eco-friendly that been me There’s say Wide with breaking carved know, is wall one realizing bed. afford I properly real only of I seems probably that stand. chest teak, inside, bring on our is (if the the hey, did I’d look of the like spiral, did jar chocolate look walk cookies and top, the situation, over seconds chip at and Esme you windows Isle be mid–mental canopy West, to stamped focused even","<output>""title"": ""The Unhoneymooners"",""author"": ""Christina Lauren""</output>","<output>""title"": ""Beautiful World, Where Are You"", ""author"": ""Sally Rooney""</output>"
['anna'],"I have a lot of faults. I drink milk from the carton, I never make my bed, I am slothful, and sometimes I’ll just set the new roll of toilet paper on top of the empty roll instead of changing it. A monster. I am also gluttonous: I don’t want a few peanut M&M’s; I want the entire bag. Why have one margarita when three is such a nice, satisfying number? Everyone knows why! And that’s why I go back for seconds right now. But karma is Team West: his eyes open just as I glance again. They widen and he reaches down to cup his Goddamn before he turns, facing away. “[MASK],” he says, his voice spluttering in the water’s spray. “Are you peeking?”","of such facing number? the knows why to milk “Are roll new his from a back go paper never why! a just M&M’s; down top want his peeking?” a the says, one I am he A before of as water’s But I I entire open sometimes monster. turns, widen is I spluttering again. peanut have three that’s roll it. he bed, of now. I satisfying also I spray. nice, bag. I voice my don’t reaches I’ll when Why changing toilet set cup instead in slothful, few Everyone They the for I Goddamn margarita the he seconds West: make “[MASK],” and karma carton, have and empty And his is gluttonous: away. right I lot drink glance want am you of faults. just on the eyes Team","<output>""title"": ""Love on the Brain"",""author"": ""Ali Hazelwood""</output>","The passage provided seems heavily jumbled and nonsensical, making it difficult to pinpoint its exact origin. However, based on the disjointed and surreal nature, it vaguely resembles something modern, experimental, or playful with language—potentially from contemporary fiction. A plausible guess is:

<output>""title"": ""No book identified from the passage"",""author"": ""Unknown""</output> "
['anna'],"He was right. Focus was always a challenge, and apparently it didn’t end with baseball. I came here with the knowledge that all I need to do is limp this lie to September, and I can finally exhale, but we’re less than an hour into this farce and I’m already off track: I peeked, and it was a huge mistake. It’s not that I didn’t know [MASK] was attractive all those years ago; it’s that we barely saw each other, and I was so driven to finish my degree and never have to work for my father again that [MASK]—attractive or not—was easy to overlook.","was can we was was all my here all farce off and and a never that I challenge, didn’t It’s finish need or less came saw for we’re I’m track: work that finally it’s barely right. to the with [MASK]—attractive always September, driven I was so huge and Focus do to I hour apparently to overlook. didn’t mistake. a I and exhale, ago; an [MASK] baseball. knowledge end that I He but already degree it that attractive and know than father limp have into lie those other, years to and each again was to this with it this not not—was peeked, easy I my is","<output>""title"": ""The Cheat Sheet"",""author"": ""Sarah Adams""</output>","<output>""title"": ""Finnegans Wake"",""author"": ""James Joyce""</output>"
['anna'],"I smile at her and cup a hand to the side of my mouth, whispering, “It’s okay.” Truthfully, I love that she thinks about this. I love that she’s horrified by that price. I’m horrified, too. It’s a good thing [MASK] isn’t my real wife; I would constantly worry that my proximity to this world would destroy her.","my cup and smile that a whispering, worry side would good It’s Truthfully, hand isn’t this. I’m world thing at [MASK] the she’s mouth, thinks okay.” horrified, that of that price. too. about destroy my proximity I by I I my wife; love horrified would this her to real that her. love “It’s she a I to constantly","<output>""title"": ""It Ends with Us"",""author"": ""Colleen Hoover""</output>","<output>""title"": ""Unknown"",""author"": ""Unknown""</output>"
['anna'],"Her hand falls away. “That’s [MASK] motherfucking Green-hyphen-Weston to you.” She lets out a happy squeal, jogging over to hug him as well as she can without spilling the shots on either of them. “You look amazing!”","happy them. Green-hyphen-Weston over as you.” hand amazing!” “That’s out she without look She falls shots spilling him Her away. jogging [MASK] can either to of the to well lets motherfucking on squeal, hug “You a as","<output>""title"": ""Imogen, Obviously"", ""author"": ""Becky Albertalli""</output>","<output>""title"": ""Unable to Determine"",""author"": ""Unable to Determine""</output>"
['jake'],"The two of them walk back to me, and [MASK] looks over his shoulder to make sure we’re alone. “How are my favorite liars doing?”","to sure and favorite to over alone. my shoulder The back of looks me, we’re are [MASK] two make “How doing?” them liars walk his","<output>""title"": ""We Were Liars"",""author"": ""E. Lockhart""</output>","The passage provided appears to be nonsensical and fragmented, potentially due to corruption or alteration of the text. Based on this limited and unclear information, I will make a guess based on fragmented interpretation. It might resemble a style or scenario from classic or contemporary literature.

<output>""title"": ""The Great Gatsby"",""author"": ""F. Scott Fitzgerald""</output>"
['jake'],"“Describe her,” [MASK] says, leaning in, his hair falling over his forehead in thick waves. There are moments where I see the man he could someday be: playful but grounded, flirtatious but loyal, clever but humble. I want to know that version of him and worry he will forever be frozen in this caricature of the irresponsible youngest son as long as he works for Weston’s.","the that son works worry the I over her,” loyal, falling “Describe in, him frozen humble. his version I caricature hair long be: playful are will leaning flirtatious for in [MASK] his There he as want but be someday but to as know this he in grounded, where thick clever he man could and irresponsible of youngest of says, Weston’s. waves. forehead see forever moments but","<output>""title"": ""People We Meet on Vacation"",""author"": ""Emily Henry""</output>","The given passage appears to be heavily corrupted, with misplaced words and unclear structure. Based on the presented text, it is challenging to determine its exact origin. However, I will make an educated guess.

<output>""title"": ""The Midnight Library"",""author"": ""Matt Haig""</output>"
['anna'],"[MASK] barks out a bawdy laugh before covering her mouth with her hand. “Sorry,” she says from behind it. The diamond on her ring flashes in the flickering light. “That surprised me.”","the it. out with surprised on she hand. barks “Sorry,” a from before her me.” her covering flashes says behind “That mouth The her ring diamond in light. bawdy [MASK] flickering laugh","<output>""title"": ""Verity"",""author"": ""Colleen Hoover""</output>","<output>""title"": ""The Great Gatsby"", ""author"": ""F. Scott Fitzgerald""</output>"
['anna'],"“Good. [MASK] has no poker face. How’s she taking everything?” he asks, and I know what he’s referring to: the planes, the island, the money. The family.","the the face. [MASK] has poker the The no family. he “Good. money. asks, How’s and planes, she what everything?” taking I referring to: he’s know island,","<output>""title"": ""It Ends With Us"",""author"": ""Colleen Hoover""</output>","The passage is too fragmented and incomplete to clearly identify its source. However, based on limited context and words like ""poker,"" ""island,"" and ""family,"" I will make an educated guess.

<output>""title"": ""Shutter Island"",""author"": ""Dennis Lehane""</output>"
['jake'],"With a laugh, [MASK] rids himself of our shot glasses and snags two tumblers of whiskey off a passing tray. He hands me one before lifting his own. “Well, whatever. To the final few months: if you pull this off, you’re free.”","before himself tray. snags me of laugh, few glasses one rids off, you With you’re if pull of whiskey our He hands passing tumblers his lifting [MASK] off shot two months: the “Well, and a whatever. own. To a free.” this final","<output>""title"": ""The Atlas Six"",""author"": ""Olivie Blake""</output>","The passage provided appears to be heavily garbled or missing substantial context, making it extremely challenging to identify its origins. However, based on the presence of elements like whiskey, tumblers, and a casual yet fragmented tone, it vaguely suggests themes found in modern or mid-20th century literary works of Americana or existentialist fiction. Still, this is far from certain.  

Here is my attempt at a guess:  
<output>""title"": ""On the Road"",""author"": ""Jack Kerou"
['jake'],"He looks past me at the party, and I take stock of how he seems from the outside. He’s got Dad’s dark wavy hair and light brown eyes, but like me, he got his height from our mother, who is almost six feet tall without the benefit of heels. [MASK] is good-looking, charismatic, and always up for some (mostly) good-hearted shit-stirring. My stomach sours with guilt for what I’m keeping from him. What I could potentially fuck up.","for He’s without is [MASK] shit-stirring. of feet him. I good-looking, like height heels. some six of his stomach light outside. how I’m benefit the tall got up. but is brown from from hair the past the He always My Dad’s guilt sours at up for what fuck from take dark and charismatic, party, What mother, with I almost who he eyes, got me good-hearted wavy me, keeping and could and potentially (mostly) our he looks seems stock","<output>""title"": ""People We Meet on Vacation"",""author"": ""Emily Henry""</output>","<output>""title"": ""Shuggie Bain"",""author"": ""Douglas Stuart""</output>"
['anna'],"She laughs, angling her wrist so the diamond catches the lights overhead. “I know, right? For six months I just walked around taking photos where I had to casually point at something with my left hand.” She scans the crowd. “Where’s [MASK]?”","lights walked taking scans “I where just her catches around left point right? angling six at She overhead. casually For laughs, the to [MASK]?” the diamond I She hand.” my something crowd. photos wrist months with I know, the had so “Where’s","<output>""title"": ""Happy Place"",""author"": ""Emily Henry""</output>","The passage provided appears to be incomplete and fragmented, making it difficult to determine exactly which book it originates from. However, based on the reference to scanning, diamond, crowd, and a conversational tone, I will make a speculative guess.

<output>""title"": ""Six of Crows"", ""author"": ""Leigh Bardugo""</output>"
['anna'],"I look up, too, searching the room again. She’s over by the dance floor, jumping around with little Nixon’s hands in hers. The band is playing covers of pop hits, and [MASK] is entirely in her element: laughing, dancing, blissfully forgetting where she is.","The and searching I again. Nixon’s playing room look the is dancing, She’s hands her hits, up, pop too, she floor, in [MASK] band by element: dance covers little where hers. jumping over entirely around of laughing, is is. forgetting the in blissfully with","<output>""title"": ""It Ends with Us"",""author"": ""Colleen Hoover""</output>","The passage provided appears to be heavily corrupted or nonsensical, which makes it very difficult to accurately determine its origin. However, based on the fragmented style, one might speculate it's an experimental or avant-garde text. Since a guess is required:

<output>""title"": ""Less Than Zero"",""author"": ""Bret Easton Ellis""</output> 

This is a speculative guess due to the fragmented and disjointed association with modernist or postmodernist literature."
['janet'],"[MASK] smiles tightly. “Exactly.” Welp, there it is. She turns her laser focus to me. “How do your professors react to your hair?”","there turns me. She tightly. laser professors your smiles her is. to Welp, focus to “How “Exactly.” react hair?” do your [MASK] it","<output>""title"": ""The Love Hypothesis"",""author"": ""Ali Hazelwood""</output>","The passage provided appears to be nonsensical and fragmented, which may make it nearly impossible to identify its origin confidently. However, I will make an educated guess.

<output>""title"": ""House of Leaves"",""author"": ""Mark Z. Danielewski""</output>"
['alex'],"“It’s unlikely,” I say, and every head turns my way. “Everyone needs seven to nine hours of sleep a night. You can try to convince yourself you don’t need more, but over time you’ll build up a sleep debt. It probably affects your mental and physical health more than you realize, [MASK].”","every try mental build yourself can to your health head say, need physical more to seven nine debt. It over more, hours convince unlikely,” time you but you up sleep don’t you’ll a and of needs night. turns a “It’s sleep “Everyone I than [MASK].” probably way. and realize, affects my You","<output>""title"": ""The Love Hypothesis"",""author"": ""Ali Hazelwood""</output>","The passage provided is heavily scrambled and seems nonsensical, making it very difficult to identify its origin with certainty. However, based on the mention of aspects like mental health, physical health, and sleep, it might align with themes explored in self-help or wellness literature. 

A guess could be:

<output>""title"": ""Why We Sleep"",""author"": ""Matthew Walker""</output>"
['alex'],"“And what’s the deal with [MASK]? Based on the way you talked about him on the plane, I expected you two to jovially poke at each other, but that was like dragging a proverbial sword through each other with your eyeballs.”","a you with but the on “And sword each jovially expected about that what’s dragging other other, the proverbial was through like two [MASK]? on talked eyeballs.” the him poke with way Based to you plane, at I deal your each","<output>""title"": ""The Love Hypothesis"",""author"": ""Ali Hazelwood""</output>","<output>""title"": ""Unknown"",""author"": ""Unknown""</output>"
['alex'],"“Well, mostly because he’s an asshole. But also, kids growing up in a normal family get to be themselves, whoever that may be. But in families like ours, one where everything basically revolves around keeping a single person happy—my dad—everybody has a role. My therapist used to refer to [MASK] as a flying monkey.”","be. revolves But also, person mostly family But a themselves, be up growing to monkey.” around normal everything [MASK] as get in has dad—everybody asshole. used in one happy—my refer to flying a single a therapist that basically like kids a to he’s where families My role. may whoever ours, an “Well, keeping because","<output>""title"": ""I'm Glad My Mom Died"",""author"": ""Jennette McCurdy""</output>","Based on the provided passage, the text appears to be heavily altered, redacted, or jumbled. It is very challenging to identify the source or the author with certainty. However, elements such as mention of a family, a therapist, and a somewhat humorous or informal tone may align with certain contemporary works.

<output>""title"": ""Running with Scissors"",""author"": ""Augusten Burroughs""</output>"
['alex'],"“Like in The Wizard of Oz? [MASK] was my dad’s willing henchman, doing everything he said, kissing his ass, stirring up shit just to turn us all in, then sit back and look like the good guy. He’s never grown out of it.”","never it.” everything shit like He’s good turn in my [MASK] just guy. of in, back then us dad’s he said, kissing willing Oz? all out stirring The and was grown the look up sit “Like his doing of Wizard to ass, henchman,","<output>""title"": ""It Ends with Us"",""author"": ""Colleen Hoover""</output>","<output>""title"": ""Fight Club"",""author"": ""Chuck Palahniuk""</output>"
['alex'],"“What does that mean?” I ask. If [MASK] knew enough, he wouldn’t try to take West down? Is this about the mysterious loophole in the trust?","does mysterious in If the this mean?” I Is trust? loophole the try West ask. knew he that take about to down? wouldn’t [MASK] “What enough,","<output>""title"": ""The Inheritance Games"",""author"": ""Jennifer Lynn Barnes""</output>","It seems that the provided passage is heavily scrambled or contains missing context, which makes identifying the book and author with certainty difficult. However, I will make an educated guess based on the structure and tone.

<output>""title"": ""The Catcher in the Rye"",""author"": ""J.D. Salinger""</output>"
['alex'],"West sits on the bench and pulls a shoe off. I set my clutch down on a shelf in the open closet. “I’m thinking [MASK] will take a keen interest in exactly how happy we seem.” I narrow my eyes, staring into the distance. “West… this assignment is no longer just ‘show up and wear a wedding ring.’ ”","closet. I bench this keen happy into ” a eyes, shelf on sits the exactly on off. pulls staring the a my just wear distance. the narrow I open ‘show longer seem.” no wedding ring.’ interest will a clutch and how down West is thinking up in “I’m take a we shoe [MASK] in and assignment my “West… set","<output>""title"": ""The Do-Over"",""author"": ""Lynn Painter""</output>","The passage provided appears fragmented and lacks clear context, making it difficult to identify the source with certainty. However, based on the stylistic and thematic elements, I will make an educated guess.

<output>""title"": ""The Bell Jar"",""author"": ""Sylvia Plath""</output>"
['anna'],"I woke up around two this morning to find [MASK] wrapped around me. Despite what she’d told me about sleeping in one place all night, at some point she’d migrated across the massive bed to throw a leg over my hip, send an arm over my torso, and press her face to my neck. It took monumental focus to not go hard against her inner thigh, and because of it, I’d slept like absolute shit.","in send monumental face leg [MASK] It she’d go around morning and of I absolute her shit. migrated arm find night, over to slept I’d took not to across what point at an two this Despite one around because throw she’d against sleeping torso, thigh, up some the over bed wrapped told press focus hip, massive my woke to inner hard about her my all and place like neck. me. me a my it, to","<output>""title"": ""It Ends with Us"",""author"": ""Colleen Hoover""</output>","<output>""title"": ""Unknown"",""author"": ""Unknown""</output> 

"
['anna'],"My father’s question penetrates my fog, finally, and I straighten, pushing my salt-water-and-sweat damp hair off my forehead. The sun has only just come up and it’s already sweltering. I bet [MASK] has already kicked off the blankets, letting the air cool her overheated skin.","off hair just finally, damp already come question already air sweltering. The overheated forehead. my [MASK] my has has I father’s cool bet fog, only pushing letting sun and up my My it’s off the straighten, I her blankets, skin. penetrates salt-water-and-sweat the and kicked","<output>""title"": ""We Were Liars"",""author"": ""E. Lockhart""</output>","<output>""title"": ""Difficult to determine due to fragmented and incomplete passage"",""author"": ""Uncertain""</output>"
['anna'],"“JESUS CHRIST,” I BLURT, the second I turn at the corner of our bridge and step onto the deck of our bungalow. [MASK] is curled up in a papasan, with a sketch pad in her seemingly bare lap. Honestly, from the first glimpse I get, I think she might be naked. “What are you doing?”","CHRIST,” I you Honestly, papasan, bungalow. a naked. “What a at think our are onto bridge second of might first pad in and is her she the up be deck “JESUS the step I corner from the the BLURT, [MASK] in with seemingly bare lap. I our doing?” of glimpse I get, sketch turn curled","<output>""title"": ""It Ends with Us"",""author"": ""Colleen Hoover""</output>","<output>""title"": ""Infinite Jest"",""author"": ""David Foster Wallace""</output>"
['anna'],"[MASK] follows me. She’s loosely made the bed, but it still looks rumpled. Slept in. By both of us. I squeeze my eyes shut against the reminder.","but it squeeze us. loosely reminder. of By in. both the [MASK] made eyes against shut I still looks follows me. Slept rumpled. She’s my the bed,","<output>""title"": ""Fifty Shades of Grey"",""author"": ""E.L. James""</output>","The passage provided is highly fragmented and contains placeholders (e.g., [MASK]), making it challenging to directly identify its origin. However, based on its unconventional structure and style, it might originate from modern experimental literature or works processed through AI transformations.

<output>""title"": ""Finnegans Wake"",""author"": ""James Joyce""</output>"
['anna'],I sigh. I know she’s right but I’m already sleep-deprived and functioning on less than full brain power today. I’m not sure I’m capable of dealing with both my family and [MASK] in this suit after last night. “Fine.”,but and know in this last already power I functioning brain full night. of not today. dealing capable sigh. suit and than both I’m my [MASK] I’m on I’m right I with “Fine.” sure family sleep-deprived less after she’s,"<output>""title"": ""I'm not certain, but this sounds like a contemporary novel involving family dynamics and possibly romance or drama. The exact book is challenging to determine from this passage."",""author"": ""It could be an author known for relatable, character-driven modern stories such as Colleen Hoover, Taylor Jenkins Reid, or Sally Rooney.""</output>","<output>""title"": ""I'm sorry, I can't definitively identify the book"",""author"": ""Unknown""</output>"
['anna'],“Oh!” [MASK] jerks a hand over her eyes. “Your Goddamn! Right there!” She turns away. “Sorry! I just—spaced out—on your—God. And you’re not even harrrrrrr—Fuck me.” She coughs. “Okay. I’ll just meet you down at the restaurant.”,restaurant.” jerks at meet a She your—God. down me.” over Right eyes. And away. there!” “Your just—spaced “Sorry! hand turns [MASK] the out—on you’re coughs. She “Oh!” even I’ll not her harrrrrrr—Fuck you “Okay. Goddamn! just I,"<output>""title"": ""Rabbit, Run"", ""author"": ""John Updike""</output>","<output>""title"": ""Infinite Jest"",""author"": ""David Foster Wallace""</output>"
['alex'],"I can feel Anna’s eyes on the side of my face. This is how it always starts with [MASK], and whatever suspicion he has about my marriage will only make it worse. I know it’s irrational and a remnant of how we used to one-up each other for our dad’s approval when we were kids, but I want to beat him. At everything.","of other marriage I At suspicion whatever irrational feel kids, our dad’s the I has everything. we know a make beat I to but for how side worse. eyes about one-up and and my him. it were face. each we used approval want of [MASK], when to he starts remnant always how it can is will with This only on it’s my Anna’s","<output>""title"": ""The Last House Guest"",""author"": ""Megan Miranda""</output>","<output>""title"": ""Unknown"",""author"": ""Unknown""</output>"
['anna'],"[MASK] slams the brakes on this line of thinking by putting an arm around my back, resting the other hand on my stomach and gently scratching, just like she unconsciously did last night. I work to suppress a shiver. Turning, she looks at him over her shoulder.","thinking by she suppress her the arm resting this putting Turning, looks brakes my on last back, unconsciously over scratching, on she slams him night. gently and [MASK] an at just around work did of line the other a my like stomach hand I shoulder. to shiver.","<output>""title"": ""It Ends with Us"",""author"": ""Colleen Hoover""</output>","<output>""title"": ""Unknown"",""author"": ""Unknown""</output>"
['eko'],"[MASK] goes through the basics of paddling, giving us tips about what areas of the reef to avoid as we approach. “Is everyone comfortable with the basics of kayaking?” she asks.","tips basics us “Is avoid reef as we [MASK] the asks. approach. kayaking?” everyone of paddling, about areas what the with the basics she of of comfortable to giving goes through","<output>""title"": ""Becoming Wild: How Animal Cultures Raise Families, Create Beauty, and Achieve Peace"",""author"": ""Carl Safina""</output>","The passage provided is extremely fragmented and lacks coherence, making it challenging to identify the source. However, given the mention of topics like kayaking and paddling, it could relate to a book about outdoor activities or water sports. Based on this guess:

<output>""title"": ""Kayaking: The Basics and Beyond"", ""author"": ""Unknown""</output>"
['alex'],"I reach back, pulling my T-shirt up and off, tossing it to the side. [MASK] hesitates and then does the same, his expression turning homicidal when I smirk down at his soft little paunch.","T-shirt then reach pulling the up same, soft side. little tossing to I off, [MASK] turning when and his the does homicidal I expression and it his paunch. back, at down my smirk hesitates","<output>""title"": ""The Love Hypothesis"", ""author"": ""Ali Hazelwood""</output>","The passage you provided appears jumbled and fragmented, making it difficult to recognize any clear context or storyline. However, with its tone and style suggesting an intense or personal moment, as well as the mention of ""homicidal expression,"" I will make an educated guess:

<output>""title"": ""American Psycho"", ""author"": ""Bret Easton Ellis""</output>"
['alex'],"[MASK] snorts, looking at her derisively, like she’s an idiot. In a hot flush, my hackles are up, and every rational thought goes out the window.","thought she’s my derisively, goes snorts, up, In hot are looking [MASK] rational every at like out the an a window. her and flush, idiot. hackles","<output>""title"": ""Fifty Shades of Grey"",""author"": ""E.L. James""</output>","The passage provided appears highly garbled and may contain errors or missing information that makes it difficult to determine the exact book and author. However, based on the structure and style, I must make a guess. Here's my output:

<output>""title"": ""Unknown"", ""author"": ""Unknown""</output>"
['anna'],"“Course you are, sweetheart,” I say, steadying my voice and looking down at [MASK]. “I went running without you this morning and you really let me have it.”","running “I went morning really steadying you say, looking sweetheart,” and at let this are, and down it.” you “Course you my voice me I [MASK]. have without","<output>""title"": ""The Love Hypothesis"",""author"": ""Ali Hazelwood""</output>","It appears the passage provided is heavily corrupted and disjointed, making it difficult to identify the source accurately. However, based on the style, vocabulary, and context, I will make a guess, though it is likely uncertain.

<output>""title"": ""The Catcher in the Rye"",""author"": ""J.D. Salinger""</output>"
['alex'],"“We work out together every morning.” I’m speaking to [MASK] but holding Anna’s gaze. Maybe it’s the pent-up frustration from last night, or maybe my brother just brings out the worst in me and the best way to drag him is through his wife’s dissatisfaction, but I keep going. “Gets the blood flowing, doesn’t it?”","blood his I “Gets brings but frustration doesn’t it?” gaze. the together him or holding morning.” [MASK] speaking out work through best going. from flowing, Anna’s dissatisfaction, night, the me to to “We it’s worst the just my Maybe maybe keep wife’s last every but way in is and the out pent-up brother drag I’m","<output>""title"": ""Love, Theoretically"",""author"": ""Ali Hazelwood""</output>","<output>""title"": ""Unknown"",""author"": ""Unknown""</output>"
['alex'],"And that much is immediately apparent. She trips as she tries to climb in. I hold the boat steady for her, but she still ends up getting in backward and then having to awkwardly turn around in the tiny space. I pretend to scratch my shoulder with my chin, glancing behind us. Fuck. [MASK] noticed.","in much immediately us. behind Fuck. space. ends my trips my I in. awkwardly to She steady [MASK] noticed. shoulder up for that tiny still but climb And as the pretend having boat chin, around she her, scratch glancing turn then in to and I apparent. she backward with to tries hold getting the is","<output>""title"": ""It Ends With Us"",""author"": ""Colleen Hoover""</output>","The passage provided is heavily disjointed and fragmented, making it difficult to identify the source accurately. However, based on its structure and tone, it might be experimental or avant-garde literature.

<output>""title"": ""House of Leaves"",""author"": ""Mark Z. Danielewski""</output>"
['anna'],"Just then, [MASK] looks over and lets out a high-pitched shriek. “West! A sea turtle!” She leans to the side, and her oar slides off her lap and into the clear water.","then, over shriek. her and leans her high-pitched “West! She off Just clear A a and out slides [MASK] oar side, and the sea to lets looks lap into water. turtle!” the","<output>""title"": ""What Lives in the Woods"",""author"": ""Lindsay Currie""</output>","The passage appears to be heavily fragmented and partially obscured, making it difficult to identify the source with certainty. However, I will make a guess based on thematic and stylistic elements.

<output>""title"": ""The Old Man and the Sea"", ""author"": ""Ernest Hemingway""</output>"
['anna'],"“He and I have never been close,” I say quickly, suddenly and deeply uninterested in spending the morning anywhere but right here with [MASK]. “I think from the moment he was born, the only thing he cared about was impressing our father.”","have moment thing father.” the [MASK]. close,” was the only from was about in “He suddenly I “I quickly, right but he spending uninterested the he deeply think never I and say and cared born, been anywhere morning impressing our here with","<output>""title"": ""It Ends with Us"",""author"": ""Colleen Hoover""</output>","The passage provided is heavily distorted and unclear, making it nearly impossible to match it with a specific book or author. However, based on the fragmented style, it could potentially resemble modernist literature, stream-of-consciousness writing, or experimental works.

<output>""title"": ""Ulysses"",""author"": ""James Joyce""</output>"
['alex'],“You drive [MASK] crazy because he can’t ever beat you even though he’s the older brother. He’s probably jealous because you’re tall and hot and smart and he’s short and—”,he’s brother. the though smart older he’s “You and—” short jealous and even tall probably hot crazy can’t [MASK] you’re you He’s ever beat he and because drive because and,"<output>""title"": ""The Love Hypothesis"",""author"": ""Ali Hazelwood""</output>","The given passage appears highly nonsensical and incomplete, so it's challenging to determine an exact match for a book and author. However, based on its fragmented style, it may resemble experimental or avant-garde literature, though this remains purely a guess.

<output>""title"": ""Infinite Jest"",""author"": ""David Foster Wallace""</output>"
['anna'],"[MASK] pulls her hand from the water and sends it absently down her stomach, leaving a trail of water that quickly pulls into droplets and evaporates in the heat. “Is it weird that we lived together for two years and you don’t remember this?”","into water that stomach, water weird from it her remember you down of and hand pulls it trail droplets [MASK] a together “Is don’t lived that we sends and two heat. years evaporates pulls and her leaving the quickly in the absently for this?”","<output>""title"": ""Verity"",""author"": ""Colleen Hoover""</output>","The passage provided appears to be fragmented and distorted, making it difficult to identify with certainty. However, based on syntactic clues and popular literary themes, my best guess is this could reference a book with surreal or poetic prose.

<output>""title"": ""The Water Knife"",""author"": ""Paolo Bacigalupi""</output>"
['anna'],"Gingerly, [MASK] lifts the ice, gasping at the small wound there. She sets the ice back down, flushed, and nods decisively. “You’ll live.”","decisively. the nods the ice, at and Gingerly, ice [MASK] “You’ll down, gasping the back live.” flushed, She lifts small sets there. wound","<output>""title"": ""The Fault in Our Stars"",""author"": ""John Green""</output>","<output>""title"": ""Unknown"",""author"": ""Unknown""</output>"
['anna'],"[MASK] scowls at him, and with the circle of people watching, crouches down, setting two fingers on his leg. She immediately jerks her arm back. “Wow, it’s hot.”","[MASK] immediately and of back. at people watching, on two down, circle setting it’s his fingers hot.” the scowls him, with crouches arm “Wow, jerks leg. her She","<output>""title"": ""Divergent"", ""author"": ""Veronica Roth""</output>","The passage provided is heavily jumbled and lacks coherence, making it challenging to clearly identify its source. Based on the limited information and the style, I will make an educated guess.

<output>""title"": ""The Catcher in the Rye"",""author"": ""J.D. Salinger""</output>"
['anna'],"[MASK] laughs. “Well, technically the twelfth, but the fifth was when he wrote me a song and got on his knees to sing it to me, so that’s the night I see as our actual marriage.” She looks up at me, eyes soft. “He cried.”","me, [MASK] twelfth, looks marriage.” up the to but as “Well, me a his at She so wrote knees technically night it eyes was me, the the fifth when song cried.” sing to I that’s and soft. on he got actual laughs. see our “He","<output>""title"": ""It Ends with Us"",""author"": ""Colleen Hoover""</output>","The provided passage is highly fragmented and appears to be distorted or incomplete. It is difficult to determine the exact origin of the passage with certainty. However, based on the fragmented tone and structure, a possible guess might align with contemporary fiction or experimental literature.

<output>""title"": ""The Fault in Our Stars"",""author"": ""John Green""</output>"
['mel'],"I’m out of town but will make sure my roommate is there to meet the courier. This is so exciting! The price sounds perfect. Thank you, [MASK]!","will sure there out to you, town so perfect. courier. Thank is exciting! is but The roommate I’m price my This of the [MASK]! make sounds meet","<output>""title"": ""Verity"",""author"": ""Colleen Hoover""</output>","The passage provided has scrambled words and might be intentionally altered or nonsensical. Based on this, it is extremely difficult to attribute it to any particular book or author. However, following the task instructions, I'll make a guess.

<output>""title"": ""If on a Winter's Night a Traveler"",""author"": ""Italo Calvino""</output>"
['janet'],"But because this is a Weston Party™, it doesn’t end there. Clustered down the center of each table are vases bursting with white orchids and sprays of spiky green palms. The plates are bone china, and they look old, rich old, vintage, with about seventeen matching smaller plates and crystal champagne flutes at each place setting. I wonder idly if [MASK] had these brought over from her own collection, and then I realize she’d be more likely to just buy an entirely new set of priceless china.","champagne Weston Clustered realize rich there. entirely center each her they flutes had at new and look bone seventeen because and to about are collection, this be it vases and setting. plates white idly wonder priceless But down set then likely The vintage, are green plates own table I a sprays brought is Party™, she’d over of I if china. end just each of smaller palms. [MASK] bursting and these place from spiky with china, buy the with an more matching old, orchids doesn’t crystal old, of","<output>""title"": ""People We Meet on Vacation"",""author"": ""Emily Henry""</output>","<output>""title"": ""The Great Gatsby"",""author"": ""F. Scott Fitzgerald""</output>"
['ray'],"“So how’s it going with your dad?” I say, standing and stretching. West was pretty shaken up after [MASK] blindsided him in front of the Forbes editor. I can’t imagine what it’s like wanting to avoid your own father.","how’s I West like of own blindsided pretty to imagine it’s Forbes “So it the editor. what dad?” father. shaken wanting up say, standing him with was after [MASK] I stretching. avoid your in front and can’t going your","<output>""title"": ""One of Us Is Next"",""author"": ""Karen M. McManus""</output>","It appears the passage contains scrambled or nonsensical text, making it challenging to identify the book or author with certainty. However, based on the style and context, here's my best guess:

<output>""title"": ""The Catcher in the Rye"",""author"": ""J.D. Salinger""</output>"
['alex'],“What I don’t understand is why he has such a boner for you being CEO when you clearly don’t want the job. Let him give it to [MASK]. He clearly wants it.”,the He Let why it being a “What I wants clearly has boner you want to clearly CEO him when he understand you it.” don’t job. don’t is [MASK]. for give such,"<output>""title"": ""The Hating Game"",""author"": ""Sally Thorne""</output>","The passage provided appears to be nonsensical, fragmented, or corrupted, making it difficult to ascertain its origin or contextual meaning. It does not clearly resemble a recognizable literary excerpt from a known book. Nonetheless, I will attempt a guess.

<output>""title"": ""Finnegans Wake"",""author"": ""James Joyce""</output>"
['anna green'],"“I’m not saying, but maybe I’m sort of saying, that there is one person in this bungalow who could absolutely use a massage and his name isn’t [MASK].”","person could isn’t there maybe [MASK].” this bungalow his absolutely saying, name in not I’m massage that saying, is one but a “I’m use and sort of who","<output>""title"": ""Happy Place"",""author"": ""Emily Henry""</output>","The passage provided appears to be heavily distorted or incomplete, making it challenging to accurately determine its origin. However, based on the wording style and fragmented structure, I will make a guess:

<output>""title"": ""The Catcher in the Rye"",""author"": ""J.D. Salinger""</output>"
['janet'],"[MASK] unfolds herself from her chair, floating like a vampire across to me, where she delivers a kiss to the air on either side of my face. “Hello, darling. Nice of you to come.”","to air across of of “Hello, vampire like side chair, [MASK] from either delivers you kiss darling. on come.” herself to to the floating me, face. a a my she where Nice unfolds her","<output>""title"": ""The Guest List"",""author"": ""Lucy Foley""</output>","It seems the provided passage contains corrupted or nonsensical text, which makes it difficult to determine its origin. However, based on the mention of themes like vampires and the inclusion of phrases like ""darling"" and ""kiss,"" I will make a guess associated with vampire literature.

<output>""title"": ""Dracula"",""author"": ""Bram Stoker""</output>"
['reagan'],"[MASK] laughs down at her sand drawing. “Five more days,” she says. “I’m having fun but I miss my dog and my friends.”","having “Five but I days,” and my dog friends.” at her says. more my laughs down she fun miss drawing. sand [MASK] “I’m","<output>""title"": ""The Marvelous Mirza Girls"",""author"": ""Sheba Karim""</output>","The provided passage is too fragmented and lacks meaningful context, making it quite difficult to identify the exact source with certainty. However, based on the style and structure, it might resemble a children's book or a creatively written text with playful language.

<output>""title"": ""Unknown Book"",""author"": ""Unknown Author""</output>"
['reagan'],"He blinks away, aiming a wry laugh down at the sand before he looks back up again. “Shots fired, okay.” He looks over at [MASK]. “Then would my niece like to dance with me?”","the aiming okay.” away, down looks He looks me?” blinks before at again. “Shots “Then like sand niece would wry back he a dance fired, to up laugh with my over [MASK]. at He","<output>""title"": ""Beach Read"",""author"": ""Emily Henry""</output>","<output>""title"": ""Unknown"",""author"": ""Unknown""</output>"
['ray'],"“Should we go?” she asks, setting her hand over mine on her chest. “This feels like the start of something we don’t want [MASK] to see.”","her see.” don’t feels she we her “This on [MASK] mine “Should asks, like setting we hand to of want start chest. over something go?” the","<output>""title"": ""It Ends with Us"",""author"": ""Colleen Hoover""</output>","The passage provided is too fragmented and nonsensical due to the inclusion of ""[MASK]"" and disjointed text, making it difficult to reliably identify its source. However, I'll make a guess based on the style of presentation.

<output>""title"": ""The Handmaid's Tale"", ""author"": ""Margaret Atwood""</output>"
['grandpa'],"“I was only fifteen when [MASK] died. We were all at the reading of the will, but you can imagine in a situation like that, especially for kids, a lot of the details sort of go over your head. The reading took hours. I understood, basically, that he was leaving us each a very large sum of money. I understood that it was contingent on us being married. At the time, it didn’t seem so weird that he would want that. Kids sort of take those adult directives as law.”","want leaving very take large the sort reading it situation Kids of The those it contingent so would “I over the didn’t will, all like fifteen as [MASK] especially head. We imagine married. kids, when for seem at he of each go lot was reading I that. that sum sort weird At being details us a were he took was understood, the of us law.” can a adult but a that only of directives hours. you your died. of money. basically, that, that the on understood time, I in was","<output>""title"": ""The Inheritance Games"",""author"": ""Jennifer Lynn Barnes""</output>","The passage provided seems disjointed or jumbled, making it challenging to identify with certainty. However, I'll make a guess based on the tone and context clues from the text.

<output>""title"": ""Conversations with Friends"",""author"": ""Sally Rooney""</output>"
['mel'],"“Really.” I turn my face to the sun and feel its warmth spread through me. Residual panic drains away and I feel only contentment. I have money from West, I have the start of a potential—maybe, let’s hope—career as an artist. I might be falling in… I cut the thought off. “[MASK] just called me. Tell Dad I can cover it, absolutely no problem.”","be falling through of Dad and have I to only away face its “[MASK] contentment. West, me. the might me. the it, problem.” I potential—maybe, cut “Really.” called let’s spread money Residual a panic warmth absolutely start thought hope—career I turn artist. my cover an drains sun the can feel I as just Tell off. have I I in… I and feel from no","<output>""title"": ""Maybe in Another Life"",""author"": ""Taylor Jenkins Reid""</output>","<output>""title"": ""Infinite Jest"", ""author"": ""David Foster Wallace""</output>"
['ray'],"The sound of a fork dropping onto porcelain breaks through my trance, and I blink over to where [MASK] is now impatiently wiping his mouth on a napkin. “They just canceled now?”","and onto trance, wiping to my dropping fork The I just on a impatiently is “They through a of napkin. breaks [MASK] where porcelain over now sound canceled mouth his blink now?”","<output>""title"": ""It Ends with Us"",""author"": ""Colleen Hoover""</output>","It seems that the passage provided is highly fragmented and lacks coherent context. It's challenging to identify its origin with certainty. However, based on the abstract and disjointed style, I will make an educated guess.

<output>""title"": ""Infinite Jest"",""author"": ""David Foster Wallace""</output>"
