en_masked,en_masked_results,tr_masked,tr_masked_results,vi_masked,vi_masked_results,es_masked,es_masked_results,en_masked_shuffled,en_masked_shuffled_results,tr_masked_shuffled,tr_masked_shuffled_results,vi_masked_shuffled,vi_masked_shuffled_results,es_masked_shuffled,es_masked_shuffled_results
"[MASK] unslung his bindle and dropped it gently on the bank. “I ain’t sure it’s good water,” he said. “Looks kinda scummy.”",Unknown,"[MASK] sırtından dengini indirip usulca yere koydu. ""Pek temize benzemiyor bu su,"" dedi. ""Köpükleri var baksana.",Köroğlu,"[MASK] gỡ ba lô, khẽ đặt xuống đất: - Tao không chắc. Nước có vẻ dơ lắm.",Tao,[MASK] desató su hatillo y lo posó suavemente en la orilla. —No estoy seguro de que esté buena –dijo—. Parece un poco sucia.,María,"kinda unslung said. scummy.” “I [MASK] good “Looks and bindle it’s dropped ain’t on his it water,” the sure he bank. gently",Tom,"var koydu. sırtından benzemiyor temize indirip bu yere dengini usulca ""Köpükleri [MASK] baksana. dedi. ""Pek su,""",Köpükleri,"xuống Nước Tao gỡ [MASK] chắc. - dơ đặt lô, lắm. khẽ không có ba vẻ đất:",Nước Tao,esté lo buena desató orilla. —No sucia. que un la suavemente posó en estoy seguro su poco hatillo –dijo—. de [MASK] y Parece,Juan
"“Oh, sure, [MASK]. I remember that now.” His hands went quickly into his side coat pockets. He said gently, “[MASK] … I ain’t got mine. I musta lost it.” He looked down at the ground in despair.",Wallet,"""Tabii [MASK], tabii hatırladım şimdi. Birdenbire ellerini ceketinin cebine daldırdı. Usulca mırıldandı: ""[MASK]... benim kartım yok. Kaybettim galiba. Büyük bir üzüntü içinde gözlerini yerden kaldırmıyordu.",Kartı,"- Ờ! Bây giờ tôi nhớ ra rồi. Nó vội thọc tay vào túi áo. Nó nói, giọng run sợ: - Thôi chết rồi, anh [MASK] ơi, tôi đánh mất rồi. Nó nhìn xuống đất thất vọng.",Tôn,"—Ah, claro, [MASK]. Ahora me acuerdo. Introdujo rápidamente las manos en los bolsillos de su chaquetón y agregó suavemente: —[MASK]... No tengo mi tarjeta. Debo de haberla perdido. Miró al suelo lleno de desesperación.",Juan,"mine. got said lost “[MASK] looked hands that I coat quickly musta the “Oh, His in into gently, sure, He pockets. [MASK]. I ground … down his side it.” He now.” went at remember ain’t I despair.",John,"benim hatırladım galiba. Büyük gözlerini Kaybettim kartım mırıldandı: Birdenbire ""[MASK]... [MASK], kaldırmıyordu. Usulca yerden ceketinin içinde daldırdı. ""Tabii tabii ellerini cebine bir yok. üzüntü şimdi.",Kaybettim,"đánh vội túi tôi chết tôi áo. rồi. rồi, Ờ! đất thọc giờ Thôi vọng. rồi. xuống sợ: giọng Nó nói, - [MASK] anh thất ra tay nhớ Bây Nó nhìn - vào ơi, mất Nó run",Ngọc,"Debo lleno perdido. mi suavemente: de —[MASK]... Introdujo desesperación. en manos claro, haberla bolsillos [MASK]. su rápidamente Ahora y acuerdo. —Ah, al de agregó chaquetón tarjeta. Miró las de me No suelo los tengo",Don
"“I … I,” [MASK] thought. His face grew tight with thought. “I … ain’t gonna say nothin’. Jus’ gonna stan’ there.”",[MASK],"""Ben... ben..."" [MASK], düşünüyordu. Düşünmekten yüzünün çizgileri geriliyordu. ""Ben bir şey söylemeyeceğim. Hiç ağzımı açmayacağım.",Ben,[MASK] ấp úng. Mặt dài ra vì có vẻ nghĩ lung : - Ta... Tôi... Tôi không được nói gì hết. Tôi sẽ đứng im đấy.,Tôi,"—Yo... yo —empezó [MASK] pensativo. Su rostro quedó tenso de tanto pensar—. Yo... no voy a decir nada. Me quedo allí quieto, sin decir nada.",[MASK],"with tight Jus’ there.” stan’ … “I thought. gonna grew face gonna nothin’. thought. say His I,” [MASK] … “I ain’t",Stan,"şey söylemeyeceğim. çizgileri Düşünmekten geriliyordu. [MASK], ""Ben... yüzünün bir ""Ben ben..."" düşünüyordu. açmayacağım. ağzımı Hiç",[MASK],lung nghĩ Tôi... Mặt nói đứng ấp Tôi được sẽ vẻ vì đấy. Ta... : im - úng. dài Tôi [MASK] gì không ra hết. có,Tôi,"nada. [MASK] sin pensar—. de Me Su quieto, —empezó decir a tenso quedó —Yo... voy no rostro yo pensativo. quedo nada. decir tanto Yo... allí",Juan
"[MASK] droned to himself softly, “I ain’t gonna say nothin’ … I ain’t gonna say nothin’ … I ain’t gonna say nothin’.”",Jake,"[MASK], kendi kendine mırıldandı. ""Bir şey söylemeyeceğim... bir şey söylemeyeceğim... bir şey söylemeyeceğim...",Kendi,[MASK] lí nhí: - Không được nói gì hết... Không được nói gì hết... Không được nói gì cả.,Nguyễn,[MASK] canturreó suavemente: —No voy a decir nada... No voy a decir nada... No voy a decir nada.,Elena,"say nothin’ … say “I I droned softly, gonna gonna ain’t nothin’ ain’t ain’t [MASK] say I himself … gonna to nothin’.”",God,"söylemeyeceğim... söylemeyeceğim... [MASK], ""Bir bir kendi bir söylemeyeceğim... şey kendine mırıldandı. şey şey",[MASK],nói nhí: lí Không được Không [MASK] cả. gì - gì được nói nói hết... được gì hết... Không,Ngọc,decir nada. decir No a suavemente: a —No canturreó voy decir voy No nada... nada... [MASK] voy a,No
"“Run us out, hell,” said [MASK] disgustedly. “We run. They was lookin’ for us, but they didn’t catch us.”",John,"[MASK], tiksinti ile: ""Ne kovdular, ulan saloz,"" dedi. ""Biz yağladık tabanları. Bizi aradılar ama, bulamadılar.",Kovdular,"[MASK] đầy vẻ chán chường: - Trời! Tống cổ! Đấy là may mình trốn thoát nước. Tụi nó lùng riết lắm mà không thấy đấy thôi, con ạ",Nước,"—No nos echaron, qué diablos —dijo [MASK] con rabia—. Nosotros fuimos los que corrimos. Nos buscaban, pero no nos encontraron.",[MASK],"for lookin’ didn’t out, us.” they [MASK] us disgustedly. but said us, was “We “Run catch run. hell,” They",They,"""Biz ulan tiksinti kovdular, ama, bulamadılar. dedi. [MASK], yağladık tabanları. Bizi ile: saloz,"" aradılar ""Ne",[MASK],"[MASK] Tụi mình cổ! con nó - may Tống Trời! lùng ạ mà chường: thoát đấy nước. là vẻ riết Đấy thấy trốn chán lắm đầy thôi, không",Tống Trời,"buscaban, que diablos —No echaron, —dijo encontraron. no con [MASK] rabia—. corrimos. nos qué Nosotros pero los fuimos Nos nos",Diablo
"[MASK] still stared morosely at the fire. “When I think of the swell time I could have without you, I go nuts. I never get no peace.”",He,"[MASK], hep o asık suratla ateşe bakıyordu. ""Başımda sen olmasan ne eğlenirdim. Düşündükçe aklımı oynatacağım geliyor. Bir dakika bile rahatım yok senin yüzünden.",Kemal,"[MASK] vẫn càu nhàu, nhìn vào bếp lửa: - Thật là điên đầu khi tao nghĩ là tao có thể thỏa thuê như thế nào nếu không vướng mày. Tao có được một phút nào yên đâu !",Tao,"[MASK] seguía mirando empecinadamente el fuego. —Cuando pienso lo bien que lo pasaría sin ti, me vuelvo loco. No me dejas en paz nunca.",Juan,"go stared [MASK] time you, I have I “When could no at still without I nuts. I the morosely the peace.” get of swell never fire. think",John,"suratla dakika yüzünden. eğlenirdim. [MASK], aklımı Bir ""Başımda o asık bile Düşündükçe geliyor. rahatım ne bakıyordu. ateşe yok oynatacağım hep sen olmasan senin",Sultan,"có vẫn nghĩ có đầu tao một càu nếu đâu - như ! nào vướng thế yên vào nhàu, [MASK] Thật Tao lửa: thỏa nhìn điên nào bếp phút là thể được không khi tao mày. thuê là",Tao,"me el fuego. ti, seguía paz sin en pienso —Cuando empecinadamente vuelvo pasaría lo dejas No mirando lo que loco. bien nunca. [MASK] me",Dios
"[MASK] avoided the bait. He had sensed his advantage. “If you don’t want me, you only jus’ got to say so, and I’ll go off in those hills right there—right up in those hills and live by myself. An’ I won’t get no mice stole from me.”",John,"[MASK], yutmadı. Ağır bastığını hissetmişti. ""Eğer beni istemiyorsan, açık açık söyle, nah şu dağlara... Şu yukarıki dağlara çıkarım, tek başıma yaşarım. Parelerimi de kimse çalmaz benden.",Kara,"[MASK] không muốn chui vào tròng. Nó cảm thấy nó đang được lợi thế. - Anh mà chán tôi, anh cứ việc nói ra, tôi sẽ đi vào rừng, tít trên đỉnh đồi kia rồi tôi sống một mình. Và chẳng ai vứt chuột của tôi đi được nữa.",Không,"[MASK] eludió el cebo. Había intuido que tenía ventaja. —Si no quieres estar conmigo, no tienes más que decirlo y en seguida me marcho a las montañas, a esas de allá... Subo a las montañas y vivo solo. Y nadie me robará los ratones.",Juan,"go want jus’ those I’ll hills so, I get to hills stole mice myself. you [MASK] in from don’t you there—right only advantage. off me.” live the and up no by An’ right his and “If avoided bait. He in won’t sensed those me, got had say",He,"""Eğer şu istemiyorsan, açık de yutmadı. yukarıki başıma Parelerimi benden. açık kimse bastığını Şu yaşarım. söyle, dağlara... çıkarım, hissetmişti. nah Ağır [MASK], dağlara çalmaz tek beni",Ağır,"được cứ tôi trên muốn nữa. mà đỉnh ra, chui tít ai thế. rồi vứt sẽ mình. chán sống không tôi cảm lợi kia nói nó Anh đi [MASK] chẳng vào rừng, được đang thấy tôi đi Nó tôi, Và chuột vào anh của đồi - việc một tròng.",Anh,"ventaja. vivo a robará —Si marcho a ratones. las no seguida cebo. conmigo, estar Subo intuido tienes Había decirlo eludió me tenía [MASK] las me no de más nadie que y a el Y los solo. esas allá... que quieres en y montañas montañas,",Juan
[MASK] went on. “With us it ain’t like that. We got a future. We got somebody to talk to that gives a damn about us. We don’t have to sit in no bar room blowin’ in our jack jus’ because we got no place else to go. If them other guys gets in jail they can rot for all anybody gives a damn. But not us.”,Them,"[MASK] devam etti: ""Bize gelince iş değişir. Bizim umduğumuz var. Bizim konuşacak, bize ilgi gösterecek bir kimsemiz var. Gidecek başka yeri olmadığı için, bir meyhanede oturup bütün parasını harcayanlar gibi değiliz biz. Ötekiler kodese girecek olsalar, geberip gitseler de kimsenin umurunda olmaz. Ama biz öyle değiliz.",Biz,"[MASK] tiếp: - Riêng hai đứa mình thì lại khác. Tương lai mình đã vạch sẵn rồi, chúng ta có thể tâm sự than thở với nhau và giúp đỡ lẫn nhau. Việc gì phải ra quán ngồi phung phí hết số tiền kiếm được vì không còn chỗ nào để lui tới. Bọn họ mà không may thì có thể ở tù rục xương vì chẳng ai để ý tới. Mình thì khác.",Bố,"[MASK] prosiguió: —Con nosotros no pasa así. Tenemos un porvenir. Tenemos alguien con quien hablar, alguien que piensa en nosotros. No tenemos que sentarnos en un café malgastando el dinero sólo porque no hay otro lugar adonde ir. Si esos otros tipos caen en la cárcel, pueden pudrirse allí porque a nadie le importa. Pero nosotros, no.",Nosotros,to gives We jack damn got anybody “With that. else sit us.” no it that we blowin’ went a them about room not to damn. We all got ain’t they no don’t us to on. guys got talk can our a future. But If gives place jus’ for a go. to jail bar in We rot like us. somebody in in because gets have other [MASK],Jack,"konuşacak, Ötekiler kimsemiz parasını bize umurunda olmaz. de gelince Bizim harcayanlar yeri değiliz. değiliz Bizim gitseler etti: iş biz. devam öyle kimsenin Gidecek değişir. Ama meyhanede gibi bir var. ""Bize başka oturup biz kodese bütün ilgi geberip umduğumuz [MASK] için, olmadığı olsalar, var. girecek gösterecek bir",Kimsemiz,"tiền lai ở ra phung chẳng tới. ai lui nhau rục may có phí Bọn khác. thì - sẵn để ngồi họ và vì còn thì phải nào lẫn Riêng sự thở tiếp: mình chúng khác. rồi, than ý mà thì đứa giúp tâm có với được để thể đỡ vạch nhau. vì Mình hai tới. ta [MASK] quán hết kiếm Tương không gì Việc chỗ xương số không lại tù mình thể đã",Mình,"la café no hay tipos pudrirse alguien quien nosotros, Pero porque malgastando un que —Con [MASK] nosotros. pueden caen así. Si hablar, dinero no otro adonde Tenemos No el alguien porvenir. con le no. nadie porque que tenemos un nosotros a sólo ir. pasa Tenemos allí esos importa. en otros sentarnos piensa cárcel, en lugar en prosiguió:",Don
"“’Course you did. Well, look. [MASK]—if you jus’ happen to get in trouble like you always done before, I want you to come right here an’ hide in the brush.”",Uncle,"""Tabii. Peki öyleyse, dinle, [MASK]... Geçen seferki gibi başını yine belaya sokacak olursan, hemen koşup buraya gelir, çalıların arasında saklanırsın.",Kemal,"- Tốt lắm! Nghe tao hao nữa đây! [MASK]... nếu chẳng may mày có gây chuyện lôi thôi như lần trước, mày lập tức tìm chỗ này và nấp vào trong bụi rậm.",Ngọc,"—Claro que sí. Bueno, oye, [MASK]... Si llegas a verte en aprietos, como siempre te ocurre, quiero que vengas a este lugar y te escondas en el matorral.",Juan,"here Well, in [MASK]—if want right did. in you brush.” like I before, jus’ get you to an’ the you come trouble “’Course look. you always to done hide happen",you,"Peki arasında başını buraya gibi gelir, hemen [MASK]... dinle, ""Tabii. belaya çalıların olursan, seferki koşup Geçen saklanırsın. yine öyleyse, sokacak",Kral,"tao lắm! chỗ bụi tức thôi Tốt rậm. mày trước, nếu may [MASK]... chẳng nấp lôi nữa như vào gây lập tìm mày lần có chuyện và đây! hao này Nghe - trong",Tố,"que siempre quiero a escondas y Bueno, el matorral. este te llegas —Claro [MASK]... que como verte ocurre, Si sí. lugar en aprietos, en oye, vengas a te",Claro
[MASK] stepped over and threw his blankets down on the burlap sack of straw that was a mattress. He looked into his box shelf and then picked a small yellow can from it. “Say. What the hell’s this?”,John,"[MASK] yaklaştı ve şilte vazifesini gören saman çuvalının üstüne battaniyesini attı. Raflık sandığına baktı ve içinden sarı bir teneke kutu aldı: ""Hey, bu da nesi?",Ali,"[MASK] bước lại gần và ném bó chăn lên chiếc nệm rơm. Nó nhìn cái hòm và với lấy một cái hộp sắt màu vàng. - Này cụ, gì đây hả trời?",Ngọc,[MASK] se acercó a un camastro y arrojó sus mantas en el saco de arpillera lleno de paja que formaba el colchón. Miró el cajón de sus estantes y sacó de dentro una latita amarilla. —¡Eh! ¿Qué diablos es esto?,Juan,yellow his his a on a mattress. burlap threw sack box and into stepped and over straw “Say. then hell’s blankets shelf He it. that looked this?” from can What [MASK] of picked the down small was the,John,"çuvalının ve bu üstüne sarı da bir attı. aldı: ""Hey, battaniyesini Raflık içinden teneke nesi? ve yaklaştı vazifesini sandığına [MASK] gören saman baktı kutu şilte",Raflık,"cái [MASK] Nó với vàng. một sắt và màu hộp lên đây trời? chăn Này ném bước lại rơm. gần hả cái - gì cụ, hòm nhìn chiếc nệm và lấy bó",Nó,y lleno cajón de diablos en latita esto? sus mantas el de formaba sus saco que ¿Qué acercó arrojó arpillera Miró de se sacó amarilla. camastro a [MASK] y de el —¡Eh! estantes colchón. un paja una es el dentro,Juan
"[MASK] was just finishing making his bed. The wooden latch raised again and the door opened. A little stocky man stood in the open doorway. He wore blue jean trousers, a flannel shirt, a black, unbuttoned vest and a black coat. His thumbs were stuck in his belt, on each side of a square steel buckle. On his head was a soiled brown Stetson hat, and he wore high–heeled boots and spurs to prove he was not a laboring man.",Theodore Roosevelt,"Yatağını yapan [MASK], işini bitirmek üzereyken, tahta mandal kalktı. Eşikte kısa boylu, tıknaz bir adam duruyordu. Ayağında mavi bezden bir pantalon, sırtında bir fanila gömlek, düğmeleri iliklenmemiş siyah bir yelek ve siyah bir ceket vardı. Baş parmaklarını, dörtköşe çelik bir tokanın iki yanından kemerine geçirmişti. Başında kahverengi eski bir şapka vardı, yüksek ökçeli çizmelerinde mahmuzlar takılıydı, bir gündelikçi olmadığı bundan belliydi.",Yatağını yapan,"[MASK] vừa làm xong giường. Cái then gỗ lại được nhấc lên và cửa mở ra. Một người thấp, mập hiện ra trên ngưỡng cửa. Ông ta vận một chiếc quần vải thô xanh, một áo sơ mi hàng nỉ, một chiếc gilê đen không cài khuy và áo choàng đen. Ông ta thọc hai ngón tay cái vào thắt lưng ở hai bên cái khóa vuông bằng thép. Đầu đội mũ nỉ nâu cũ, chân đi đôi giày ống gót cao đóng đinh, dấu hiệu phân biệt với đám người làm công.",Người ta,"[MASK] estaba terminando de hacer su cama. El cerrojo de madera se alzó otra vez y la puerta se abrió. Un hombrecillo recio apareció por la puerta. Vestía pantalones azules de grueso algodón, camisa de franela, chaleco negro desabrochado y abrigo también negro. Tenía los pulgares metidos bajo el cinturón, uno a cada lado de una cuadrada hebilla de acero. En la cabeza llevaba un sucio Stetson pardo, y calzaba botas de tacón alto con espuelas para demostrar que no era un mero trabajador.",Hombrecillo,"little unbuttoned coat. soiled a prove His to high–heeled open and stuck and wore spurs and flannel jean he man. in were On square doorway. [MASK] his a side boots He and wooden just a black, The he stocky man wore blue trousers, the door a making shirt, each belt, hat, was A on stood in laboring latch was was a his the finishing buckle. black vest his Stetson head thumbs bed. raised steel of a not brown again opened.",Unknown,"üzereyken, düğmeleri Ayağında parmaklarını, gündelikçi kalktı. yanından eski çizmelerinde pantalon, bezden [MASK], ceket yelek takılıydı, iki bitirmek bir şapka Başında bir boylu, dörtköşe mavi çelik kahverengi mahmuzlar ökçeli vardı, sırtında adam iliklenmemiş siyah yapan tıknaz fanila tahta ve geçirmişti. kemerine bir siyah bir vardı. bundan Baş kısa işini bir olmadığı yüksek gömlek, Eşikte bir mandal bir belliydi. duruyordu. Yatağını tokanın bir",Kemal,"cửa. lên cũ, gilê một then vận dấu gỗ biệt ta chân người phân thắt không ta lưng nhấc xong và vải ở đinh, gót [MASK] ngưỡng đội hiệu cái áo một lại làm quần tay thép. xanh, làm ngón giày vào một đen công. cài người với khuy chiếc choàng đi Cái ống được giường. khóa mở bằng nâu vừa và thấp, Ông mũ mi ra. hiện đen. trên cửa Một hàng đôi áo Ông Đầu hai chiếc nỉ, cao vuông hai thọc đám mập bên đóng sơ thô cái nỉ ra",Cái ống,"Tenía uno llevaba de un chaleco Vestía abrió. cerrojo alto hombrecillo vez pardo, se y estaba demostrar negro. el mero botas su una Stetson abrigo tacón madera por de cabeza azules grueso hebilla no y trabajador. con metidos y de la se camisa El calzaba [MASK] lado alzó a apareció la sucio bajo de Un cada pantalones un que algodón, En era recio terminando franela, desabrochado pulgares puerta acero. también negro hacer para otra puerta. los cinturón, de espuelas la de cuadrada de cama.",hombre
"[MASK] looked down at his feet. “Bus driver give us a bum steer,” he said. “We hadda walk ten miles. Says we was here when we wasn’t. We couldn’t get no rides in the morning.”",Unknown,"[MASK] başını eğdi: ""Otobüs şoförü bize oyun etti,"" dedi. ""Tam on mil yol yürümek zorunda kaldık. Daha çok uzaktayken, geldik dedi bize. Bu sabah bizi getirecek bir araç bulamadık.",Şoför,"[MASK] nhìn xuống chân: - Lão tài xế xe buýt nó lừa chúng tôi, thành ra chúng tôi phải đi bộ tới mười dặm đường. Nó nói là đã tới nơi rồi mà thật ra thì còn xa. Chúng tôi không gặp ai để quá giang tới đây cho kịp sáng nay cả.",Lão tài,"[MASK] se miró los pies. —El conductor del autobús nos jugó una mala pasada —explicó—. Tuvimos que caminar diez millas. Dijo que ya estábamos junto al racho, y no era así. No pudimos encontrar quien nos trajera esta mañana.",Conductor del autobús,"he Says here “We steer,” “Bus bum miles. ten give we rides down no wasn’t. morning.” [MASK] the when driver We feet. we get at his said. in was a hadda couldn’t looked us walk",Driver,"eğdi: kaldık. başını bizi bize ""Tam geldik bir dedi. on sabah zorunda araç çok ""Otobüs getirecek uzaktayken, yürümek mil oyun yol şoförü etti,"" bulamadık. [MASK] Bu Daha bize. dedi",Şoför,"giang - cả. đây nó xe Nó lừa thì tới để buýt còn xa. nơi nhìn [MASK] cho đi ra tới là nay Lão quá thật không xuống rồi tới mười kịp phải chúng đường. xế tôi ai chúng dặm nói mà đã Chúng thành gặp chân: sáng ra tôi, tài tôi bộ",giang,"los caminar trajera quien nos que No junto esta —explicó—. mala así. racho, jugó conductor pies. que miró pudimos se [MASK] Dijo una millas. ya —El nos diez y no mañana. pasada al autobús estábamos encontrar Tuvimos del era",Juan
"[MASK] broke in loudly, “Oh! I ain’t saying he’s bright. He ain’t. But I say he’s a God damn good worker. He can put up a four hundred pound bale.”",Joe,"[MASK], sesini yükseltti: ""Zekidir, demedim. Hiç de değildir. Ama işe gelince üstüne yoktur. İkiyüz kilo yük vur sırtına, bana mısın demez.",Kemal,"[MASK] nói lớn: - Dạ thưa, nó không sáng dạ đâu. Nhưng làm thì nó khỏe lắm. Nó có thể nhấc hai tạ hàng.",Ngọc,[MASK] interrumpió con voz muy alta. —¡Oh! No digo que sea inteligente. No lo es. Pero digo que para trabajar no hay quien le gane. Es capaz de cargar un fardo de doscientos kilos.,Juan,"damn four a saying put hundred I broke in bright. But “Oh! pound he’s God can good a [MASK] worker. loudly, He bale.” say ain’t. he’s I up ain’t He",God,"yük üstüne demez. mısın işe gelince sırtına, Hiç [MASK], sesini kilo değildir. de vur bana yoktur. ""Zekidir, demedim. İkiyüz Ama yükseltti:","Hiç [MASK], sesini kilo değildir. de vur bana yoktur. ""Zekidir, demedim. İkiyüz Ama yükseltti:","khỏe dạ Dạ Nó nhấc hai không tạ làm [MASK] lắm. nói nó sáng lớn: thì thể - hàng. thưa, Nhưng có đâu. nó",Dạ Nó,alta. cargar [MASK] digo fardo muy voz lo digo No es. que para un quien le capaz Pero kilos. Es que de trabajar gane. no inteligente. con doscientos sea interrumpió —¡Oh! No de hay,Alta
"“Never mind, never mind. I’ll tell you when. I hate that kind of a guy. Look, [MASK], if you get in any kind of trouble, you remember what I told you to do?”",Uncle,"""Bir şey değil, bir şey değil. Vakti gelince haber veririm. Bu çeşit heriflere hiç sabrım yoktur. Dinle beni [MASK], başına bir iş gelecek olursa, ne yapacaktın, hatırlıyorsun değil mi?",Kardeş,"- Mày khỏi lo. Tới đấy rồi tao bảo. Cái ngữ nó tao thương không nổi. [MASK], nếu có chuyện gì xảy ra, mày nhớ tao dặn phải làm gì rồi chớ?",Tải,"—Nada. No te preocupes. Ya te lo diré. Me dan rabia los tipos como ése. Escucha, [MASK]: si te metes en un lío, ¿recuerdas lo que te dije que hicieras?",Juan,"get mind. you if what guy. hate when. you kind remember [MASK], tell a you I in do?” trouble, I’ll of never of mind, any kind to I “Never Look, you told that",John,"hiç şey ""Bir yoktur. değil. gelecek veririm. bir [MASK], ne başına değil heriflere hatırlıyorsun mi? değil, Vakti sabrım haber yapacaktın, beni çeşit olursa, gelince Dinle bir iş şey Bu",Tanrı,"khỏi đấy gì xảy tao lo. Mày mày rồi phải nhớ nó có rồi [MASK], nếu - làm chuyện ra, gì tao Tới thương bảo. ngữ không tao nổi. chớ? dặn Cái",Tới,"te los lo si hicieras? lío, en Escucha, Me tipos ése. te No que que Ya metes ¿recuerdas dije lo [MASK]: rabia —Nada. preocupes. un diré. te te como dan",Me
"From the washroom nearby came the sound of running water and rattling basins. [MASK] studied the cards. “Maybe we oughtta wash up,” he said. “But we ain’t done nothing to get dirty.”",The narrator,"Yandaki çeşmede akar suyun ve kımıldatılan kovaların sesi duyuluyordu. [MASK], kağıtlarını gözden geçiriyordu. ""Gidip yüzümüzü yıkasaydık. Ama kirlenmek için de bir şey yapmadık ki.",Yusuf,"Trong phòng tắm bên cạnh, người ta nghe thấy tiếng nước chảy và tiếng thau loảng xoảng. [MASK] vẫn chăm chú tính bài. Nó nói: - Lẽ ra thì mình cũng nên đi tắm cái đã. Nhưng mình có làm gì bẩn đâu mà tắm.",Người ta,Del lavadero cercano llegaba el ruido de agua y de recipientes en movimiento. [MASK] estudió sus cartas. —Tal vez tendríamos que lavarnos –dijo—. Pero no hemos hecho nada que ensucie.,Juan,"“Maybe we nearby said. nothing “But [MASK] we water to wash came the rattling and cards. the washroom From oughtta basins. sound of running up,” ain’t get studied he dirty.” the done",John,"akar şey yüzümüzü bir Ama kımıldatılan yıkasaydık. çeşmede ve ""Gidip kirlenmek ki. suyun de yapmadık sesi gözden duyuluyordu. geçiriyordu. için [MASK], kağıtlarını kovaların Yandaki",Çeşme,"tắm. Lẽ bẩn và phòng Nhưng - thì mình cạnh, gì nghe vẫn chăm ta đâu người thấy bên Trong tiếng làm đã. [MASK] mình chảy cũng cái nói: ra tắm tiếng loảng tắm bài. mà nước đi xoảng. có nên chú tính Nó thau",Nhưng,hemos de y ruido recipientes que –dijo—. Pero no el movimiento. tendríamos [MASK] que —Tal cartas. en estudió ensucie. agua Del nada lavarnos vez lavadero de hecho sus llegaba cercano,Juan
[MASK] stacked the scattered cards and began to lay out his solitaire hand. The shoes thudded on the ground outside. At the windows the light of the evening still made the window squares bright.,John,[MASK] dağınık kağıtları toplayarak yeniden açmaya başladı. Dışarda mallar küt diye yere çarpıyordu. Akşamın ışığı hâlâ pencereleri aydınlatıyordu.,Ahmet,"[MASK] thu các quân bài rải rác lại và bắt đầu bày một ván mới. Phía ngoài, tiếng móng sắt chạm mặt đất kêu ầm ầm. Ở cửa sổ trời bảng lảng hoàng hôn hãy còn để lại những khuôn vuông sáng.",Nam,"[MASK] reunió las cartas dispersas y comenzó a extender su solitario. Afuera, las herraduras golpeaban en la tierra dura. La luz del atardecer aún encendía las cuadradas ventanas.",María,out thudded on the windows cards made began squares and ground stacked scattered lay to the his the still shoes [MASK] At The outside. window solitaire the evening light the hand. bright. of the,John,pencereleri diye dağınık çarpıyordu. [MASK] hâlâ Dışarda yere Akşamın ışığı başladı. küt aydınlatıyordu. kağıtları açmaya toplayarak yeniden mallar,Dışarı,"thu ầm. hãy mặt mới. ngoài, vuông trời bắt ầm một tiếng Phía đất bảng Ở rải kêu ván bài bày lại và sáng. rác [MASK] còn chạm sổ khuôn móng những lại hoàng quân các sắt đầu để cửa lảng hôn",Ngọc,"las ventanas. golpeaban las tierra encendía Afuera, luz comenzó cartas reunió atardecer extender aún en y la herraduras a dispersas cuadradas del La solitario. su dura. [MASK] las",Luis
"“I ain’t got no people,” [MASK] said. “I seen the guys that go around on the ranches alone. That ain’t no good. They don’t have no fun. After a long time they get mean. They get wantin’ to fight all the time.”",[MASK] said,"[MASK]: ""Aile namına kimsem yok,"" dedi. ""Çiftliklere tek başlarına çalışmaya gidenleri gördüm. Tatsız şey. Yaşamaktan zevk duymuyorlar. Sonunda kötü adam oluyorlar. Hep hırlaşmak istiyor canları.",Aile,[MASK] nói: - Tôi chẳng có gia đình thân thích. Tôi thấy dân làm mướn trong trại cũng một thân một mình vậy. Chả ra làm sao cả. Họ chẳng còn cái thú gì nữa. Rốt cuộc họ trở thành hung dữ. Họ chỉ luôn luôn nghĩ đến chuyện đánh nhau thôi.,Nguyễn,—Yo no tengo familia —dijo [MASK]. He visto a los peones que andan solos por los ranchos. Eso no está bien. No se divierten nada. Al poco tiempo se hacen ruines. Y siempre están queriendo pelear.,Juan,"no “I long they fight fun. ranches around alone. ain’t wantin’ get have go time get on seen They no no a to ain’t the all “I time.” They got don’t good. After people,” mean. [MASK] that said. guys That the the",John,"gördüm. duymuyorlar. dedi. hırlaşmak yok,"" şey. zevk gidenleri oluyorlar. namına ""Çiftliklere kötü [MASK]: kimsem Tatsız tek adam başlarına ""Aile çalışmaya Yaşamaktan canları. Sonunda istiyor Hep",Çiftliklere kötü,chẳng Chả nghĩ đến luôn hung đình luôn - vậy. mình cái nhau Họ cũng cuộc sao trại thân trong [MASK] còn đánh chỉ thân Họ chuyện mướn Rốt thôi. ra dữ. nữa. một dân trở cả. nói: thấy Tôi một gia có Tôi làm gì thành làm thích. chẳng thú họ,Hung,peones los poco visto solos —dijo pelear. ranchos. no tengo [MASK]. familia siempre está He a tiempo Al los por —Yo ruines. andan se queriendo nada. están Y Eso hacen se No no divierten bien. que,Juan
"[MASK] came in through the door. He wore his blue denim coat over his shoulders like a cape, and he walked hunched way over.",The Man,"[MASK] kapıdan girdi. Mavi bez ceketini pelerin gibi omuzuna atmış, öne doğru yalpalayarak yürüyordu.",Kemal,"[MASK] hước vào tới cửa. Trên vai nó khoác một cái áo vét xanh như một chiếc áo choàng, đi ngả người về trước.",Ngọc,"[MASK] entró por la puerta. Llevaba su chaqueta de estameña azul puesta sobre los hombros como una capa, y caminaba con el cuerpo muy inclinado.",Don Quijote,"in hunched denim a blue he through He his over came walked wore cape, shoulders the his coat over. [MASK] like door. way and",He,"doğru omuzuna yalpalayarak öne girdi. [MASK] yürüyordu. atmış, ceketini bez pelerin Mavi kapıdan gibi",Kemal,"chiếc một áo khoác vai áo tới choàng, cái [MASK] Trên cửa. vào vét nó về như một trước. hước người đi ngả xanh",Ngọc,"entró con [MASK] puerta. azul estameña inclinado. por los una Llevaba sobre muy su como caminaba chaqueta capa, y la hombros de cuerpo el puesta",Don Quijote
"“I don’t see no reason for it,” said [MASK]. He went to his bunk, pulled his bag from underneath it and took out a Luger pistol. “Let’s get it over with,” he said. “We can’t sleep with him stinkin’ around in here.” He put the pistol in his hip pocket.",[MASK],"[MASK]: ""Beklemek için sebep ne?"" dedi. Yatağına gitti, kerevetin altından çantasını çekti, içinden Luger marka bir tabanca çıkardı. ""Hemen bitirelim bu işi. Bu kenef kokusuyla uyunur mu be? Tabancayı arka cebine koydu.",Kemal,"[MASK] nói: - Ích gì đâu. Hắn đi về phía giường, lôi cái sắc để dưới gầm. Và lấy ra khẩu súng Luger. - Làm phứt đi cho rồi. Đâu cũng thối chết thế này làm sao mà ngủ được. Hắn nhét khẩu súng phía sau.",Nguyễn,"—No veo por qué —cortó [MASK]. Fue hasta su camastro, sacó un paquete que había dejado y en su mano apareció una pistola Luger—. Acabemos de una vez. No podemos dormir con lo que apesta ese perro. Se metió la pistola en el bolsillo trasero del pantalón.",[MASK],"“We can’t a it bunk, sleep went it,” in for his around put from here.” in stinkin’ don’t Luger out He said. pistol. said his bag and took over “I with,” see it [MASK]. he get the pistol him pocket. “Let’s with pulled He to reason no his hip underneath",Luger,"altından çıkardı. mu marka [MASK]: çantasını dedi. bitirelim koydu. ne?"" işi. tabanca Yatağına kokusuyla ""Beklemek arka gitti, kenef içinden Bu cebine çekti, sebep için kerevetin ""Hemen bir uyunur Tabancayı bu Luger be?",Luger,"phía đâu. này đi Và được. Hắn lấy thối lôi làm về khẩu ngủ mà cũng để Luger. thế ra nói: súng cho đi [MASK] súng Ích gì gầm. sắc dưới sau. khẩu Hắn - rồi. phía nhét chết phứt sao Đâu Làm cái giường, -",Luger,"en y en Acabemos bolsillo del Luger—. pistola qué su podemos apareció una con —No paquete dejado que pantalón. la sacó camastro, trasero metió No lo su por Se un una ese —cortó pistola Fue que vez. dormir había veo mano hasta apesta perro. [MASK]. de el",Luger
"[MASK]’s hands stopped working with the cards. His voice was growing warmer. “An’ we could have a few pigs. I could build a smoke house like the one gran’pa had, an’ when we kill a pig we can smoke the bacon and the hams, and make sausage an’ all like that. An’ when the salmon run up river we could catch a hundred of ’em an’ salt ’em down or smoke ’em. We could have them for breakfast. They ain’t nothing so nice as smoked salmon. When the fruit come in we could can it—and tomatoes, they’re easy to can. Ever’ Sunday we’d kill a chicken or a rabbit. Maybe we’d have a cow or a goat, and the cream is so God damn thick you got to cut it with a knife and take it out with a spoon.”",Gran'pa,"[MASK], ellerini kağıtlardan çekti. Sesi daha dolgunlaştı: ""Bir iki domuzumuz da olur. Dedeminki gibi bir işleme yeri yaparım, domuz kestiğimiz zaman yağıyla jambonunu işleriz, sucuklar, daha bir sürü şeyler yaparız. Sonra balıklar dereye geldiği zaman, yüz kadarını tutar, tuzlayıp kuruturuz. Kahvaltıda diyetle yeriz. Bayılırım isli dere balığına. Yemiş mevsiminde konserve de yaparız. Domates konservesi yapmak kolaydır. Her pazar, tavuk veya tavşan keseriz. Belki de ineğimiz, ya da keçimiz olur, sütü o kadar koyu olur ki, kaymağımızı bıçakla keser veya kaşıkla alırız.",Dede,"- Phần tôi lấy cỏ cho thỏ. Trời đất! Khỏi nói rồi. [MASK] ngừng tay không xốc bài nữa. Giọng nói đậm đà hơn: - Mình cũng có thể nuôi vài con heo. Tao sẽ xây một cái lò để muối thịt như ông nội tao ngày xưa và khi nào mình làm heo, mình có thể muối mỡ heo và “dăm bông”, làm lạp xưởng và hàng tá thứ khác. Khi nào cá hồi lội ngược dòng lên, tha hồ mà bắt đem muối và ướp. Sáng mình ăn lót dạ bằng cá hồi. Chà không có gì ngon bằng cá hồi ướp. Mùa trái cây, mình sẽ làm đồ hộp... Làm cà chua hộp dễ lắm! Mỗi chủ nhật, làm một con gà hay một con thỏ ! Mình cũng sẽ mua một con bò hay một con dê cái lấy sữa làm kem ăn thật đặc phải lấy dao cát ra rồi lấy muỗng xúc.",Tao,"Las manos de [MASK] dejaron de trabajar con las cartas. Su voz se iba haciendo cada vez más cálida. —Y podríamos tener unos cuantos cerdos. Yo podría hacer un ahumadero como tenía mi abuelo y, cuando matáramos un cerdo, podríamos ahumar la panceta y los jamones, y hacer embutido y todo lo demás. Y cuando los salmones remontaran el río podríamos pescar más de cien y salarlos y ahumarlos. Podemos guardarlos para el desayuno. No hay nada más sabroso que el salmón ahumado. Cuando la fruta madurase, podríamos ponerla en latas..., y tomates, que son fáciles de conservar. Todos los domingos mataríamos un pollo o un conejo. Tal vez tengamos una vaca o una cabra, y la crema de la leche es tan, pero tan espesa, que para cortarla habrá que usar cuchillo.",Juan,"can we take in smoke or God ain’t it “An’ can a hundred a or of had, the with tomatoes, could goat, pigs. nice river I Sunday a as knife like an’ thick and nothing the voice a make the a all and ’em kill few like rabbit. hands pig smoked a for stopped breakfast. could An’ when with we’d When working could it—and build ’em. and out catch you could a we ’em bacon fruit one the Ever’ we’d can. got kill down salmon. come was warmer. we so a an’ an’ cards. the with His could we hams, they’re house smoke They sausage chicken up when to them damn a cow so salt easy the have cut growing a [MASK]’s We cream the salmon gran’pa to spoon.” smoke Maybe it we or that. is have and have run",Gran'pa,"ki, Bayılırım bıçakla veya yağıyla Yemiş daha dereye kuruturuz. balığına. jambonunu olur, kadarını Kahvaltıda tutar, o konservesi mevsiminde bir sürü diyetle kolaydır. kaşıkla ineğimiz, Sonra de şeyler kestiğimiz dolgunlaştı: olur. çekti. domuz kadar veya yaparım, işleriz, yeri geldiği da Sesi zaman, yaparız. ellerini bir sütü da daha [MASK], zaman keseriz. ya yüz Domates Dedeminki ""Bir yaparız. tavşan balıklar kağıtlardan koyu domuzumuz de pazar, iki işleme tuzlayıp isli Belki sucuklar, gibi alırız. keçimiz dere konserve Her olur tavuk kaymağımızı keser yeriz. yapmak",Dedeminki,"tá hồi ngon cái Mùa dạ Khi sữa chua hay muối Mình ăn sẽ tay ăn có đất! tôi khi Giọng xưa đặc cây, Khỏi cá mua hay mình để con Làm hàng Phần dễ dao nào con cũng nữa. bằng bắt lấy một gà đậm có cà rồi. sẽ - ngày mỡ rồi nói hộp... nói và làm bông”, Trời hộp muỗng - hồi. ngừng thật một vài mà lò đem mình xúc. lót ngược xây nuôi hồ lấy đà không lội không lắm! khác. cá Mình và làm mình kem tha Sáng “dăm lên, đồ xốc con cho ông thỏ và bài cỏ heo, cá muối lấy cái con thể dê thỏ. cát hồi chủ làm làm con có dòng Mỗi nội xưởng ướp. thứ nhật, Chà bò cũng lấy sẽ nào heo. và mình làm Tao ướp. lạp heo bằng muối thể trái một một gì tao phải ! một [MASK] ra thịt như hơn:",Mùa,"pescar No podríamos hay los ahumado. podría [MASK] habrá un y, la Tal el una Las jamones, de de dejaron la salmón o que que hacer mataríamos cartas. abuelo el Y los tener la vez Yo ahumar más conservar. salarlos tengamos que Cuando el se o usar desayuno. más tomates, nada cien pero guardarlos trabajar Podemos cortarla embutido es de los Todos cuantos —Y ponerla demás. que crema cuchillo. y unos cada vez espesa, podríamos mi cabra, de en ahumarlos. fáciles domingos cerdos. pollo tan, cuando un podríamos ahumadero salmones todo panceta voz y cálida. tan más las para un son matáramos río hacer madurase, leche con la remontaran y conejo. lo tenía podríamos de manos cerdo, fruta una y y y como para vaca latas..., Su sabroso un y cuando haciendo iba",abuelo
"[MASK] breathed hard. “You jus’ let ’em try to get the rabbits. I’ll break their God damn necks. I’ll … I’ll smash ’em with a stick.” He subsided, grumbling to himself, threatening the future cats which might dare to disturb the future rabbits.",Uncle,"[MASK], kuwetle nefes alıyordu. ""Hele bir kapmaya kalksınlar, dünyanın kaç köşesi olduğunu gösteririm onlara ben. Sakinleşti, içinden homurdanıyor, yarınki tavşanlara sataşacak yarınki kedilere gözdağı veriyordu.",Kedi,"[MASK] thở mạnh: - Chúng cứ động tới lũ thỏ mà coi, tôi nói có Trời là tôi sẽ bóp chết ngay. Tôi à, tôi lấy gậy tôi dần nó tan xác. Nó nguôi dân, lầu nhầu trong miệng, dọa dẫm lũ mèo tưởng tượng đã dám quấy rầy lũ thỏ tưởng tượng.",Trời,"[MASK] respiró con fuerza. —Déjalos que se acerquen a los conejos y les romperé el pescuezo. Les... los aplastaré con un palo. Se calmó luego, pero continuó gruñendo para sus adentros y amenazando a los futuros gatos que se atrevieran a molestar a los futuros conejos.",El gato,"their necks. break future [MASK] I’ll rabbits. get damn jus’ ’em a might the He rabbits. hard. to let I’ll the disturb try threatening ’em to which cats breathed subsided, “You dare the God himself, stick.” with I’ll … future smash grumbling to",God,"sataşacak ben. kalksınlar, kuwetle Sakinleşti, dünyanın köşesi gösteririm [MASK], gözdağı kapmaya olduğunu bir alıyordu. onlara yarınki içinden yarınki kaç tavşanlara veriyordu. homurdanıyor, ""Hele nefes kedilere",Sakarya,"nói tôi cứ dẫm tưởng dọa mà tượng. thỏ lầu - tượng có ngay. mèo coi, lũ [MASK] động Chúng Tôi Nó tôi lũ Trời lũ thỏ là rầy quấy tôi thở dám nhầu nguôi trong sẽ tới tưởng lấy tan gậy mạnh: tôi đã chết miệng, à, bóp dần xác. dân, nó",Trời,"un el luego, gatos respiró atrevieran les Les... romperé calmó se y los y con palo. a que futuros fuerza. continuó pero conejos. conejos [MASK] Se los futuros que a aplastaré amenazando gruñendo los acerquen adentros molestar se —Déjalos los pescuezo. a para sus a con",Conejos
"When [MASK] spoke they both jumped as though they had been caught doing something reprehensible. [MASK] said, “You know where’s a place like that?”",John,"[MASK], söze başladığı zaman, ikisi de suçüstü yakalanmış gibi, yerlerinden hopladılar. [MASK] dedi ki: ""Böyle bir yer biliyor musun?",[MASK],"Khi [MASK] cất tiếng hỏi, cả hai giật nẩy mình như phạm lỗi. Lão nói: - Thật có một chỗ bán như vậy à",Người,"Cuando [MASK] habló, los dos se sobresaltaron como si hubiesen sido sorprendidos en un acto reprobable. [MASK] preguntó: —¿Sabes dónde hay un lugar así?",Juan,"both a they know as something place [MASK] like When said, where’s that?” though they doing [MASK] reprehensible. jumped caught had been spoke “You",They,"başladığı yer biliyor musun? [MASK] ki: ""Böyle yakalanmış zaman, gibi, dedi hopladılar. suçüstü ikisi de bir yerlerinden söze [MASK],",Köroğlu,"Khi nẩy Thật à bán Lão mình như phạm giật lỗi. cả tiếng một hỏi, có cất như [MASK] chỗ nói: hai vậy -",Nguyễn,"sido como hubiesen sobresaltaron se dónde reprobable. en sorprendidos dos un un acto [MASK] lugar [MASK] Cuando —¿Sabes los hay preguntó: habló, así? si",lugar
[MASK] watched him suspiciously. “Well—I could get it for six hundred bucks. The ol’ people that owns it is flat bust an’ the ol’ needs an operation. Say—what’s it to you? You got nothing to do with us.”,Ol' people,"[MASK] kuşkulu gözlerle ona bakıyordu: ""Eh, altı yüz kağıda alabilirim,"" dedi. ""İçinde oturan ihtiyarlar tırıl kalmışlar, ihtiyar karının da bir ameliyata ihtiyacı var. Ama söylesene sen, sana giren çıkan var mı bu işte? Ne diye burnunu sokuyorsun bizim işimize?",Kadın,[MASK] nhìn lão nghi ngờ: Hừ... tôi có thể mua chừng sáu trăm đồng. Mấy lão già ở đó làm ăn bị lụn bại còn già thì cần phải mổ. Này... chuyện đó ích lợi gì tới cụ chứ? Chuyện tụi tôi không nhằm gì tới cụ đâu nhé .,Hừ...,"[MASK] lo miró con recelo. —Bueno, yo... podría conseguirlo por seiscientos dólares. Los dos viejos que son los dueños no tienen un centavo, y la vieja tiene que operarse. Oye..., ¿qué te importa a ti esto? Tú no tienes nada que ver con nosotros.",Don,ol’ got with bucks. six us.” do nothing you? him [MASK] is The the hundred to for it an to watched Say—what’s that owns You people flat ol’ it could “Well—I operation. bust suspiciously. an’ it needs get,John,"var. kağıda gözlerle çıkan bu kuşkulu ihtiyar ihtiyarlar ameliyata karının burnunu Ama Ne bakıyordu: alabilirim,"" işimize? mı sen, altı bizim yüz ""Eh, sana giren işte? ona oturan tırıl dedi. söylesene kalmışlar, ihtiyacı [MASK] var bir diye sokuyorsun da ""İçinde",Kuş,tôi đâu chừng gì Hừ... . tôi lợi lụn Chuyện đồng. đó có Này... cụ phải ích cần nghi mổ. chứ? nhé lão gì sáu [MASK] già mua ngờ: trăm lão không tới làm bại còn ăn nhằm đó tới bị nhìn thì ở cụ thể già tụi Mấy chuyện,Hừ,"no tienes nada son por Oye..., nosotros. vieja con seiscientos que yo... tiene un centavo, ti conseguirlo te esto? Los lo los dueños recelo. ver con —Bueno, [MASK] a dólares. podría la operarse. y miró viejos tienen que importa que Tú no dos ¿qué",Juan
"[MASK] interrupted him, “I’d make a will an’ leave my share to you guys in case I kick off, ’cause I ain’t got no relatives nor nothing. You guys got any money? Maybe we could do her right now?”",Uncle,"[MASK] sözünü kesti: ""Bir vasiyetname hazırlarım. Kimim kimsem olmadığı için ölürsem hissemi size bırakırım. Sizin paranız var mı? Belki hemen yapabiliriz bu işi?",Ahmet,"[MASK] ngắt lời: - Tôi sẽ làm chúc thư để cho các người hưởng hết nếu tôi chết, bởi vì tôi không còn họ hàng gì cả, tứ cố vô thân. - Các bác có được ít nhiều không? Như thế mình có thể thu xếp ngay lập tức.",Tôi,—Haré un testamento —aseguró [MASK]— y dejaré mi parte a los dos en caso de que muera porque no tengo parientes ni nada. ¿Tenéis algo de dinero? Quizás podríamos comprar la finca ahora mismo.,[MASK],"in money? relatives got kick got ’cause no nothing. nor him, her make guys will leave right we do now?” You to guys you off, any share interrupted an’ ain’t a my I [MASK] could Maybe “I’d I case",John,"kesti: işi? hemen ""Bir için paranız hazırlarım. bu hissemi Kimim size kimsem sözünü vasiyetname Belki olmadığı mı? [MASK] var bırakırım. ölürsem yapabiliriz Sizin",Kimsem,"nhiều họ người Các thế chết, Như lập - lời: tức. thể tôi [MASK] hàng hết có cho - ngay sẽ có bởi để thân. thư nếu bác không? vì không ngắt tôi được xếp chúc ít còn hưởng tứ cố cả, thu làm vô mình Tôi các gì",Bác,[MASK]— de finca dinero? caso porque comprar los ni en y que algo un —Haré la Quizás parte podríamos parientes nada. a ¿Tenéis mi mismo. dejaré de dos muera tengo no testamento —aseguró ahora,Juan
“Why’n’t you tell her to stay the hell home where she belongs?” said [MASK]. “You let her hang around bunk houses and pretty soon you’re gonna have som’pin on your hands and you won’t be able to do nothing about it.”,Uncle,"[MASK] atıldı: ""Ne diye söylemezsin evinde otursun, karı dediğin evinde oturur. Böyle koğuş koğuş sürtüp durursa, günün birinde başın belaya girer, iş işten geçmiş olur artık.",Karı,"[MASK] lên tiếng: - Sao cậu không bảo vợ cậu ở ngay nhà, phải hơn không? Cứ để cô ta lân la như vậy ở khắp các dãy. rồi chẳng mấy chốc mà có chuyện, mà rồi cậu chẳng làm khỉ gì được thiên hạ đâu.",Người,"—¿Por qué no le manda que se quede en su casa, donde debería estar? —reprochó [MASK]. Si la deja andar entre los peones, no pasará mucho tiempo antes de que se encuentre en un buen apuro.",Don,you “You home nothing soon som’pin won’t around your it.” and hell where said “Why’n’t hang houses [MASK]. her and you tell you’re let bunk on the to gonna do pretty belongs?” hands stay be about have to able she her,Hell,"işten birinde koğuş atıldı: geçmiş olur koğuş sürtüp girer, evinde [MASK] ""Ne karı oturur. durursa, belaya günün diye söylemezsin dediğin iş başın evinde artık. Böyle otursun,",Kocası,"Cứ Sao chốc phải mà các ở chuyện, dãy. để nhà, vợ không? không la vậy như khắp ta bảo ở cậu rồi lân cậu gì ngay chẳng hơn lên làm rồi đâu. [MASK] hạ cậu khỉ thiên mấy - được có tiếng: chẳng cô mà",Cứ Sao,"su casa, encuentre —reprochó deja qué se que Si —¿Por un apuro. en [MASK]. andar la los que antes tiempo pasará estar? entre le mucho peones, quede manda se donde buen de debería en no no",Juan
"[MASK], the negro stable buck, had his bunk in the harness room; a little shed that leaned off the wall of the barn. On one side of the little room there was a square four–paned window, and on the other, a narrow plank door leading into the barn. [MASK]’ bunk was a long box filled with straw, on which his blankets were flung. On the wall by the window there were pegs on which hung broken harness in process of being mended; strips of new leather; and under the window itself a little bench for leather–working tools, curved knives and needles and balls of linen thread, and a small hand riveter. On pegs were also pieces of harness, a split collar with the horsehair stuffing sticking out, a broken hame, and a trace chain with its leather covering split. [MASK] had his apple box over his bunk, and in it a range of medicine bottles, both for himself and for the horses. There were cans of saddle soap and a drippy can of tar with its paint brush sticking over the edge. And scattered about the floor were a number of personal possessions; for, being alone, [MASK] could leave his things about, and being a stable buck and a cripple, he was more permanent than the other men, and he had accumulated more possessions than he could carry on his back.",[MASK],"Zenci seyis [MASK], ahırın duvarına yaslanmış, küçük bir baraka olan koşumlukta oturuyordu. Küçük odanın bir yanında dört camlı dörtköşe bir pencere, öbür yanında, ahıra açılan dar bir kapı vardı. [MASK]'un yatağı, kuru otla doldurulmuş uzun bir sandıktan ibaretti. Battaniyelerini bunun üstüne sererdi. Pencerenin yanında duvara çakılmış kancalarda tamir görmekte olan kopmuş koşum takımları, yeni deri parçaları, pencerenin altında da küçük bir tahta sıranın üstünde saraç takımları görülüyordu, kunduracı bıçakları, iğneler, sicim yumakları, küçük bir perçin aleti vardı. Daha başka kancalarda da, koşum takımı parçaları, kıtığı dışarı fırlamış kopuk bir hamut, kırık bir cebire ve üstünün meşin kaplaması yırtılmış bir dizgin sarkıyordu. [MASK]'un da yatağı üstünde elma sandığı asılıydı, bunun içinde, kendisine ve hayvanlara yarayan ilaçlar sıralanmıştı. Koşumların bakımı için gerekli sabun kutuları, içindeki fırçanın sapı kenarından dışarı fırlayan, delik bir katran çanağı vardı. Birçok şahsi eşyalar yerlere serilmişti; tek başına yaşadığı için [MASK], eşyasını derleyip toplamaya gerek görmüyordu, görevi, öteki çiftlik adamlarından daha devamlıydı, sırtında taşıyamayacağı kadar çok öteberi de birikmişti.",Zenci,"[MASK], người mã phu da đen, ở trong cái nhà kho nhỏ chứa đồ yên cương, sát lưng vào trại ngựa. Một bên tường có một cửa sổ vuông bơn tấm kính và bên kia có một cửa hẹp ăn thông với trại ngựa. Cái giường của [MASK] làm bằng chiếc thùng dài chứa đầy rơm có trải chăn mền lên trên. Trên tường, gần cửa sổ có móc treo lủng lẳng các yên gẫy đang sửa chữa, các tấm da mới và phía dưới cửa sổ, có một ghế băng nhỏ để các dụng cụ yên cương, liềm, kìm, quận chỉ gai và một cái búa đanh nhỏ. Trên móc còn treo các bộ đồ ngựa, một cái vòng cổ đã xổ lông, một cái khác đã vỡ và một dây cương đã sờn da. [MASK] kê một cái thùng táo ngay phía đầu giường và cất vào đấy hàng dãy các thứ thuốc để dùng cho cả y lẫn ngựa. Có cả những hộp xà bông để rửa yên và một cái bô dầu hắc nhễu giọt, thòi cái cán cây cọ ra ngoài. Một số vật dụng cá nhân vứt rải rác khắp sàn, bởi vì sống một thân một mình, [MASK] có thể bày bừa khắp chỗ, lại vừa là người mã phu tàn tật, y có cuộc sống cố định hơn mọi người khác, và lưu trữ các vật dụng nhiều hơn sức y có thể mang trên lưng.",Người mã phu da đen,"[MASK], el peón negro, tenía su camastro en el cuarto de los arneses, un pequeño cobertizo que sobresalía de la pared del granero. A un lado del cuartito había una ventana cuadrada, con cuatro vidrios, y en el extremo opuesto una estrecha puerta, hecha con tablas, que daba al granero. El camastro de [MASK] era un largo cajón lleno de paja, sobre el cual estaban extendidas sus mantas. De unas clavijas fijadas a la pared, junto a la ventana, colgaban rotos arneses en trámite de ser arreglados y tiras de cuero nuevo. Bajo la misma ventana, una banqueta para las herramientas de talabartería, curvos cuchillos y agujas y ovillos de hebra de hilo, y un pequeño remachador de mano. Asimismo colgaban de las clavijas fragmentos de arneses, un collarín roto, que mostraba el relleno de crin, una pechera partida y una cadena de tiro con su forro de cuero también roto. [MASK] tenía el cajón de manzanas que le servía de estante sobre el camastro, y en él se apilaban gran variedad de frascos de remedios, para él y para los caballos. Había latas de grasa para los arneses y una sucia lata de brea con su pincel asomando por el borde. Y dispersos por el piso muchos efectos personales; porque [MASK], por vivir solo, podía dejar sus cosas sin cuidado, y por ser peón del establo y lisiado, era más fijo que los demás en el rancho y había acumulado más posesiones de las que podía transportar al hombro.",[MASK],"the knives stable other, a his harness also a out, cans a sticking drippy range in long possessions; riveter. of leather than box men, about can broken than a had his hung on horsehair the for had blankets its were he he plank there little split of There the the being [MASK], bench and by window, the buck, were collar over and barn. of was a and the on personal leaned a a it cripple, thread, number of his into wall carry and soap straw, door a hand which bunk the leather; and brush being had new filled horses. about, and [MASK]’ flung. side of the back. shed for, its box room the over trace could was balls were in process room; broken itself the stable a the a chain of and needles under being [MASK] there that on leave for of strips a bunk narrow paint scattered On wall stuffing a in pegs small a for negro a with with sticking floor more of the accumulated was alone, saddle and could little curved linen little he pieces were were one square harness apple of the harness, window the permanent both pegs which hame, with and [MASK] his covering medicine edge. himself and barn. on bunk, buck things And On On four–paned off mended; and bottles, other leather–working leading with split. tools, of his his possessions the tar window more and","The name that fills the [MASK] token in the passage is ""the stable"". This is a proper name that refers to a specific location mentioned in the passage. The passage describes various objects and items found in the stable, such as harness, buck, and other possessions. Therefore, ""the stable"" is the most suitable answer to fill the [MASK] token.","yumakları, tek sicim yanında yırtılmış kopmuş pencere, takımları, üstünde fırlayan, görmekte elma içindeki otla takımı deri toplamaya üstünün dışarı seyis olan pencerenin başka parçaları, taşıyamayacağı vardı. eşyasını Koşumların öteki [MASK]'un da dar kaplaması dörtköşe bir ilaçlar bunun aleti kenarından cebire hamut, yarayan içinde, üstünde [MASK], devamlıydı, Pencerenin öteberi çok parçaları, bıçakları, açılan ahırın bir bir doldurulmuş bir kendisine bir daha çakılmış yatağı, koşum kancalarda küçük bir çanağı başına küçük kıtığı üstüne camlı kadar kunduracı bir uzun koşum olan görevi, katran ve yanında takımları sıralanmıştı. iğneler, ahıra yaslanmış, Küçük yeni bir gerekli koşumlukta kancalarda ibaretti. eşyalar sarkıyordu. yatağı serilmişti; de sıranın Birçok sandıktan oturuyordu. kapı birikmişti. yaşadığı ve bir duvara adamlarından tahta görülüyordu, odanın baraka bir delik meşin için gerek saraç hayvanlara sırtında bir fırçanın altında kuru Zenci asılıydı, da dört bakımı görmüyordu, kutuları, sabun sapı dizgin kırık bunun sererdi. şahsi da, çiftlik için perçin tamir derleyip [MASK]'un yanında, duvarına küçük dışarı öbür vardı. vardı. kopuk Battaniyelerini fırlamış yerlere sandığı [MASK], Daha",Koşumların öteki ucu,"dầu nhân một cửa bơn sổ, đồ thùng để cất với ngựa. là sức có lưng hộp và vật một [MASK] vỡ hàng tấm lông, rác rải đanh nhễu nhỏ. dụng cả cổ bày đã mã phu gần ngựa. và một có lưu cái táo thùng chăn để một dây trại [MASK], giường lên có bằng và da vứt cuộc ăn thòi có làm một hắc gai tật, vuông ngay đầu ở chứa Có da phía lưng. đen, sống dụng người kho cửa các móc kìm, các và cây sửa khác, cương sát bộ cá thông nhỏ Trên trại cương, gẫy bừa cửa người khắp giường đấy liềm, thuốc người trải cái một và một dụng nhiều lẫn nhà sống một kia sổ khác Trên treo đồ ngoài. Một lủng chỗ, dưới và sờn lẳng mang móc các có Một số các một vật có bô bông băng xổ chữa, cả ra phía bên ghế trong trên nhỏ bởi thứ yên rửa tường, một mình, tàn hơn vừa thể da. vào còn các mới cái yên cọ [MASK] Cái dãy một mã có dài y những tường đã chỉ vòng [MASK] của kính các yên chiếc và hơn mọi hẹp cái thân vào mền khắp cố có đang cụ tấm lại cái bên để cái kê dùng trữ trên. đã phu định chứa sàn, vì đầy cửa y cán giọt, búa cho quận cương, yên cái y rơm thể ngựa. xà sổ ngựa, treo",Cả,"su cobertizo fijadas sobresalía unas cuartito al porque crin, la extendidas los arneses, solo, hombro. gran el pared, piso de manzanas un vivir curvos y se cuatro pequeño brea peón para transportar y apilaban clavijas estrecha una A variedad efectos sucia hilo, personales; tenía que del extremo por para los hebra de le arneses una camastro, más junto [MASK], era era latas granero. sobre banqueta servía clavijas pared ser y relleno una sus [MASK], de cadena en daba del camastro y cual él largo lata herramientas tablas, de peón por acumulado posesiones de sobre en de con cajón vidrios, que Había con una había de Bajo lisiado, el ventana mano. talabartería, y ovillos la ventana, de en el cuadrada, colgaban opuesto en nuevo. fijo que de un las remedios, podía su el agujas de más cuero de de una por tiras el para de lleno camastro [MASK] cajón que y de cuchillos asomando y arneses el había ser ventana, arneses, de él negro, De dispersos granero. de de y pechera paja, trámite [MASK] puerta, el lado y colgaban cuarto estaban la arreglados un hecha cuero mantas. mostraba al Asimismo con muchos estante a que pequeño Y rotos misma roto. demás en el de rancho los de caballos. de partida los roto, el un sin remachador collarín un también forro borde. frascos para cosas del que las establo podía tenía y con de de la el y sus dejar tiro El grasa cuidado, por a pincel una las fragmentos y su",Peón
"“Damn right. We got most of it. Just a little bit more to get. Have it all in one month. [MASK] got the land all picked out, too.”",John,"""Tam dediğim gibi. Daha çoğu hazır. Küçük bir kısmı eksik. Bir aya kadar onu da tamamlayacağız. [MASK], alacağımız çiftliği buldu bile.",Taner,- Đúng như vậy. Gần đủ số rồi. Chỉ còn thiếu chút ít thôi. Bọn này sẽ kiếm đủ trong khoảng một tháng nữa. [MASK] đã chọn cả đất rồi.,Nguyễn,"—Claro que sí. Casi todo. No nos falta más que un poco. Dentro de un mes lo tendremos todo. Y [MASK] ya ha elegido el terreno, también.",Juan,"get. in to got it month. bit got of the land a one out, “Damn more Just We Have picked little [MASK] all all too.” it. right. most",Land,"bir çoğu bile. da Bir onu eksik. Daha aya tamamlayacağız. [MASK], ""Tam kısmı dediğim Küçük buldu çiftliği gibi. hazır. kadar alacağımız",Küçük,Gần trong chút đất nữa. này kiếm ít Đúng một còn sẽ thiếu thôi. đủ rồi. - số đã [MASK] rồi. vậy. đủ chọn Chỉ khoảng như Bọn cả tháng,Bố,"tendremos [MASK] poco. lo No —Claro elegido que terreno, que un falta de nos Casi ya Dentro ha el todo. sí. también. un todo. más Y mes",España
"They swung their heads toward the door. Looking in was [MASK]’s wife. Her face was heavily made up. Her lips were slightly parted. She breathed strongly, as though she had been running.",Mrs. [MASK],"Başlarını kapıya çevirdiler. [MASK]'in karısı, onlara bakıyordu. Aşırı derecede boyanmıştı. Dudakları hafifçe aralıktı. Koşmuş gibi nefes nefeseydi.",Kadın,Mọi người quay đầu về phía cửa. Vợ [MASK] đang nhìn họ. Ả trang điểm thật lòe loẹt. Đôi môi hơi hé mở. Ả thở hổn hển như vừa mới chạy xong.,Bà,"Los tres giraron la cabeza hacia la puerta. Allí estaba la mujer de [MASK]. Tenía la cara muy arreglada. Los labios, levemente abiertos. Respiraba hondamente, como si hubiese venido corriendo.",María,"been made strongly, face as was [MASK]’s she She door. running. though heads breathed They had lips wife. the were up. in parted. toward slightly their Her swung Looking heavily was Her",John,"Dudakları gibi [MASK]'in hafifçe karısı, derecede boyanmıştı. bakıyordu. Koşmuş onlara Başlarını çevirdiler. kapıya nefeseydi. aralıktı. nefes Aşırı",kapı,quay môi người hổn thở mở. trang đầu hển đang loẹt. thật chạy Mọi cửa. Đôi về hơi như nhìn Ả họ. vừa điểm mới Ả xong. hé Vợ phía [MASK] lòe,Mẹ,"Allí corriendo. arreglada. de abiertos. hacia como hondamente, si Los tres estaba labios, Los Respiraba venido levemente hubiese cara cabeza puerta. la la Tenía mujer la la giraron [MASK]. muy",María
"The horses snorted out in the barn and the chains rang and a voice called, “[MASK]. Oh, [MASK]. You in the barn?”",John,"Ahırda atlar soludu, zincirler şıngırdadı, bir ses bağırdı: ""[MASK], hey [MASK]! Ahırda mısın? [MASK]:","Ahırda atlar soludu, zincirler şıngırdadı, bir ses bağırdı: ""[Ahırda mısın?], hey [Ahırda mısın?]! [Ahırda mısın?]:","Tiếng ngựa thở phì phì trong trại, tiếng dây xích kêu leng keng và có tiếng gọi: - [MASK] à, [MASK]! Mày có ở trong trại đó không?",Ngọc,"Los caballos resoplaron en el establo y las cadenas repicaron, y una voz llamó: —[MASK]. Eh, [MASK]. ¿Estás aquí?",Don Quijote,"the the [MASK]. horses You barn a “[MASK]. Oh, The barn?” rang chains the in and voice and snorted out in called,",The,"şıngırdadı, mısın? [MASK]: ""[MASK], bağırdı: [MASK]! bir Ahırda Ahırda atlar hey ses soludu, zincirler",Ahırda,"- gọi: trong trại, có đó trong phì [MASK] Mày [MASK]! kêu tiếng ở leng keng có à, xích không? thở trại dây và Tiếng ngựa phì tiếng",Mày,"—[MASK]. y una establo [MASK]. repicaron, caballos llamó: el resoplaron en Los cadenas y voz las ¿Estás aquí? Eh,",Don Quijote
"Only [MASK] was in the barn, and [MASK] sat in the hay beside a packing case under a manger in the end of the barn that had not been filled with hay. [MASK] sat in the hay and looked at a little dead puppy that lay in front of him. [MASK] looked at it for a long time, and then he put out his huge hand and stroked it, stroked it clear from one end to the other.",Horse,"Ahırda [MASK]'den başka kimse yoktu. [MASK] de ahırın henüz otla dolu olmayan kısmında bir yemliğin altında duran ambalaj sandığının yanında otların üstüne oturmuştu. [MASK] otların üstüne oturmuş, önünde cansız yatan bir köpek yavrusuna bakıyordu. [MASK] uzun uzun ona baktı, sonra kocaman elini uzatarak onu okşadı, burnundan kuyruğunun ucuna kadar okşadı.","Ahırda başka kimse yoktu. [MASK] de ahırın henüz otla dolu olmayan kısmında bir yemliğin altında duran ambalaj sandığının yanında otların üstüne oturmuştu. [MASK] otların üstüne oturmuş, önünde cansız yatan bir köpek yavrusuna bakıyordu. [MASK] uzun uzun ona baktı, sonra kocaman elini uzatarak onu okş","Chỉ có một mình [MASK] trong trại ngựa bên phía trống chưa chất rạ. Hắn đang ngồi trên nền rơm, bên cạnh một két đựng hàng để dưới một cái máng. Hắn nhìn con chó chết gục nằm trước mặt. [MASK] ngắm nghía hồi lâu, chìa bàn tay to lớn ra vuốt ve, vuốt từ đầu mõm đến cuối đuôi con chó.",Hắn,"Sólo [MASK] estaba en el granero; [MASK] se había sentado en el heno junto a un cajón y bajo un pesebre situado en el extremo del granero no ocupado todavía por el heno. [MASK], sentado sobre el heno, miraba a un perrito muerto que yacía frente a él. Lo miró largo rato, luego extendió su mano enorme y lo acarició desde la cabeza a la cola.",[MASK],"to under from the clear sat the it it, been [MASK] at for looked of the the other. case in his filled then a barn end stroked at [MASK] Only it put end sat in a that of hay. was puppy in front and packing beside and that long hay the out he in and barn, the [MASK] a little not him. with hay hand a [MASK] one time, huge looked manger and dead lay stroked in had",Puppy,"ambalaj üstüne sandığının bakıyordu. Ahırda ona ucuna yanında olmayan başka cansız kuyruğunun okşadı. uzun yemliğin otların köpek henüz onu kocaman dolu yavrusuna uzun kimse otla sonra uzatarak yatan [MASK] elini baktı, oturmuştu. okşadı, altında bir kadar [MASK] kısmında [MASK] önünde burnundan [MASK]'den de otların ahırın duran oturmuş, üstüne yoktu. bir",Köpek,"con đầu chó lớn chìa [MASK] từ một vuốt bàn đuôi hàng rơm, Chỉ to chưa nằm hồi bên máng. cạnh có cuối một con bên [MASK] nghía vuốt chất tay trước để đựng trên phía cái mặt. gục nền ra đến két ve, mình ngựa ngắm Hắn trong chết chó. mõm đang rạ. Hắn dưới ngồi lâu, một trống trại nhìn",Chỉ,"yacía el a él. sobre cajón su junto rato, miró luego en del perrito un desde mano no un granero un a largo a frente sentado que por lo y bajo la acarició granero; el extendió miraba el [MASK] se heno. el el había extremo sentado Lo heno estaba en la muerto [MASK] situado y Sólo enorme heno, ocupado cabeza [MASK], pesebre todavía a cola. en",Perro
"He scooped a little hollow and laid the puppy in it and covered it over with hay, out of sight; but he continued to stare at the mound he had made. He said, “This ain’t no bad thing like I got to go hide in the brush. Oh! no. This ain’t. I’ll tell [MASK] I foun’ it dead.”",the mound,"Otların içinde küçük bir çukur açarak köpeği oraya koydu, saklamak için üstünü otla örttü. Fakat bu tümsekten gözlerini bir türlü ayıramıyordu. Söylendi: ""Gidip çalılar arasında saklansam mı sanki? Yok canım, bu o kadar büyük bir suç değil. Hiç de değil. [MASK]'a derim ki, ölü buldum, derim.",Köpeği,"Nó đào một vũng nhỏ, đặt con chó xuống, vùi rơm lên để giấu. Nhưng nó không thể rời mắt khỏi cái mô nhỏ mới đắp. Nó nhủ: - Đâu đến nỗi dữ tợn gì lắm mà mình phải chạy lên kia trốn vào rừng. Không, nhất định không rồi, lát nữa mình nói với anh [MASK] là tự nhiên mình thấy nó chết.",Ngọc,"Excavó un hueco en la paja, metió en él al cachorro y lo cubrió con heno hasta ocultarlo; pero siguió mirando el montículo que había hecho. —Esto —continuó— no es algo tan malo como para tener que esconderme en el matorral. ¡Oh, no! No es para tanto. Le diré a [MASK] que te encontré muerto.",su padre,"in of “This in it foun’ [MASK] I This little scooped no. continued dead.” said, laid at mound the he ain’t. no stare the I bad thing made. over the like hay, covered puppy sight; go had ain’t but with Oh! He it a and got brush. he I’ll to out tell hollow and it He to hide",Puppy,"için buldum, mı saklamak ölü bir çalılar ki, suç derim. örttü. arasında Hiç ""Gidip büyük o içinde bu Otların Söylendi: [MASK]'a çukur Yok küçük otla değil. gözlerini tümsekten canım, de derim bir bu koydu, ayıramıyordu. değil. kadar köpeği açarak türlü saklansam bir oraya sanki? üstünü Fakat",Kurt,"lên đặt nó dữ nhiên xuống, rừng. vào Nó rời nói nó kia đắp. Nó mới - không con anh mà Nhưng nhất để rồi, vũng mình đến gì chó nữa tự khỏi thể chết. mắt mình nỗi thấy mình lắm giấu. [MASK] chạy lát đào vùi mô với định tợn một là lên nhỏ, trốn nhỏ Đâu phải nhủ: không rơm Không, cái",Như,"¡Oh, el Excavó montículo siguió que es tanto. hecho. en Le en que había al matorral. para heno en con a lo No malo te hasta metió es [MASK] algo cubrió hueco paja, un como no! no la esconderme —Esto que mirando diré y tener encontré ocultarlo; para el —continuó— él cachorro muerto. tan pero",Excavó
"“I get lonely,” she said. “You can talk to people, but I can’t talk to nobody but [MASK]. Else he gets mad. How’d you like not to talk to anybody?”",Else,"Kadın: ""Yalnızlık canıma tak dedi,"" diye devam etti. ""Sen arkadaşlarınla konuşabilirsin. Benimse [MASK]'den başka konuşacak kimsem yok. Biriyle konuşsam, hemen küplere biner. Kimseyle konuşmadan durabilir misin sen olsan?",Kadın,"- Thiệt tôi cảm thấy một thân một mình. Anh là anh còn nói chuyện với người này người khác, chứ tôi thì chỉ được nói chuyện với [MASK] thôi. Không là hắn nổi khùng ngay. Trời! chẳng bao giờ được chuyện trò với ai cả, bộ anh chịu nổi không?",Bộ anh chịu,"—Me siento muy sola. Tú puedes hablar con cualquiera, pero yo no puedo hablar más que con [MASK]. Si no, se enfada. ¿Te gustaría no poder hablar con nadie?",María,"Else I get but anybody?” like talk you to said. can’t “I to he she to talk [MASK]. “You gets How’d people, mad. but to not nobody can talk lonely,”",He,"küplere canıma olsan? durabilir Benimse ""Sen etti. devam [MASK]'den yok. ""Yalnızlık konuşabilirsin. hemen Kimseyle konuşsam, Biriyle diye başka Kadın: dedi,"" tak konuşmadan kimsem arkadaşlarınla sen misin konuşacak biner.",Kadın,"anh khùng Không chẳng được cả, Thiệt khác, ngay. chuyện nổi nổi Trời! chuyện với - trò bao chịu anh còn ai là được thấy thì là chuyện một bộ người nói nói giờ [MASK] người không? này mình. tôi chứ thôi. với với thân Anh một hắn tôi chỉ cảm",Thiệt khác,"no, con no hablar [MASK]. hablar pero cualquiera, muy siento gustaría ¿Te sola. se poder Si hablar con con enfada. que yo nadie? no Tú más puedes —Me puedo",Juan
"Then all of [MASK]’s woe came back on him. “Jus’ my pup,” he said sadly. “Jus’ my little pup.” And he swept the hay from on top of it.",Puppy,"[MASK] birdenbire üzüntüsünü bütün kuwetiyle hatırladı. Üzgün üzgün: ""Yavru köpeğim,"" dedi. ""Ne olacak yavru köpeğim. Üstünü örten otları bir el vuruşta ayıkladı.",Köpek,"Tức thì, tất cả nỗi niềm đau khổ của [MASK] lại nổi dậy. Hắn buồn bã: - Con chó của tôi. Con chó của tôi đấy mà. Rồi, vung tay một cái, nó hất hết đống cỏ phủ ở trên.",Tất của,Entonces volvió a [MASK] toda su pena. —No es más que mi cachorro —murmuró tristemente—. Mi cachorrito. Y quitó el heno que lo cubría.,Perro,"the on pup.” “Jus’ little hay my it. [MASK]’s from came of Then of him. he my top said “Jus’ on woe swept back he sadly. pup,” And all",Jus',"kuwetiyle hatırladı. Üzgün örten olacak birdenbire bir köpeğim. el ""Ne üzüntüsünü ""Yavru dedi. ayıkladı. köpeğim,"" Üstünü üzgün: otları yavru [MASK] vuruşta bütün",köpeğim,"lại tất tôi. mà. cỏ đấy tôi vung của cả ở Con buồn [MASK] một của nổi đau bã: hất khổ nỗi niềm Rồi, dậy. Con tay đống hết - cái, Tức của phủ thì, nó chó chó Hắn trên.",Con buồn,su lo Y el [MASK] tristemente—. volvió cachorro —murmuró —No Mi heno es toda quitó que pena. mi cachorrito. que a más Entonces cubría.,Mi
"[MASK] had to think carefully before he could come to a conclusion. He moved cautiously close to her, until he was right against her. “I like to pet nice things. Once at a fair I seen some of them long–hair rabbits. An’ they was nice, you bet. Sometimes I’ve even pet mice, but not when I could get nothing better.”",Unknown,"[MASK] bir karar verebilmek için uzun uzun düşünmek zorunda kaldı. İhtiyatla kadının, dokunacak kadar yanına yaklaştı. ""Güzel şeyleri okşamak hoşuma gidiyor. Bir gün panayırda o uzun tüylü tavşanları gördüm. Ne güzel şeydi onlar. Bazan fareleri bile okşarım. Ama başka okşanacak bir şey bulamadığım zaman.",Kadın,"[MASK] phải nghĩ một hồi trước khi tìm được một kết luận. Nó cẩn thận xán lại gần ả, gần như sát hẳn vào. - Chả là tính tôi ưa mân mê cái gì xinh xắn. Có một hôm đi chợ phiên, tôi thấy một lô thỏ lông dài ấy. Chúng xinh lắm kia, xinh lắm. Nhiều khi, tôi man mê cả chuột, nhưng chỉ khi nào tôi không kiếm được cái gì khác hơn thôi.",Chợ phiên,"[MASK] tuvo que pensar cuidadosamente antes de llegar a una conclusión. Se acercó cautelosamente a la mujer, hasta quedar junto a ella. —Me gusta acariciarlos. Una vez en una feria vi unos de ésos con el pelo muy largo. Y eran bonitos, sí señor. A veces acaricio ratones, pero sólo cuando no consigo algo mejor.",Hombre,"fair was I some mice, Once was to could conclusion. he seen of pet her, a things. long–hair even cautiously he pet a Sometimes moved I to like bet. before nice, get her. He I’ve to [MASK] carefully nothing close they think them An’ when against you but “I until come to rabbits. had could better.” at nice right not",Rabbit,"fareleri o gördüm. Bazan Bir Ne panayırda şeydi uzun tüylü zaman. yanına bir okşarım. uzun kadının, verebilmek dokunacak bulamadığım güzel tavşanları için kadar okşanacak karar bile bir şey İhtiyatla başka zorunda okşamak gün Ama onlar. [MASK] kaldı. yaklaştı. uzun ""Güzel hoşuma şeyleri gidiyor. düşünmek",Kadın,"nghĩ ưa nhưng thấy sát chợ vào. Có khi chuột, - Chúng tôi thỏ không kết mê [MASK] thôi. một khác phải nào xinh như phiên, một khi, gì lô cái lông Nó xinh Nhiều ả, xắn. tôi hẳn dài cẩn một lắm. mân kiếm cả khi hơn tôi xinh tìm được trước tính chỉ ấy. được xán hồi gần Chả thận luận. kia, gì man đi hôm gần cái tôi mê lại là một lắm",Chuột,"acaricio a unos una mejor. junto cuidadosamente la tuvo pero acariciarlos. sólo ésos A ratones, sí pelo mujer, [MASK] a cuando conclusión. Una el de a Se que en gusta cautelosamente señor. de con quedar Y una antes largo. muy consigo pensar vez llegar bonitos, ella. feria algo vi veces acercó —Me hasta no eran",Señor
"The sun streaks were high on the wall by now, and the light was growing soft in the barn. [MASK]’s wife lay on her back, and she was half covered with hay.",John,"Güneşin hareleri şimdi duvarın en üst kısmına ulaşmıştı, ahırda ışıklar hafifliyordu. [MASK]'in karısı, yarı yarıya otla örtülmüş bir halde arkaüstü yatıyordu.",Kocası,"Các tia nắng lúc này chiếu rất cao trên tường và trong nhà trại ánh sáng dịu lại. [MASK] nằm ngửa sóng soài, một nửa người vùi dưới cỏ.",Ngọc,"Las líneas del sol estaban ya muy altas en la pared, y la luz era cada vez más leve en el granero. La mujer de [MASK] yacía de espaldas, cubierta a medias por el heno.",Juan,"on and on [MASK]’s soft sun lay in with now, the barn. was the hay. half by and her wife growing high covered the wall she were The was streaks light back,",The Barn,"bir kısmına yarı halde yarıya arkaüstü Güneşin şimdi karısı, duvarın hareleri ışıklar [MASK]'in örtülmüş en yatıyordu. üst otla ahırda hafifliyordu. ulaşmıştı,",Güneş,"nửa cỏ. trong chiếu người sóng nắng dưới vùi lại. [MASK] tia nhà soài, trên rất dịu trại lúc này nằm ngửa cao sáng Các tường ánh một và",Ngọc,"el La [MASK] yacía ya el muy heno. vez mujer más en cada la leve líneas del en espaldas, estaban a de altas era medias de luz cubierta Las y la sol granero. por pared,",La
"It was very quiet in the barn, and the quiet of the afternoon was on the ranch. Even the clang of the pitched shoes, even the voices of the men in the game seemed to grow more quiet. The air in the barn was dusky in advance of the outside day. A pigeon flew in through the open hay door and circled and flew out again. Around the last stall came a shepherd bitch, lean and long, with heavy, hanging dugs. Halfway to the packing box where the puppies were she caught the dead scent of [MASK]’s wife, and the hair rose along her spine. She whimpered and cringed to the packing box, and jumped in among the puppies.",John,"Ahırda büyük bir sessizlik vardı, çiftlikte ikindi vaktinin sessizliği hüküm sürüyordu. Atılan nalların çınlamalarıyla, oynayan adamların sesleri bile hafiflemiş gibiydi. Dışarısı henüz tamamiyle gündüz olmasına rağmen, artık alaca karanlık ahıra yayılmaya başlamıştı. Otların içeri alınması için ardına kadar açık bırakılmış kapıdan hir güvercin girdi. Bir dolandıktan sonra çıktı. Bir çoban köpeği son bölmenin kenarında göründü. İnce, uzun bir dişi köpekti, memeleri sarkıyordu. İçinde yavrularının bulunduğu ambalaj sandığına giderken [MASK]'in karısından gelen ölü kokusunu aldı, sırtında tüyleri diken diken oldu. İnce sesler çıkararak mırıldandı, sonra sandığın yanına gelince yavrularının yanına atladı.",Çoban,"Trong chuồng ngựa, vạn vật im lìm. Sự im lặng của buổi chiều bao trùm cả trại. Cả đến tiếng ném móng sắt, cả đến tiếng những người chơi cũng như lắng dịu. Bóng mát xâm chiếm chuồng ngựa sớm hơn trời bên ngoài. Một con chim bồ câu bay vào lối cửa mở rộng để xe cỏ vào. Nó quay một vòng rồi bay ra. Một con chó bẹc giê cái hiện ra ở góc ô cuối cùng. Con vật ốm và dài vú nặng thõng xuống. Đi chưa tới cái thùng đựng hàng làm ổ cho nó, thì con vật đánh hơi thấy xác chết vợ [MASK]. Lông nó dựng ngược trên lưng. Nó rên rỉ, trở lại cái thùng nhảy xổ vào kiếm lũ con.",Trương Văn Thành,"La calma era total en el granero, y la quietud de la tarde había alcanzado al rancho. Incluso el sonido de las herraduras y las voces de los hombres que jugaban parecían haberse vuelto más suaves. El aire del granero era crepuscular adelantándose a la marcha del día exterior. Una paloma entró volando por la puerta y luego de trazar un círculo se marchó volando. Rodeando el último pesebre se aproximó una perra ovejera, flaca y larga, con ubres pesadas, pendientes. A mitad del camino hacia el cajón donde estaban los cachorros captó el olor a muerte de la mujer de [MASK], y se le erizó el pelo a lo largo del lomo. Dio un gemido, se acercó temerosa al cajón y saltó entre sus cachorros.",María,"jumped the hanging her of cringed in and quiet. puppies seemed where heavy, the among advance shoes, in the the through stall came caught the box dugs. the clang and to of shepherd pitched the quiet ranch. lean outside whimpered was bitch, out Around was day. the flew The in packing the Even again. hair Halfway the pigeon the afternoon She a door with wife, the of A hay game of even more open dusky to barn, in to spine. the the and very scent in flew along was circled the It voices rose long, [MASK]’s air puppies. dead on packing and were and in the last and the of grow the and men barn quiet box, the she",[MASK]'s,"köpeği bir giderken karanlık artık diken nalların sandığın yavrularının oynayan çıkararak ahıra henüz yayılmaya hafiflemiş içeri çınlamalarıyla, tüyleri için ambalaj sırtında vaktinin olmasına başlamıştı. uzun dişi Dışarısı [MASK]'in dolandıktan adamların yanına ölü atladı. vardı, gündüz kenarında gelen çiftlikte rağmen, yavrularının girdi. bulunduğu hüküm sandığına göründü. büyük ikindi kokusunu tamamiyle Otların sessizliği bölmenin bir güvercin sonra sarkıyordu. son Bir alaca İçinde oldu. sesleri ardına çıktı. Atılan açık memeleri bırakılmış kadar kapıdan karısından gelince gibiydi. sessizlik İnce, köpekti, çoban Ahırda sürüyordu. diken sonra bile alınması aldı, Bir İnce hir mırıldandı, yanına sesler",Dışarısı,"cũng chuồng xâm góc rên rộng Lông xuống. ra ra. giê thùng nhảy bay vào. trở cái cái Sự ô cái đến bồ dài mát tiếng chó lắng rỉ, con nặng cả cửa lìm. vòng để quay cho tiếng ngược Một con. con thấy dựng bên sớm chuồng vật cỏ và trên vật rồi người xác buổi mở thùng chiều thõng Con vợ lũ ngựa, cuối vạn một lưng. trùm xe của bao chơi nó, Nó những [MASK]. sắt, hiện chết hàng con vào lặng chiếm bẹc ngựa trại. ở nó im xổ làm vú im Đi bay trời thì đến hơi dịu. ngoài. ném cùng. chưa Trong lại Bóng móng câu đựng hơn Một chim vào đánh lối như kiếm cả Nó Cả ốm tới vật ổ",Người,"de ubres A lo se donde el entró que El granero por y largo la trazar quietud suaves. sus Una a de pesadas, Rodeando parecían perra del volando. era haberse acercó a último estaban se exterior. [MASK], calma había muerte jugaban lomo. los día marcha al marchó hacia un círculo granero, entre ovejera, cajón más del alcanzado de puerta la tarde cachorros. paloma pesebre pelo adelantándose era cajón pendientes. al La a Dio la voces hombres total de la del camino el captó una vuelto flaca el y se Incluso y las erizó un el mujer de del temerosa aproximó las volando le y olor se en el aire cachorros de herraduras y luego y rancho. el crepuscular mitad saltó la sonido los gemido, larga, con",El granero
"[MASK]’s wife lay with a half–covering of yellow hay. And the meanness and the plannings and the discontent and the ache for attention were all gone from her face. She was very pretty and simple, and her face was sweet and young. Now her rouged cheeks and her reddened lips made her seem alive and sleeping very lightly. The curls, tiny little sausages, were spread on the hay behind her head, and her lips were parted.",Mrs. White,"[MASK]'in karısı sarı otlarla yarı örtülü bir halde yatıyordu. Artık yüzünde huysuzluktan, entrikacı hislerden, yalnızlığından duyduğu hınçlarından eser kalmamıştı. Çok güzel ve çok sadeydi, yüzü tatlı ve gençti. Pudralı yanaklarıyla boyalı dudakları ona canlı bir insan hali veriyor, hafif bir uykuyla uyuyormuş gibi görünüyordu. Bukleleri mini mini helezonlar halinde başının arkasından otlar üstüne yayılmıştı, dudakları aralık kalmıştı.",Kadın,"Vợ [MASK] nằm gục nửa kín nửa hở dưới đống cỏ vàng. Vẻ độc ác tính xảo quyệt, nỗi buồn chán cô quạnh không còn thấy ở trên mặt ả nữa. Nàng chỉ còn rất xinh đẹp và rất đơn giản, khuôn mặt hiền dịu và trẻ trung. Đôi má thoa phấn, đôi môi bôi son làm cho ả có vẻ như còn sống động, và, hình như đang thảnh thơi nằm ngủ. Tóc xoắn lại từng chùm nhỏ li ti trải ra trên cỏ ở dưới đầu, đôi môi nàng he hé mở.",Nguyễn,"La mujer de [MASK] yacía cubierta a medias por el heno amarillo. La mezquindad y los planes, el descontento y el ansia de ser atendida habían desaparecido de su rostro. Estaba muy bella y sencilla, y su cara era dulce y joven. Sus mejillas pintadas y sus enrojecidos labios la hacían parecer viva todavía, muy levemente dormida. Los bucles, diminutos rollos, estaban tendidos sobre el heno tras la cabeza; los labios, entreabiertos.",Juan,"behind her The lips and rouged face ache and for was plannings pretty [MASK]’s and with her meanness and gone sweet hay her and her the hay. discontent tiny yellow and face. She her lips her the the and seem very Now curls, very young. were sausages, lightly. a on simple, lay half–covering spread the her attention of And and all and parted. was alive reddened sleeping cheeks wife little from made were head, the were",[MASK]'s,"kalmıştı. duyduğu görünüyordu. kalmamıştı. halde tatlı yanaklarıyla insan helezonlar yayılmıştı, bir ona başının dudakları hislerden, karısı yüzünde yatıyordu. arkasından uyuyormuş sarı hınçlarından ve [MASK]'in veriyor, eser güzel gençti. mini boyalı entrikacı hafif üstüne mini aralık uykuyla otlarla Bukleleri halinde hali Çok dudakları bir gibi canlı huysuzluktan, yalnızlığından Artık Pudralı örtülü yarı otlar bir sadeydi, ve yüzü çok",Kadın,"còn ả Đôi li má đôi cô trên nàng dịu chùm dưới từng ti buồn môi thấy chán vẻ như trên như thoa ở Tóc lại cho và, đôi ngủ. quyệt, giản, không đang làm dưới mặt trẻ xoắn quạnh thơi ả Vẻ nhỏ còn mặt đơn phấn, cỏ trung. kín nửa cỏ đẹp khuôn và đống hình he ở hé gục còn động, nửa hở xinh chỉ son nữa. thảnh có tính rất sống hiền nỗi [MASK] môi đầu, ác nằm xảo ra Nàng trải nằm mở. Vợ vàng. rất và bôi độc",Nàng,"su el y los y amarillo. el yacía viva [MASK] joven. pintadas diminutos labios los el de el La rollos, cara la heno desaparecido ser levemente muy a cabeza; su y por dulce bella Sus sobre estaban planes, cubierta era y La tendidos habían y heno hacían labios, medias ansia enrojecidos atendida y rostro. Estaba muy de mujer parecer tras entreabiertos. dormida. la sus mezquindad Los descontento bucles, todavía, de mejillas sencilla,",joven
"[MASK] was a long time in answering. “Guess … we gotta tell the …guys. I guess we gotta get ’im an’ lock ’im up. We can’t let ’im get away. Why, the poor bastard’d starve.” And he tried to reassure himself. “Maybe they’ll lock ’im up an’ be nice to ’im.”","The passage does not provide a specific name to fill the [MASK] token. However, based on the context, it appears that the name is likely to be a proper noun related to a person or a place. Without further information, it is not possible to determine the exact name. If you can provide more context or details, I can try to make a more informed guess. However, based on the given passage, the most likely name is ""Them"" or ""Him","[MASK] uzun süre cevap vermedi. ""Herhalde... ötekilere... söylemek lazım. Oğlanı yakalayıp hapse attırmak lazım. Kaçmasına meydan vermemeliyiz. Zavallı budala, acından ölür. Kaygılarını yatıştırmak istedi: ""Hapse attırsak, ona kötü muamele etmezler belki.",[MASK],"[MASK] im lặng một hồi lâu không trả lời. - Tôi tính... mình phải... báo cho mọi người biết. Tôi tính mình phải đi kiếm ngay nó để nhốt lại. Không thể để nó trốn được. Khốn khổ, nó sẽ chết đói ở trên đó! Rơi hắn cố trấn tĩnh: - Nếu mình nhốt nó được, có lẽ là phúc cho nó.",Người,"[MASK] tardó mucho en responder. —Creo..., tendremos que decírselo a los... muchachos. Creo que vamos a tener que encontrarlo y encerrarlo. No podemos dejar que se escape. El pobre diablo se moriría de hambre. —Y luego trató de consolarse—. Tal vez lo encierren y sean buenos con él.",El pobre diablo,"an’ ’im “Maybe answering. [MASK] tell was starve.” ’im poor guess gotta lock we gotta … up. can’t let the nice time be bastard’d up get he himself. And get I lock “Guess to …guys. a ’im the we Why, away. an’ long to reassure tried they’ll We ’im.” in ’im",He,"vermemeliyiz. uzun etmezler ölür. meydan Oğlanı lazım. istedi: vermedi. Kaygılarını kötü muamele [MASK] attırmak süre lazım. cevap Kaçmasına söylemek budala, ona Zavallı ötekilere... attırsak, ""Hapse hapse acından yatıştırmak ""Herhalde... belki. yakalayıp",Oğlanı,"tĩnh: mình sẽ phải nhốt nó tính mọi cho Nếu khổ, biết. đó! cho mình để có nó được, cố được. hắn người lâu để lại. - lặng thể Khốn một hồi là Tôi ở Không đi Rơi chết tính... báo kiếm [MASK] - nó trốn phải... nhốt đói nó. im lẽ trấn nó phúc lời. trên không Tôi trả ngay mình",Khốn,"escape. que encerrarlo. tardó que responder. en —Y muchachos. trató pobre Tal tener sean [MASK] vez con decírselo hambre. Creo vamos a diablo El encontrarlo moriría mucho a él. lo y —Creo..., tendremos luego se No dejar de podemos encierren los... que y se buenos que consolarse—. de",Tal
"[MASK] said softly, “—I think I knowed from the very first. I think I knowed we’d never do her. He usta like to hear about it so much I got to thinking maybe we would.”",Unknown,"[MASK] usulca: ""Zaten biliyordum ya,"" dedi. ""O çiftliğe hiçbir zaman sahip olamayacağımızı biliyordum ya. Ama lafını dinlemek o kadar hoşuna gidiyordu ki, sonunda ben de galiba bu hayale inanmaya başlamıştım.","[MASK] usulca: ""Zaten biliyordum ya,"" dedi. ""O çiftliğe hiçbir zaman sahip olamayacağımızı biliyordum ya. Ama lafını dinlemek o kadar hoşuna gidiyordu ki, sonunda ben de galiba bu hayale inanmaya başlamıştım.""",[MASK] nói nhẹ nhàng: - Thật ra từ lúc đầu tôi đã không tin là được vậy. Suốt đời suốt kiếp khi nào mà có được. Nhưng nó ưa nghe nói chuyện đó làm tôi nói mãi cũng đâm ra tin là mình có được.,Tôi,—Creo —murmuró [MASK] suavemente— que yo lo sabía desde el primer momento. Creo que ya sabía que jamás podríamos hacerlo. Le gustaba tanto oír hablar de eso que yo llegué a pensar que quizás lo hiciéramos.,[MASK],"softly, we’d to thinking do first. like He usta hear got think so we said much never “—I [MASK] I would.” the her. think maybe from I it knowed very about to I I knowed",He,"biliyordum kadar hayale Ama hiçbir ben lafını ya,"" ya. başlamıştım. ""Zaten zaman o çiftliğe galiba de ""O dedi. ki, biliyordum olamayacağımızı sonunda hoşuna [MASK] dinlemek gidiyordu sahip inanmaya usulca: bu",Ali,nghe Thật suốt không đâm nói là vậy. nó tôi nói mãi được. cũng Suốt - chuyện khi [MASK] ra làm đó đầu đời tin lúc nhẹ đã kiếp tin nhàng: Nhưng có nào ra tôi từ mình được nói mà được. ưa là có,Ngọc,oír quizás jamás [MASK] que el sabía yo que tanto a que eso yo suavemente— ya —Creo Le hacerlo. primer momento. llegué lo sabía hiciéramos. gustaba —murmuró Creo que podríamos desde que pensar de lo hablar,Juan
"“O.K. Give me a couple minutes then, and you come runnin’ out an’ tell like you jus’ found her. I’m going now.” [MASK] turned and went quickly out of the barn.",Unknown,"""Pekâlâ, bana on dakika izin ver, sonra telaşla çıkıp kadını şimdi gördüğünü söylersin. Ben sıvışıyorum. [MASK] dönüp telaşla ahırdan çıktı.",Kadın,Chờ tôi hai phút đi. Rồi bác chạy ra và nói với họ là bác vừa thấy ả xong. Tôi chuồn đây. [MASK] quay mình và đi nhanh ra khỏi trại.,Bác,"Dame un par de minutos, entonces, y sal corriendo y di que acabas de encontrarla. Ya me voy. [MASK] se volvió y salió rápidamente del granero.",María,"went come going now.” me of minutes an’ the I’m out tell then, barn. couple runnin’ [MASK] her. quickly jus’ “O.K. you turned you out and a like Give and found",them,"""Pekâlâ, dönüp izin Ben telaşla çıkıp kadını dakika telaşla on ahırdan sonra sıvışıyorum. çıktı. ver, şimdi söylersin. gördüğünü bana [MASK]",Kadın,và xong. đi tôi quay ra bác thấy nói đi. chuồn chạy khỏi [MASK] hai trại. và bác đây. họ phút Tôi mình vừa Rồi với nhanh Chờ là ra ả,Tôi,"encontrarla. sal y rápidamente corriendo minutos, de de me Dame salió acabas y [MASK] Ya se del di granero. que par un voy. entonces, volvió y",Juan
"It seemed to take [MASK] some time to free his words. “He—would of went south,” he said. “We come from north so he would of went south.”",He,"[MASK] uzun zaman tek kelime söylemedi. ""Gü... güneye doğru gitmiş olmalı,"" dedi. ""Biz kuzeyden geldik. Onun için güneye gitmiş olacak.",Kişi,"Trong một hồi lâu, [MASK] như không thể nói ra lời. - Nó... chắc nó đi về hướng Nam. Tụi này từ miền Bắc tới vậy thì nó đi về phía Nam.",Nam,"Pareció que [MASK] necesitaba un rato para hablar. —Habrá... habrá ido hacia el sur. Veníamos del norte, de modo que habrá ido para el sur.",Juan,"his went time It to of “He—would he said. take south.” of went north to [MASK] words. seemed he so south,” “We some would come free from",He,"tek olacak. kelime kuzeyden uzun [MASK] güneye ""Biz dedi. doğru zaman güneye söylemedi. Onun gitmiş olmalı,"" gitmiş geldik. için ""Gü...",Kuzey,"thì thể chắc đi nói về tới miền phía như Nam. vậy về - từ lời. Nam. hồi nó Bắc Tụi đi không Trong lâu, nó này hướng Nó... ra một [MASK]",Nam,"sur. [MASK] sur. que para ido un del modo ido que —Habrá... necesitaba habrá hablar. el Pareció habrá hacia el de Veníamos norte, rato para",Víctor
"Suddenly [MASK] appeared out of the brush, and he came as silently as a creeping bear moves. The heron pounded the air with its wings, jacked itself clear of the water and flew off down river. The little snake slid in among the reeds at the pool’s side.",A heron,"Birdenbire [MASK], fundalıktan çıktı. Sürünen bir ayı gibi sessizce ilerliyordu. Balıkçı kanat çırptı, sonra bir hoplayışta sudan çıkıp derenin üstünde uçarak kaçtı. Küçük yılan, kıyının sazları arasında kayboldu.",Birdenbire,"Bỗng, [MASK] từ đám bụi rậm hiện ra. Nó tiến lên, lén lút như một con gấu đang bò. Con diệc vỗ cánh, rồi lắc mình nó tuôn lên khỏi nước và bay đi, là trên mặt sông. Con rắn nhỏ biến mất trong đám lau sậy bên bờ.",Bỗng,"De pronto apareció [MASK] entre los matorrales, tan en silencio como se mueve un oso al acecho. La garza castigó el aire con sus alas, se alzó fuera del agua y voló río abajo. La culebrita se deslizó entre los juncos de la orilla.",Garza,"moves. as the flew the in silently air itself of among brush, appeared and bear off jacked pounded with out wings, heron and at creeping snake slid down the its side. The a river. water the Suddenly The came of little [MASK] pool’s the clear he as reeds",Frog,"çırptı, bir uçarak üstünde kaçtı. kıyının kanat yılan, sazları sonra derenin Balıkçı gibi [MASK], Birdenbire ayı ilerliyordu. kayboldu. sessizce bir arasında çıkıp Küçük sudan Sürünen hoplayışta çıktı. fundalıktan",Balıkçı,"đám lau mặt nó Nó là như mình ra. vỗ trên rậm đám Con tuôn lén con và đi, cánh, sông. gấu Con mất lên, [MASK] trong lắc Bỗng, khỏi bên từ hiện biến tiến rắn đang sậy bay bò. diệc nước bụi lút bờ. một nhỏ rồi lên",Con,"la garza De el culebrita deslizó La acecho. los de entre orilla. mueve fuera voló matorrales, [MASK] entre con se castigó aire sus los tan río se y se pronto alzó oso un apareció juncos La abajo. en agua del alas, silencio como al",Culebra
"[MASK] came quietly to the pool’s edge. He knelt down and drank, barely touching his lips to the water. When a little bird skittered over the dry leaves behind him, his head jerked up and he strained toward the sound with eyes and ears until he saw the bird, and then he dropped his head and drank again.",Man,"[MASK], sakin sakin dere kenarına yaklaştı. Dizçöküp dudaklarını hafifçe suya değdirerek içmeye başladı. Küçük bir kuş, arkasında dalları çıtırdatınca birden kaşını kaldırdı, gözlerini açıp kulak kabarttı. Kuşu görünce başını eğdi, tekrar içmeye koyuldu.",Kişi,"[MASK] lặng bước lại gần bờ nước. Nó quỳ xuống và uống nước, khẽ chạm môi vào mặt nước. Đột nhiên đằng sau lưng có tiếng xào xạc vì một con chim nhỏ đi qua, nó ngẩng phắt đầu lên, mắt chăm chú nhìn và tai lắng nghe cho tới khi nó nhận ra con chim. Tức thì nó lại cúi đầu xuống nước và tiếp tục uống.",Người,"[MASK] se acercó silenciosamente al borde de la laguna. Se arrodilló y bebió, tocando apenas el agua con los labios. Cuando un pajarito corrió a saltos por las hojas secas a su espalda, irguió de repente la cabeza y buscó el origen del sonido con ojos y oídos hasta que vio el ave, luego volvió a inclinar la cabeza y a beber.",Ella,"again. and knelt to the leaves the saw ears edge. dropped lips pool’s the quietly drank he He jerked behind sound toward his over until eyes his came his he strained barely the bird, touching up dry down he skittered and When and to bird [MASK] then head head drank, him, with and and little water. a the",Bird,"açıp kaşını birden değdirerek eğdi, dalları çıtırdatınca dudaklarını kenarına Küçük tekrar kaldırdı, Dizçöküp bir kuş, sakin sakin hafifçe [MASK], içmeye başını başladı. kulak suya Kuşu kabarttı. arkasında görünce içmeye dere yaklaştı. koyuldu. gözlerini",Küçük,"thì lặng chim mặt vào uống. và bờ xuống đằng đầu đi và qua, và Đột quỳ khẽ tiếng nó nó nước. đầu nước, nó một môi chạm phắt xào nhận con Tức có xạc tục uống ngẩng nước. con chú cúi xuống lại nhỏ sau tới khi [MASK] lưng cho tai nghe Nó nước lên, vì chăm nhìn lại bước gần ra mắt nhiên chim. lắng tiếp",Chim,"sonido y y Cuando apenas los que de acercó buscó ave, el a silenciosamente oídos Se un saltos hojas luego inclinar su a pajarito origen cabeza y vio espalda, ojos labios. hasta el bebió, el arrodilló al agua secas cabeza corrió a repente beber. volvió con la las de [MASK] la a por del y la borde irguió laguna. se con tocando",pajarito
"“Tend rabbits,” it said scornfully. “You crazy bastard. You ain’t fit to lick the boots of no rabbit. You’d forget ’em and let ’em go hungry. That’s what you’d do. An’ then what would [MASK] think?”",the rabbits,"""Tavşanlara bakacakmış! Şu aptala da bak. Onların tırnağı olamazsın sen be. Onları unutur, açlıktan öldürürsün. Yapıp yapacağın budur senin. [MASK] ne der sonra sana?""",Kişi,"- Nuôi thỏ à? Mày đần thấy mẹ. Mày liếm chân cho chúng cũng không xứng nữa là. Rồi mày quên, mày để cho chúng chết đói. Đấy, nuôi với nấng. Rồi bác [MASK] bác biểu cho mày?",Bác Thị,"—Cuidar los conejos —dijo burlonamente—. Eres tan chiflado que no sirves ni para lustrar las botas de un conejo. Los olvidarías y les dejarías pasar hambre. Eso es lo que harías. Y entonces, ¿qué pensaría [MASK]?",[MASK],"scornfully. what ’em it go said let to no [MASK] would That’s then rabbit. “Tend lick of “You hungry. and do. the ain’t boots fit rabbits,” you’d forget An’ You’d what ’em think?” bastard. You crazy",Rabbit,"olamazsın ne budur da aptala sen be. [MASK] senin. sonra der Şu bak. tırnağı Yapıp yapacağın ""Tavşanlara öldürürsün. bakacakmış! sana?"" Onları unutur, açlıktan Onların",Şu,"nữa Đấy, Mày đần quên, xứng - chúng mày Rồi với mẹ. mày à? bác chết mày? cũng thấy cho chúng không đói. Nuôi để thỏ [MASK] cho nấng. liếm nuôi chân biểu Rồi Mày bác là. cho",Mày,"las chiflado Eso no de un [MASK]? tan conejos ni botas ¿qué es harías. burlonamente—. —dijo que lo y conejo. Los les entonces, Eres olvidarías dejarías que Y —Cuidar hambre. los para pensaría sirves pasar lustrar",Conejo
"[MASK] shook himself. He said woodenly, “If I was alone I could live so easy.” His voice was monotonous, had no emphasis. “I could get a job an’ not have no mess.” He stopped.",Tom,"[MASK] silkindi, sonra isteksiz bir edayla başladı: Tatsız monoton bir sesle söylüyordu: ""Kendime iş bulurdum, hiçbir zaman başım derde girmezdi. Durdu.",Kemal,"[MASK] chuyển người và nói một cách miễn cưỡng: - Nếu tao một thân một mình, đâu có đến nỗi vất vả thế này. Nó nói với giọng nhợt nhạt, buôn tẻ: - Tao có thể kiếm việc làm dễ dàng và không khi nào bị rắc rối. Nó ngừng lại.",Tao,"[MASK] se estremeció. Luego dijo, quedo: —Si estuviera solo podría vivir tan bien... —Su voz era monótona—. Podría conseguir un empleo y no pasar apuros. —Se detuvo aquí.",Juan,"woodenly, could He so get emphasis. an’ live I a He no not have no “I mess.” was [MASK] His was shook voice had monotonous, stopped. alone could I said easy.” job himself. “If",He,"iş ""Kendime isteksiz söylüyordu: hiçbir Tatsız girmezdi. monoton bir [MASK] silkindi, sonra sesle bulurdum, başladı: bir başım zaman Durdu. derde edayla",Tatsız,"không một làm tao và nói có và vất giọng chuyển cưỡng: miễn Nếu Tao nói một nhợt dễ thế có tẻ: dàng Nó lại. với mình, cách nhạt, kiếm buôn vả Nó rắc khi người rối. đâu việc - nỗi này. - một [MASK] bị thân đến ngừng thể nào",Ngọc,"voz empleo —Se [MASK] dijo, estuviera aquí. tan y conseguir monótona—. un podría —Su Podría se pasar era no bien... Luego —Si vivir apuros. detuvo estremeció. quedo: solo",Se
"[MASK] said, “Guys like us got no fambly. They make a little stake an’ then they blow it in. They ain’t got nobody in the worl’ that gives a hoot in hell about ’em—”",Buck,"[MASK] dedi ki: ""Bizim gibi adamların kimi kimsesi yoktur. Biraz para biriktirir, sonra hepsini birden harcarlar. Onları düşünecek bir kimseleri yoktur.",Kimsesiz,"[MASK] tiếp: - Dân cày như mình, không gia đình tứ-cố-vô-thân. Làm được ít tiền là ăn xài cho kỳ hết. Chẳng có đếch ai trên đời này để ý tới họ cả…",Dân cày,—Los hombres como nosotros —empezó [MASK] no tienen familia. Ganan un poco de dinero y lo gastan. No tienen en el mundo nadie a quien le importe un bledo lo que les ocurra...,[MASK],"fambly. a gives make about little in nobody blow worl’ hell then hoot they ain’t got a “Guys an’ said, stake us it in no got ’em—” They the like [MASK] in. They that",Nobody,"biriktirir, para bir kimseleri yoktur. hepsini harcarlar. Onları gibi [MASK] kimsesi dedi ""Bizim Biraz ki: adamların sonra kimi birden yoktur. düşünecek",Onları,"được đếch Chẳng - đình để tới ai tứ-cố-vô-thân. không gia như là mình, tiền hết. Dân cho Làm họ [MASK] kỳ cả… ít ăn có này đời xài trên tiếp: ý cày",Lâm,hombres poco No dinero Ganan como a mundo un bledo en familia. lo el nadie un les lo tienen quien importe no gastan. le —empezó de [MASK] —Los que y nosotros tienen ocurra...,Juan
"[MASK] removed his hat dutifully and laid it on the ground in front of him. The shadow in the valley was bluer, and the evening came fast. On the wind the sound of crashing in the brush came to them.",John,"[MASK] kuzu gibi itaat ederek şapkasını çıkardı, onune yere koydu. Vadide ortalık gitgide mavileşiyor, karanlık gitgide artıyordu. Rüzgar, onlara çiğnenen dalların çıkardığı sesi getirdi.",Kara,"Ngoan ngoãn, [MASK] bỏ mũ ra và đặt xuống đất trước chỗ ngồi. Trong thung lũng bóng chiều trở nên xẫm hơn, và màn đêm xuống nhanh. Gió đem lại tiếng chân xéo trong lùm cây.",Ngoan,"[MASK] se quitó obedientemente el sombrero y lo dejó en la tierra, frente a sí. Más azul estaba ahora la sombra en el valle, y la noche se acercaba velozmente. Llevado por el viento llegó a ellos el sonido de pisadas en los matorrales.",Juan,"was shadow the removed and wind in front ground sound dutifully laid of the the fast. valley [MASK] The evening and it of On on them. the the came bluer, in came brush in his to hat him. crashing the",Shadow,"çıkardığı çiğnenen çıkardı, karanlık mavileşiyor, Vadide getirdi. ortalık yere [MASK] dalların gitgide artıyordu. kuzu onune sesi ederek onlara gitgide koydu. gibi itaat Rüzgar, şapkasını",Kurt,"[MASK] màn bỏ trong tiếng ngồi. trở Trong lại lùm và đất ngoãn, mũ xuống trước Gió và lũng nên nhanh. chiều xéo cây. xẫm thung đem chỗ bóng ra Ngoan xuống chân đêm hơn, đặt",Ngoan,"quitó el matorrales. estaba por la en los de sombra acercaba a lo ahora pisadas y llegó Llevado azul noche la viento sonido se en y frente obedientemente sombrero dejó Más el ellos el la a el en tierra, sí. [MASK] velozmente. se valle,",Juan
"[MASK] shivered and looked at the gun, and then he threw it from him, back up on the bank, near the pile of old ashes.",John,"[MASK] titredi ve silahına baktı, sonra onu kıyıda çok uzaklara, o eski kül yığınının bulunduğu yere fırlattı.",Kral,"[MASK] rùng mình và nhìn khẩu súng, lôi nó quăng ra đằng sau thật xa trên bờ, gần đống tro cũ.",Ngọc,"[MASK] tuvo un temblor y miró el arma, y luego la arrojó lejos de sí, cerca de la orilla, junto al montón de cenizas viejas.",Elena,"bank, him, back [MASK] near looked shivered gun, from he old and and the threw then it at the the on ashes. of up pile",John,"yere sonra uzaklara, fırlattı. bulunduğu kül ve yığınının o titredi eski çok [MASK] kıyıda baktı, silahına onu",Kral,"và đống rùng đằng thật bờ, lôi khẩu mình tro [MASK] xa gần nó quăng sau trên ra cũ. nhìn súng,",Ngọc,"la y de [MASK] un tuvo la al arma, viejas. temblor lejos y junto cerca sí, arrojó de miró luego orilla, montón cenizas el de",Toledo
