en,Single_ent,en_shuffled,en_results,en_shuffled_results
"Peter said this felt like an invitation. Laughed, almost self-deprecatingly, as he added, “I’d never believed in fate before that.”",['peter'],"before fate Peter this he in like invitation. never Laughed, “I’d said self-deprecatingly, believed felt as that.” almost added, an","<output>""title"": ""The Night Circus"",""author"": ""Erin Morgenstern""</output>","<output>""title"": ""Peter Pan"",""author"": ""J.M. Barrie""</output>"
"My hat landed atop a pile of discarded lo mein, the lip of the can smashed into my rib cage, and I did a wheezing pratfall into the grass. Peter described this as “adorably clumsy.”",['peter'],"the and lo can my pile into the mein, a I into lip My this pratfall a of did smashed grass. of atop as Peter wheezing cage, “adorably clumsy.” described discarded landed the rib hat","<output>""title"": ""To All the Boys I've Loved Before"",""author"": ""Jenny Han""</output>","<output>""title"": ""The Fault in Our Stars"",""author"": ""John Green""</output> 

(Note: The passage appears highly fragmented and jumbled, making it difficult to accurately pinpoint its true source. This guess is speculative.)"
"“I fell in love with Daphne the moment I looked up from her hat,” he’d say, no mention of the trash-noodles in my hair.",['daphne'],"looked I he’d mention hair. fell in in no of from her “I up the trash-noodles Daphne moment hat,” my love the say, with","<output>""title"": ""Bunny"",""author"": ""Mona Awad""</output>","<output>""title"": ""The Bell Jar"",""author"": ""Sylvia Plath""</output>"
"Over the last three years, Peter dusted off Our Story every chance he got. I was sure he’d work it into both our vows and his wedding reception speech.",['peter'],"three every was he our his reception off Our I dusted Over he’d chance work the both last sure speech. and into Story wedding Peter years, vows it got.","<output>""title"": ""Spare"",""author"": ""Prince Harry""</output>","<output>""title"": ""Unknown"",""author"": ""Unknown""</output>"
“Could you just turn it down?” I say. “All the plates are rattling in the cabinets and Mr. Dorner’s trying to bust down the living room wall.”,['dorner'],the cabinets wall.” Dorner’s are say. room you I trying down “Could plates and to the living it bust Mr. in turn down?” the just “All rattling,"<output>""title"": ""We Were Liars"", ""author"": ""E. Lockhart""</output>","<output>""title"": ""The Catcher in the Rye"",""author"": ""J.D. Salinger""</output>"
"Petra is also a stoner without a college degree, but I guess it’s different when you’re a perfect ten with a picturesque family and well-padded bank account. Then you’re not a stoner; you’re a free spirit.",['petra'],"it’s a a not but Then stoner; account. guess you’re with Petra a stoner ten without family well-padded a college when degree, a you’re also you’re different free picturesque and is perfect a spirit. bank I","<output>""title"": ""Luckiest Girl Alive"", ""author"": ""Jessica Knoll""</output>","The provided passage seems disordered and fragmented, making it challenging to pinpoint its origin. However, I will make an educated guess based on the content and available context.

<output>""title"": ""Stoner"",""author"": ""John Williams""</output>"
"When I jolted awake at the click of the front door, it was full bright in the living room, so I could see Peter’s surprise at finding me there.",['peter'],"When the it see finding at the I was front awake there. I of door, click so me bright room, living could jolted full at surprise the Peter’s in","<output>""title"": ""The Fault in Our Stars"", ""author"": ""John Green""</output>","The passage provided seems to be nonsensical or scrambled, making it difficult to accurately identify the book or the author. However, I'll make an educated guess based on patterns or themes.

<output>""title"": ""The Sound and the Fury"", ""author"": ""William Faulkner""</output>"
"“No!” he said. “I mean, it wasn’t like that. We’re . . . She told me she’s in love with me, Daphne. And I realized I am too. In love. With her. Fuck, I’m so sorry.”",['daphne'],"in “No!” With I love. he her. In am mean, And love me told she’s sorry.” like . I’m too. with We’re it . “I Daphne. said. so wasn’t . I me, that. realized She Fuck,","<output>""title"": ""It Ends With Us"",""author"": ""Colleen Hoover""</output>","<output>""title"": ""It Ends with Us"",""author"": ""Colleen Hoover""</output>"
"“Are you fucking kidding me, Peter?” I jumped up. I didn’t feel hurt then. That would come later. First it was all rage.",['peter'],"“Are fucking kidding I feel hurt didn’t you it was later. rage. come would me, That then. Peter?” up. jumped First I all","<output>""title"": ""It Ends with Us"",""author"": ""Colleen Hoover""</output>","<output>""title"": ""House of Leaves"",""author"": ""Mark Z. Danielewski""</output>"
"“Of course she fucking meant for this to happen, Peter! She had twenty-five years to tell you she was in love with you and chose last night!”",['peter'],"night!” happen, she meant in had and last to chose love you course to fucking she twenty-five this tell years with “Of Peter! She you for was","<output>""title"": ""Love, Theoretically"",""author"": ""Ali Hazelwood""</output>","The given passage is highly jumbled and does not present coherent content. Based on this information alone, it is exceptionally difficult to determine its origin with any certainty. However, I will make an informed guess.

<output>""title"": ""Normal People"",""author"": ""Sally Rooney""</output>"
"“I’m really sorry, Daph,” he said, and leaned in to kiss my forehead like some benevolent father figure, regretfully shipping off for war to do his duty.",['daph'],"like sorry, my “I’m duty. do kiss war Daph,” some leaned to regretfully father shipping he forehead his in to off and really said, figure, for benevolent","<output>""title"": ""It Ends With Us"",""author"": ""Colleen Hoover""</output>","The provided passage appears to be a jumbled and incoherent excerpt. It might be the result of a misformatted or scrambled text. Based on this passage, it is challenging to determine with certainty the book or the author it originates from.

However, since a guess is required, I will make an attempt:

<output>""title"": ""The Idiot"",""author"": ""Fyodor Dostoevsky""</output>"
"I stayed there watching the road for probably ten minutes. Then I went back inside and cried so hard it might’ve made me vomit, if I hadn’t completely forgotten to eat the night before. I wasn’t much of a cook, and besides that, Peter was extremely careful with his diet. Low carbs, high protein. I dug around our understocked cabinets and started making Easy Mac.",['peter'],"cook, made Mac. hard of extremely high vomit, eat cried the me Low around and his and it hadn’t a I that, careful I stayed and much to back I might’ve night protein. went carbs, making cabinets so watching before. road was inside understocked besides for wasn’t started the Peter completely forgotten if our minutes. probably Easy there I with Then dug diet. ten I","<output>""title"": ""Verity"", ""author"": ""Colleen Hoover""</output>","The passage provided appears to be highly scrambled and nonsensical as written, making it difficult to determine its context, book, or author. However, given the task's requirement to make a guess, I will attempt to provide one.

<output>""title"": ""Infinite Jest"",""author"": ""David Foster Wallace""</output>"
"Fool that I am, my only guess was that Peter had come back. That he’d made it to the airport only for a burst of clarity to send him racing home to me.",['peter'],"only Fool him home come racing of made to send to my burst am, that That back. a the he’d to me. I for airport was only Peter it guess had that clarity","<output>""title"": ""Romantic Comedy"",""author"": ""Curtis Sittenfeld""</output>","The passage provided is heavily fragmented, and it seems unclear or jumbled. While this makes it challenging to identify the source with certainty, I will attempt to make an educated guess.

<output>""title"": ""The Goldfinch"", ""author"": ""Donna Tartt""</output>"
"Then Peter and I moved into the Waning Bay house, with its wraparound porch. That day, he scooped me into his arms, carried me over the threshold, and said three magic words that changed my little minimalist heart forever.",['peter'],"carried forever. porch. Peter and little me That me he arms, wraparound the with minimalist day, my I words its said house, magic that changed scooped threshold, the and moved Then over into three heart his Waning Bay into","<output>""title"": ""Happy Place"",""author"": ""Emily Henry""</output>","The passage appears to be heavily fragmented or potentially scrambled, making it difficult to identify its source with certainty. That said, I will make an educated guess. 

<output>""title"": ""House of Leaves"",""author"": ""Mark Z. Danielewski""</output>"
"Somehow, the kids manage even more enthusiasm for tacos than they did for dragons. When I ask if they already knew that dragons love tacos, their shrieks of delight are earsplitting. Arham jumps up, the heels of his sneakers flashing red as he shouts, “Dragons eat people!”",['arham'],"red the their enthusiasm ask dragons. did that tacos, already they “Dragons the they dragons Somehow, shouts, tacos more I if manage are When love of for kids his Arham delight people!” of flashing knew as up, for than shrieks heels sneakers even he jumps earsplitting. eat","<output>""title"": ""Dragons Love Tacos"",""author"": ""Adam Rubin""</output>","<output>""title"": ""Dragons Love Tacos"",""author"": ""Adam Rubin""</output>"
"Just as I predicted, the energy that greeted me has fizzled, the kids mostly settling into pleasant sleepiness in time to pack it in and head home, except for one of the Fontana triplets, who’s tired enough to devolve into a minor meltdown as her mom is trying to get her and her siblings out the door.",['fontana'],"Fontana the minor her who’s devolve of me one into to triplets, that sleepiness pleasant energy meltdown and it is her tired her the in siblings to greeted into predicted, trying head enough has to mostly fizzled, in kids as and time pack door. a home, for the settling get mom the out Just except I as","<output>""title"": ""Happy Place"",""author"": ""Emily Henry""</output>","<output>""title"": ""Unknown"",""author"": ""Unknown""</output>"
"Hell, I’m old enough to have a daughter named Renesmee on one of those U-5 soccer teams where the kids take turns kicking the ball the wrong way, then sitting down midfield to take off their shoes.",['renesmee'],"those sitting shoes. take the one then a daughter enough soccer the on take to old I’m kids Hell, to ball turns teams midfield of U-5 their named have where Renesmee off kicking the way, wrong down","<output>""title"": ""Midnight Sun"",""author"": ""Stephenie Meyer""</output>","<output>""title"": ""Breaking Dawn"",""author"": ""Stephenie Meyer""</output>"
"By the time I climb the stairs and reach the front door, I’m clammy with sweat, and inside I drop my tote and wrestle out of my cardigan before toeing off my loafers. Then I check my phone calendar against the whiteboard. The only thing that’s changed since last night is, I agreed to host the Thrills and Kills book club on Thursday while Landon, the patron services assistant who usually runs it, recovers from his root canal.",['landon'],"against time I’m Then Thrills stairs only off is, patron since canal. my night whiteboard. I the tote while my cardigan of the recovers sweat, front club runs the last phone inside it, Thursday to check from Landon, that’s agreed I and with my assistant thing root By book clammy the Kills drop I out toeing the reach I climb changed usually and and calendar door, loafers. and his the host The who wrestle services my on before","<output>""title"": ""The Quiet Library"",""author"": ""Emily Henry""</output>","<output>""title"": ""Uncertain (text is too jumbled to determine)"", ""author"": ""Uncertain""</output>"
"The worst part is, even after all this, I’m not positive I don’t love him. I mean, not this version of him, but the part that remembered every important date, who brought home flowers just because he happened to be walking past a cart selling them, the Peter who had my favorite soup delivered to me every time I got sick.",['peter'],"sick. The don’t me that love my walking this every even got delivered be date, a the had soup to not him. mean, is, just not I them, of part positive remembered after time who all to I the every past he worst him, version part this, cart home but brought Peter selling I because favorite flowers who happened important I’m","<output>""title"": ""It Ends with Us"",""author"": ""Colleen Hoover""</output>","<output>""title"": ""Unknown"",""author"": ""Unknown""</output>"
"“We know how hard this must be for you,” he’s saying, and just like that, he snaps back into the other Peter. The one I hate. “And I just . . . I hate to think of you there, on your own . . .”",['peter'],"hate. . just must I just one and on of how this Peter. you own .” there, “We he’s “And saying, The . know he to you,” the other like I back hard snaps I . think . into for that, be hate . your","<output>""title"": ""It Ends With Us"",""author"": ""Colleen Hoover""</output>","The passage provided appears to be jumbled or nonsensical, making it extremely difficult to identify with certainty. However, taking a guess, this could potentially be from *The Hate U Give* by Angie Thomas since the passage mentions ""hate"" several times and could be thematically linked.

<output>""title"": ""The Hate U Give"",""author"": ""Angie Thomas""</output>"
"I face the window and pantomime a scream, one hand dragging down the side of my face. I wonder if this exact scenario inspired Edvard Munch’s The Scream.",['edvard munch'],"the a and face pantomime scream, my wonder The hand this of Munch’s the dragging inspired Scream. down scenario one face. I Edvard window side if I exact","<output>""title"": ""A Court of Silver Flames"",""author"": ""Sarah J. Maas""</output>","<output>""title"": ""The Scream of Nature"",""author"": ""Edvard Munch""</output>"
The weighty silence tells me Peter is doing invisible calculus now. Only he’s got the brain for it. “You can’t mean . . .” His voice slides past disbelief straight into incredulity. “You’re with Miles?”,['peter'],past .” silence straight got slides can’t into calculus disbelief . Miles?” His now. with Only “You the mean weighty me incredulity. voice tells “You’re . for The doing is invisible he’s brain it. Peter,"<output>""title"": ""Happy Place"",""author"": ""Emily Henry""</output>","<output>""title"": ""Looking for Alaska"",""author"": ""John Green""</output>"
"I need to get off the phone before I involuntarily spring a fictional pregnancy on him. “I’ve got to go, Peter. Take care.”",['peter'],"I phone a Peter. to off go, got “I’ve on I fictional before involuntarily him. care.” Take need pregnancy to spring the get","<output>""title"": ""The Hating Game"",""author"": ""Sally Thorne""</output>","The passage appears to be nonsensical and does not provide enough context to clearly identify a book or author. However, I will make an educated guess based on the task's requirements.

<output>""title"": ""The Bell Jar"",""author"": ""Sylvia Plath""</output>"
"“Did you call Peter drunk?” he says, unwrapping his sandwich, flipping it open, and absolutely slathering the egg and avocado inside with sriracha.",['peter'],"the call and with Peter says, inside “Did his flipping unwrapping avocado sriracha. open, and drunk?” you egg it absolutely slathering sandwich, he","<output>""title"": ""Happy Place"", ""author"": ""Emily Henry""</output>","The passage provided appears to be a nonsensical and fragmented text, possibly due to being scrambled or taken out of context. This makes identifying the exact book and author highly uncertain. However, I will make a guess based on the modern, conversational tone and mention of things like avocado and sriracha, which suggest contemporary fiction.

<output>""title"": ""Normal People"",""author"": ""Sally Rooney""</output>"
"Basically, she’s me at twelve years old, if I’d been nine hundred times cooler. Right down to the fact of being the only child of an overworked but lovely single mother with a penchant for eighties British goth rock. During the school year, Maya walks the short distance from the junior high to the library, and her mom picks her up when she finishes her paralegal shift.",['maya'],"high Basically, distance short the her from junior me year, but with twelve hundred goth lovely single overworked child paralegal fact shift. library, the I’d the the the picks penchant walks finishes to an and being eighties school a nine old, she years only cooler. of her mom her to been rock. for the During she’s times British mother of down Maya up at if Right when","<output>""title"": ""Tomorrow, and Tomorrow, and Tomorrow"",""author"": ""Gabrielle Zevin""</output>","<output>""title"": ""Impossible to determine"",""author"": ""Impossible to determine""</output>"
"The new hardcover fantasy I handpicked for her is the most expensive book on the list, but I can’t bear to cut it. Ordinarily, I talk this kind of thing over with Harvey, the branch manager, but he left early for his youngest daughter’s med school graduation (the other two are already doctors; he’s apparently created an army of high achievers).",['harvey'],"I talk but on this he’s graduation the army his can’t I the two of hardcover bear expensive for over book for Ordinarily, is left to cut doctors; most created kind the with achievers). apparently he daughter’s The are youngest manager, list, fantasy an of it. new med her school thing other handpicked branch I already early (the Harvey, high but","<output>""title"": ""The Thursday Murder Club"",""author"": ""Richard Osman""</output>","Based on the passage provided, the text appears highly disjointed and fragmented, making it difficult to identify a clear narrative, context, or stylistic hint to associate it with a specific book or author. However, it bears some resemblance to experimental or abstract styles of literature.

<output>""title"": ""Finnegan's Wake"",""author"": ""James Joyce""</output>"
"I personally hate beer. Obviously Petra loves it. She’s a walking fantasy, and I’m a librarian who actually does wear a lot of buttons and tweed.",['petra'],"personally librarian actually I it. a who I’m loves lot and hate does Obviously of She’s fantasy, a buttons Petra a and wear beer. tweed. walking","<output>""title"": ""The Princess Diaries"", ""author"": ""Meg Cabot""</output>","<output>""title"": ""The Personal Librarian"",""author"": ""Marie Benedict and Victoria Christopher Murray""</output>"
There is absolutely no way I can go to Chill Coast. Waning Bay is small enough without me wandering directly into the heart of the Peterverse.,['peterverse'],go the small I is enough Peterverse. There Waning can way is no me heart the of wandering without to Bay absolutely Chill into directly Coast.,"<output>""title"": ""Hell Bent"", ""author"": ""Leigh Bardugo""</output>","<output>""title"": ""Unknown"",""author"": ""Unknown""</output>"
"“Is that the one with the hot drug-dealer bartender, or the one down the road from that one, where they only play Tom Petty?”",['tom petty'],"the play that one, Tom that the only hot the they or drug-dealer the road Petty?” bartender, from one down where one with “Is","<output>""title"": ""Beach Read"",""author"": ""Emily Henry""</output>","The passage appears to be heavily distorted or out of context, making it challenging to identify its source accurately. However, based on the limited information, I will make an educated guess.

<output>""title"": ""The Outsiders"",""author"": ""S.E. Hinton""</output>"
"I haven’t worn it since, which is stupid, because it cost way more than I would ordinarily spend (Peter bought it) and it’s extremely flattering.",['peter'],"since, way it spend it) flattering. more because (Peter is than which stupid, ordinarily worn it bought haven’t cost I extremely I and it’s would","<output>""title"": ""The Girl on the Train"",""author"": ""Paula Hawkins""</output>","The given passage appears to be jumbled and nonsensical, which makes identification of the origin challenging. However, attempting to make an educated guess based on style and content is part of the task.

<output>""title"": ""Ulysses"",""author"": ""James Joyce""</output>"
"In my defense, Landon is nineteen years old and nearly always listening to shoegaze in his AirPods at the decibel of a launching rocket, so it’s not like there have been loads of opportunities to bond.",['landon'],"bond. there my have Landon always launching loads not to nearly in years AirPods and so like of rocket, opportunities the his listening old In nineteen a at it’s defense, of is been shoegaze decibel to","<output>""title"": ""Happy Place"",""author"": ""Emily Henry""</output>","The provided passage appears to be nonsensical and lacks coherent context, making it unable to be directly matched to a specific book or author. Given the requirements to make a guess, I will provide a speculative answer.

<output>""title"": ""Infinite Jest"",""author"": ""David Foster Wallace""</output>"
"Then again, maybe in five years, he still would’ve left me for Petra. Maybe they’re every bit as destined as he’s convinced. I’m nauseated by the thought that maybe she belongs there, in that home I’d thought was mine, while I belong nowhere.",['petra'],"as five that bit as the she I nauseated mine, home Maybe every Then me by while he destined thought in would’ve was belongs convinced. in Petra. still for maybe nowhere. I’d left thought years, I’m there, again, that belong they’re maybe he’s","<output>""title"": ""It Ends with Us"",""author"": ""Colleen Hoover""</output>","<output>""title"": ""Sorry, I can't accurately identify this book"",""author"": ""Unknown""</output>"
"She nods thoughtfully. “Fair. But for what it’s worth, I’m always late because I have a kid. So I’d like to think my friends can rely on me, but if it comes down to it, yeah, I choose Mulder every time.”",['mulder'],"it, choose friends late if nods yeah, have down like worth, She always thoughtfully. kid. I can I’d my a on it’s because comes I’m rely but me, I But So time.” “Fair. to what to it every for Mulder think","<output>""title"": ""Happy Place"",""author"": ""Emily Henry""</output>","It appears the passage is highly fragmented and lacks coherent context, making it challenging to identify its exact origin. However, I’ll make a guess based on the style.

<output>""title"": ""Conversations with Friends"",""author"": ""Sally Rooney""</output>"
"“It was terrible!” she agrees. “Every day I’d wake up and have, like, one second of peace. Then I’d remember, Oh, shit, I’m someone’s mom. I was a wreck, for like six months. But it did convince me to go back to school to become a librarian, and Mulder’s pretty much my best friend, so all worth it.”",['mulder'],"it.” six go I’d back mom. have, was did and a day I’m wreck, a so and to much shit, pretty for friend, up it librarian, “Every wake I’d me second remember, someone’s Then one she worth But to agrees. become best like, I my months. Oh, terrible!” Mulder’s all “It convince was to like school of peace.","<output>""title"": ""Malibu Rising"",""author"": ""Taylor Jenkins Reid""</output>","The passage provided seems highly disjointed and might be scrambled, which makes identifying the book and author extremely challenging. However, based on certain fragmented clues like ""Mulder"" (which might refer to a popular character from *The X-Files*) and the tone of the passage, I will make a guess based on existing patterns in modern books.

<output>""title"": ""A Touch of Jen"",""author"": ""Beth Morgan""</output>"
"“Well, I don’t,” I say. “Now there’s no good way to get out of it. I mean, when we ‘break up,’ Peter will get to feel smug and superior about that.”",['peter'],"I of way I “Well, Peter smug good we will “Now mean, superior out to no and don’t,” it. feel about get up,’ there’s that.” I ‘break say. to when get","<output>""title"": ""To All the Boys I've Loved Before"",""author"": ""Jenny Han""</output>","The passage provided appears to be fragmented and jumbled, making it difficult to discern its original source. However, I will make an informed guess based on the style and available clues.

<output>""title"": ""Peter Pan"",""author"": ""J.M. Barrie""</output>"
"“Soulmates?” She laughs. “No. I’m saying your ex is the little boy looking over someone else’s shoulder, trying to figure out if the kid next to him has a better lunch. Only, the lunch box is shut, so even though he knows what his parents packed for him is pretty good, he’d still trade it just to open up that rusty little Batman lunch box.”",['batman'],"figure box.” shoulder, “No. even shut, else’s “Soulmates?” trade out it is your She little next I’m packed better rusty for to box if little lunch kid Batman just good, Only, lunch. a the though someone ex still that him open the has saying over to up pretty laughs. is boy to lunch trying is he’d knows so the looking parents what he his him","<output>""title"": ""Beach Read"", ""author"": ""Emily Henry""</output>","The passage appears to be heavily corrupted or jumbled, making it difficult to discern its origin. Based on the fragmented and abstract style, I can make an educated guess that it might be from a contemporary novel or an experimental piece, but I am uncertain.

<output>""title"": ""Unknown Experimental Novel"",""author"": ""Unknown Author""</output>"
"“See, Daphne,” he says, meeting my heckling with over-the-top sobriety, “the Chardonnay grapes themselves are pretty neutral. That’s why they can take on too much oak for a lot of wine drinkers’ tastes. But ours has a nice peach nose, and this pinch of lemon zest, and a faint, warm oakiness, but not so much that the wine’s overpowered.”",['daphne'],"but oak can lot sobriety, for a lemon warm much themselves over-the-top a grapes with drinkers’ and take so has he nose, a tastes. of “See, too that of my pinch nice “the on Chardonnay ours heckling zest, says, much neutral. peach faint, why not Daphne,” overpowered.” meeting the wine’s That’s wine But are this pretty and they oakiness,","<output>""title"": ""Romantic Comedy"",""author"": ""Curtis Sittenfeld""</output>","The passage provided is nonsensical and appears to be a random jumble of words, making it difficult to identify the origin of the text accurately. However, based on thematic clues and patterns, the passage might be attempting to mimic language about wine or literature focused on wine tasting.

<output>""title"": ""Cork Dork"",""author"": ""Bianca Bosker""</output>"
"“It was bound to happen eventually! Get home safe, lovebirds.” She’s already on her way back to Greg-Craig. He slips a hand through hers and waves as she steers him outside.",['greg'],"bound safe, already hers on him she Greg-Craig. Get She’s back eventually! a happen through as way steers slips was to and lovebirds.” home hand “It He to waves outside. her","<output>""title"": ""Red, White & Royal Blue"",""author"": ""Casey McQuiston""</output>","<output>""title"": ""Unknown"",""author"": ""Unknown""</output>"
"He manually unlocks the passenger door. “That’s a Get in the car, Daphne; I’m not going to dignify that with an answer.”",['daphne'],"Daphne; that a I’m door. dignify Get unlocks with passenger He going to the answer.” car, the “That’s an manually in not","<output>""title"": ""Beach Read"",""author"": ""Emily Henry""</output>","<output>""title"": ""Rebecca"",""author"": ""Daphne du Maurier""</output>"
"“Daphne,” he says. “The first piece of advice anyone is going to give you for improving your situation is going to Big Louie’s. How is it possible you’ve lived here for . . .”",['daphne'],"lived Louie’s. he . “The . advice How is piece going anyone for to first says. improving is it “Daphne,” here give Big is possible to your .” situation you’ve you of for going","<output>""title"": ""The Firekeeper's Daughter"",""author"": ""Angeline Boulley""</output>","<output>""title"": ""Big Magic"",""author"": ""Elizabeth Gilbert""</output>"
"“Well, that explains why I’ve never had them,” I say. “Peter isn’t a big slatherer. He’s more of a wheatgrass-shot-and-lean-meat-after-leg-day kind of guy.”",['peter'],"why a of them,” wheatgrass-shot-and-lean-meat-after-leg-day had He’s isn’t kind say. “Peter slatherer. I’ve guy.” more of explains a big “Well, I that never","<output>""title"": ""To All the Boys I've Loved Before"",""author"": ""Jenny Han""</output>","The passage appears to be garbled or has errors in its structure, which makes identifying its origin accurately more challenging. However, based on the fragmented phrasing and style, it gives the impression of being contemporary fiction that could involve a humorous or satirical tone.

<output>""title"": ""Rich People Problems"",""author"": ""Kevin Kwan""</output>"
"On our second date, he’d made me dinner. Salmon and asparagus and a keto-friendly pasta salad. I would’ve been less impressed to learn he was an Olympian. Cooking was the one thing Mom didn’t do while I was growing up. We lived on takeout, and weekly nacho nights. But Peter started every day with a green smoothie, and made dinner from scratch most nights. Peak domesticity, as far as I was concerned.",['peter'],"made weekly didn’t thing Peter do a learn But takeout, me Salmon smoothie, nights. nacho asparagus and most he’d our on was would’ve On been Peak an green up. one as was as scratch nights. every started with lived We growing I keto-friendly day second and salad. dinner was was Cooking to concerned. made domesticity, the dinner. pasta impressed from less while date, he Olympian. and I and a far I Mom","<output>""title"": ""Happy Place"",""author"": ""Emily Henry""</output>","<output>""title"": ""Untamed"", ""author"": ""Glennon Doyle""</output>"
"We did. It was one of very few silver linings to our relationship ending that I no longer felt any guilt about not going. Peter was into pretty much every form of physical exercise, but I was slower and less coordinated than him, so the few times we’d tried hiking or biking, it was more frustrating than rewarding. At the gym, we could do our own things, but still spend time together. With how busy his job kept him, that time was valuable.",['peter'],"very form we’d With spend it still Peter physical how linings together. At going. than of we much of rewarding. to less kept busy I was but silver the him, gym, slower that We not It was was every did. time relationship valuable. I biking, frustrating than no one pretty any own guilt but could and coordinated or so felt ending longer time his exercise, him, times hiking into that things, few was our about more do the tried few was our job","<output>""title"": ""Part of Your World"",""author"": ""Abby Jimenez""</output>","<output>""title"": ""The Fault in Our Stars"",""author"": ""John Green""</output>"
"I stare at him, trying to work out if he actually believes this, or if he thinks I’m hilariously boring. Maybe Peter thought it was boring too.",['peter'],"hilariously Maybe he too. out I’m actually at boring him, trying boring. if to thinks believes was if it stare or work this, he I Peter thought","<output>""title"": ""To All the Boys I've Loved Before"", ""author"": ""Jenny Han""</output>","The given passage appears to be a nonsensical or scrambled text that doesn't immediately convey a coherent storyline, style, or clue about its origin. However, based on the analyze-and-guess instruction, I'll make an educated guess for a title and author that might loosely fit, taking into account themes of humor, meta-thinking, or surreal styles.

<output>""title"": ""The Mezzanine"",""author"": ""Nicholson Baker""</output>"
"“I’m not a huge relationship guy,” he says, a little bashful. “Petra was the exception, not the rule, for me. So if she wanted to get back together? I don’t know. But it’s not worth thinking about, since she’s engaged to your ex-boyfriend.”",['petra'],"exception, not But to about, ex-boyfriend.” worth she’s engaged together? the know. for relationship “I’m a the not guy,” a was it’s So back to if me. little your “Petra I she rule, since says, not wanted get he huge bashful. don’t thinking","<output>""title"": ""Happy Place"",""author"": ""Emily Henry""</output>","The passage provided is highly disjointed and appears to have been scrambled or corrupted. However, based on the mention of a ""relationship,"" ""ex-boyfriend,"" and ""engaged,"" it reflects themes commonly found in contemporary romance or relationship-centered literature.

Given the lack of clear information, I'll make a guess:

<output>""title"": ""The Dating Playbook"", ""author"": ""Farrah Rochon""</output>"
"As a devoted fan of control, I never had a big weed phase, but annoyingly the voice in my head reminding me of that isn’t my own; it’s Peter’s. And I don’t want it there. It has no right to keep echoing through my skull.",['peter'],"it’s voice a but As don’t through And I Peter’s. that head right no echoing to never my control, phase, in own; of reminding my my I want me a of the isn’t keep big fan skull. devoted annoyingly has had It it there. weed","<output>""title"": ""Happy Place"",""author"": ""Emily Henry""</output>","The passage provided seems to be a garbled or corrupted piece of text that does not directly correspond to any recognizable book or author. However, based on the fragmented nature, some themes like internal struggles or a stream of consciousness might connect it to books with experimental narrative styles. I'll make a speculative guess to align with your instructions.

<output>""title"": ""Infinite Jest"",""author"": ""David Foster Wallace""</output>"
"“That’s what I’m realizing, though,” I tell him, wrapping the sweatshirt more tightly around me. “It wasn’t ever my home. When you take Peter off the schedule, there isn’t really much left. Waning Bay doesn’t belong to me, like it does to him.”",['peter'],"what “It take left. schedule, doesn’t ever When there belong Bay me. though,” the much realizing, around isn’t Waning sweatshirt it wrapping wasn’t my home. off to really the does tightly you him.” I him, Peter me, tell more to “That’s like I’m","<output>""title"": ""Family of Liars"",""author"": ""E. Lockhart""</output>","The provided passage is heavily scrambled and does not provide clear context or continuity to identify its source definitively. However, based on the fragmented nature of the text and the mention of a name like ""Peter,"" I will make an educated guess.

<output>""title"": ""The Fault in Our Stars"",""author"": ""John Green""</output>"
"Like it was a basketball game, and she and Cooper had decided not to make posters or sit in a specific section of bleachers. Like things needed to play out, and then someone would simply have won and someone else would have lost.",['cooper'],"decided Like simply out, Cooper or Like would in of bleachers. have sit someone game, and play won someone posters have and was specific things she to it and a section would needed then make not lost. basketball to else and had a","<output>""title"": ""We Are Okay"",""author"": ""Nina LaCour""</output>","The passage provided is disjointed, unclear, and lacks sufficient context to confidently determine the specific book or its author. However, based on its structure and theme, I will make a guess.

<output>""title"": ""The Crossover"",""author"": ""Kwame Alexander""</output>"
"But honestly, I didn’t want it to even feel like a choice. I wanted her to know where she stood. The problem was, she wasn’t my best friend anymore. She and Cooper were our best friends.",['cooper'],"I were it our Cooper best to But didn’t I choice. was, wasn’t her she even problem she to a where She my like wanted friend feel stood. honestly, know friends. want The and anymore. best","<output>""title"": ""The Summer I Turned Pretty"",""author"": ""Jenny Han""</output>","The given passage appears to be highly disorganized and lacks coherence. It seems that either the text is jumbled or intentionally scrambled, which makes identifying the source very challenging. However, I will make a reasoned guess based on what is available.

<output>""title"": ""We Were Liars"", ""author"": ""E. Lockhart""</output>"
"And in those days when I was mourning in a puddle, Peter was doing damage control. So if our breakup wasn’t a basketball game, maybe it was a race, and I was too slow.",['peter'],"And maybe in a and wasn’t race, game, doing in Peter mourning control. basketball if a our it breakup those I puddle, damage was was was when slow. was days a So too I","<output>""title"": ""P.S. I Still Love You"", ""author"": ""Jenny Han""</output>","<output>""title"": ""Infinite Jest"",""author"": ""David Foster Wallace""</output>"
"“And there’s this girl Maya, who comes in once a week. Twelve or thirteen. Perfect little weirdo. She reads everything—goes through like five books a week. And we have an informal book club, where I pick something out I think she’ll like, and it goes in the stack, and then she comes back a week later and we just talk about it for an hour while I’m doing admin stuff. She’s supersmart. Has a hard time at school, but you can just tell she’s going to be some great novelist or, like, film director someday.”",['maya'],"book and and I where in five later club, thirteen. she’s reads pick a we talk school, can girl director I going stack, everything—goes informal hour you comes or, supersmart. comes Twelve week little hard be And have time “And it out someday.” once film tell just she’ll admin I’m it doing then Perfect an while at this in there’s week. like something or novelist Maya, and books some like, week. to Has She she a through just but who goes about for She’s think we great the like, a back stuff. a an weirdo.","<output>""title"": ""The Midnight Library"",""author"": ""Matt Haig""</output>","<output>""title"": ""Where'd You Go, Bernadette"",""author"": ""Maria Semple""</output>"
"I think about the tense call I overheard behind his bedroom door, wonder if it’s possible he was talking to her, and what Peter would make of that.",['peter'],"he call talking tense that. it’s her, think Peter wonder about I behind would I if possible was bedroom overheard door, his make and to the of what","<output>""title"": ""To All the Boys I've Loved Before"",""author"": ""Jenny Han""</output>","<output>""title"": ""Unknown"",""author"": ""Unknown""</output>"
"“Okay, not exactly,” I admit. “But it makes me mad that she, like, thinks you need her approval to move on, or something. If she was so in love with Peter, she never should’ve strung you along like that, but she did, and she dumped you in the worst possible way, and then for her to just insist that you view her kindly—to try to make you not mad, instead of just letting you move on . . . it’s selfish.",['peter'],"selfish. you and mad it instead Peter, on that should’ve move “But her she kindly—to worst but in you you you love view not just possible with to you did, that on, . was in it’s letting she just way, If exactly,” so move dumped to her “Okay, for she something. of you to admit. she her . not make makes try along then she, like, that, like never need and or strung the I . thinks insist me mad, approval","<output>""title"": ""To All the Boys I've Loved Before"",""author"": ""Jenny Han""</output>","<output>""title"": ""I'm sorry, I cannot accurately determine the book name from the given passage."",""author"": ""I'm sorry, I cannot accurately determine the author from the given passage.""</output>"
"“So maybe it’s immature and stupid. But it does make me feel a little better, to think that maybe she’ll see these pictures and remember that, even if she’s not overall an asshole, she was the asshole in this scenario, and she didn’t appreciate you, and she should have. Even if all that meant was letting you go before telling my boyfriend she was in love with him, instead of keeping you on the back burner in case Peter turned her down.",['peter'],"Even in these Peter feel in didn’t meant it’s But not she love “So a should asshole, him, to that instead immature if in burner my this and back that, little go was you she stupid. keeping before all you pictures case it she’ll remember and me an asshole with she even you, overall see that and down. the her letting better, she the appreciate if turned does boyfriend on she’s telling was have. make scenario, maybe was of think and maybe","<output>""title"": ""Happy Place"", ""author"": ""Emily Henry""</output>","<output>""title"": ""Unknown"",""author"": ""Unknown""</output>"
"At work, I help Harvey swap out the programming corkboard for the week. Waning Bay Public Library is a small enough operation that it’s usually all hands on deck. You do whatever needs doing, regardless of job title.",['harvey'],"of that do regardless on is Bay help out I work, swap Harvey week. Library for all deck. programming hands At enough a usually title. Public operation whatever job the small needs Waning doing, it’s You corkboard the","<output>""title"": ""Emily Wilde's Map of the Otherlands"",""author"": ""Heather Fawcett""</output>","The passage provided appears to be a jumbled collection of words and phrases that do not form a coherent sentence or narrative structure. It is difficult to identify its origin based on this fragment. However, I will make an educated guess based on the limited information available.

<output>""title"": ""The Midnight Library"",""author"": ""Matt Haig""</output>"
"He bears more than a passing resemblance to Morgan Freeman, and his voice, although raspier and not quite so low, has the same kind of gravitas. It’s a voice that makes you want to do him proud.",['morgan freeman'],"his voice, so want to same has quite proud. do him gravitas. low, resemblance more kind than and Morgan you He a the and not makes voice although It’s a to Freeman, passing raspier bears that of","<output>""title"": ""Project Hail Mary"",""author"": ""Andy Weir""</output>","<output>""title"": ""Sorry, I'm Not Sure"",""author"": ""Anonymous""</output>"
"“We’re lucky to have you,” Harvey goes on, hanging the sign-up sheet for Friday’s Dungeons & Dragons tournament. “Just keep bringing your whole heart in for those kids. That’s all.”",['harvey'],"& sheet to for “We’re goes Harvey keep sign-up whole That’s hanging the those bringing lucky for all.” kids. Dragons Dungeons Friday’s heart tournament. in your on, “Just you,” have","<output>""title"": ""The House in the Cerulean Sea"", ""author"": ""TJ Klune""</output>","<output>""title"": ""Unknown"",""author"": ""Unknown""</output>"
"He sets his forearms atop the door. “Well, Daphne, I’m less sure how I feel about it since that snarky Big Bad Wolf comment.”",['daphne'],"less sets sure I’m snarky “Well, Big about the it how his feel He atop comment.” I Wolf Bad door. forearms that Daphne, since","<output>""title"": ""Hook, Line, and Sinker"",""author"": ""Tessa Bailey""</output>","<output>""title"": ""Unknown"",""author"": ""Unknown""</output>"
"“Is that so?” The smaller of the two women, Barb, perks up. She starts rustling through the crates. “Let me find you the best of the best.”",['barb'],"starts best.” “Let “Is of of best the up. that me you rustling find so?” the the smaller Barb, two the perks crates. The women, She through","<output>""title"": ""I'm not certain, but this passage might be from a contemporary novel, though the specific book and author is unclear."",""author"": ""Unknown""</output>","<output>""title"": ""Unknown"",""author"": ""Unknown""</output>"
"“No, no, of course not,” the other woman, a head taller than the first, says, “but Barb does have a knack for picking the best, and we want our first-timers to come back, so let her work her magic.”",['barb'],"the let magic.” knack other than says, her and first-timers woman, for head first, a “but back, Barb have “No, does the best, picking we of not,” no, our come her course the to work taller so want a","<output>""title"": ""Big Little Lies"",""author"": ""Liane Moriarty""</output>","It seems the text provided is heavily garbled and appears to lack coherence, making it extremely difficult to identify its origin with certainty. However, based on my training and the mystical/arbitrary language style, I will make a guess.  

<output>""title"": ""Practical Magic"",""author"": ""Alice Hoffman""</output>"
"“It means our chef, Martín, makes a few different menus every season, and I get the best stuff I can find for him. So I go to the butcher, and the farm stands, and the olive oil store, and the cheesemonger—”",['martín'],"find stuff can few stands, every chef, the the menus our different makes and store, for season, I I get go and cheesemonger—” a butcher, and the I means So the “It farm Martín, best and oil olive to him. the","<output>""title"": ""Happy Place"",""author"": ""Emily Henry""</output>","The given passage is jumbled and lacks clarity, making it challenging to determine its exact source. However, based on a best guess, the subject matter appears related to food, chefs, or cooking, referencing ingredients like olive oil, a butcher, and a cheesemonger. This could align with works by chefs or food writers.

<output>""title"": ""Kitchen Confidential"",""author"": ""Anthony Bourdain""</output>"
"Clarence can’t be more than five years older than either of us, soft-spoken with curly red hair. He isn’t a farmer himself, just the attendant for the little shop in the whitewashed cottage beyond the rows of vibrant purple flowers heavily populated by bumblebees.",['clarence'],"more attendant soft-spoken years a isn’t than heavily beyond by older five purple be of the shop either with the himself, flowers vibrant cottage Clarence He can’t for the just populated curly red in hair. of rows us, little the farmer bumblebees. than whitewashed","<output>""title"": ""The Night Circus"",""author"": ""Erin Morgenstern""</output>","The passage appears to be highly jumbled or nonsensical, which makes identifying its source challenging. However, I will provide a guess based on familiar patterns and themes.

<output>""title"": ""The House with the Purple Flowers"",""author"": ""Madeleine L'Engle""</output>"
"“Do you know why he moved here?” he says. “Do you know his whole family doesn’t even talk to him? That guy is such a loser, Daphne. You can do way better.”",['daphne'],"do That he you he even Daphne. doesn’t says. you why “Do know better.” to talk moved a such loser, guy family here?” know him? You his way “Do is can whole","<output>""title"": ""It Ends With Us"",""author"": ""Colleen Hoover""</output>","<output>""title"": ""Unknown"",""author"": ""Unknown""</output>"
"On the one hand, it feels like maybe I just had a very vivid sex dream about him and need to act normal until a salacious dream about, like, Santa Claus overshadows it.",['santa claus'],"salacious about hand, very it dream sex him just act feels I need like a like, a about, maybe Claus had one vivid Santa to it. On normal dream until and the overshadows","<output>""title"": ""Happy Place"",""author"": ""Emily Henry""</output>","<output>""title"": ""Santa Claus Syndrome"",""author"": ""Unknown""</output>"
"Miles’s head cocks on a knowing smirk. “It’s not about me. It’s you. He wants you both. He’s with Petra, but he still wants you to be in love with him.”",['petra'],"me. with but about he on you wants wants He a you. not Petra, still “It’s you cocks with knowing to Miles’s love head smirk. both. It’s him.” He’s in be","<output>""title"": ""It Ends With Us"",""author"": ""Colleen Hoover""</output>","<output>""title"": ""A Court of Thorns and Roses"",""author"": ""Sarah J. Maas""</output>"
"He turns toward me, my hands skating over his back, coming to rest on his shoulders. He catches my wrists in light, loose circles, his gaze falling. “Sorry, I’m . . .” He takes a breath. “I guess I’m surprised Petra told him that. I just . . . I barely even talked about that stuff with her.”",['petra'],"breath. circles, back, falling. Petra takes . surprised him catches . shoulders. even I’m .” his about talked my a turns that. He gaze his his her.” skating “Sorry, told He to just light, with my in He barely rest . coming stuff . toward guess wrists loose . I that hands I’m over I on “I me,","<output>""title"": ""Beach Read"",""author"": ""Emily Henry""</output>","<output>""title"": ""We Were Liars"",""author"": ""E. Lockhart""</output>"
"My chest pinches. “Sort of. I mean, maybe not close. But they were always really nice. His mom came wedding dress shopping with me and my mom. And she got a monogrammed Christmas stocking made for me to match his and his brother’s. They’re the kind of family with a million traditions. Certain plates and specific desserts for each of their birthdays. Every single thing in their house was some kind of heirloom with some great story, and he and his brother, Ben, would argue over who’d inherit what someday, but in this jokey way. The whole extended family always comes here for New Year’s Eve and they do a white elephant gift exchange, and it’s all very . . . I don’t know. I just really wanted . . .”",['ben'],".” . The close. Christmas desserts kind who’d what family white not really brother’s. nice. this . single was really They’re some whole monogrammed kind brother, His and their house with mom gift and my made got wedding and someday, New mom. “Sort I for his a a inherit family Certain way. came his Every know. jokey his would all in over the they But a dress And comes heirloom were always she he to exchange, traditions. just birthdays. of. wanted mean, with I story, chest I do me some very with million they . but of pinches. in of always me shopping maybe don’t elephant Year’s each for and . and thing and argue extended plates match here their it’s stocking Eve . specific of great and Ben, My for","<output>""title"": ""Happy Place"",""author"": ""Emily Henry""</output>","The passage provided appears to be heavily disordered or scrambled, making it challenging to determine the exact source. However, based on the thematic elements (family traditions, holiday gatherings, heirlooms, and personal anecdotes), it might be reminiscent of contemporary fiction discussing family relationships and dynamics.

<output>""title"": ""This Is Where I Leave You"",""author"": ""Jonathan Tropper""</output>"
"“Too busy. When I was a kid, she worked a lot to make ends meet, and she always said she’d rather spend her free time with me. I figured once I went to college, she’d give it a try. Instead she got really into CrossFit and made a ton of friends. She’s always basically either exercising with a lady named Pam or taking art classes with a woman named Jan, or drinking smoothies with both of them. She’s really happy, though. That’s what matters.”",['pam'],"Jan, give I rather I art once named lot me. always kid, “Too her or of really friends. exercising lady Instead with a woman into ton got and she try. named taking Pam really or was happy, meet, matters.” a though. to ends made When she’d She’s I spend a figured time classes them. college, make busy. it what CrossFit with with a said That’s worked basically a a drinking smoothies always with She’s she went both free and either to she she’d of","<output>""title"": ""People We Meet on Vacation"",""author"": ""Emily Henry""</output>","<output>""title"": ""Sorry, this text appears to be garbled or incoherent, making it very difficult to identify a specific book"",""author"": ""Unknown""</output>"
The serious one who gives good eyebrow and the wisecracking sidekick who is absolutely always Ryan Reynolds or someone nearly indistinguishable from Ryan Reynolds when you close your eyes.,['ryan reynolds'],your when eyes. serious always nearly Ryan gives the Reynolds sidekick someone or Reynolds one wisecracking eyebrow and is from indistinguishable close The you who who good Ryan absolutely,"<output>""title"": ""No One Is Talking About This"",""author"": ""Patricia Lockwood""</output>","<output>""title"": ""Indistinguishable from Magic"",""author"": ""Arthur C. Clarke""</output>"
"I lean into the pressure, pitching my weight forward into my hands on either side of him. His palms scrape down me, and we rock together in slow, heavy waves. He pulls the open center of my shirt to one side so half of my chest is bared. “God, Daphne,” he says, dragging the open neckline back the other way, lifting himself enough to catch bare skin in his mouth this time.",['daphne'],"my His open is way, dragging in “God, pressure, on my enough of to heavy the open of one says, down me, Daphne,” slow, lifting he together mouth He of him. forward shirt center neckline side either and other so weight waves. the to his back the in skin chest catch himself bared. scrape we half I time. palms side my this into pulls the pitching lean hands rock into my bare","<output>""title"": ""Credence"",""author"": ""Penelope Douglas""</output>","<output>""title"": ""It Ends with Us"", ""author"": ""Colleen Hoover""</output>"
"It was probably too honest for a stupid get-to-know-you game, but when it was my turn I said, “Unfortunately, I’m probably Charlotte Lucas.”",['charlotte lucas'],"get-to-know-you was said, was stupid a Charlotte probably game, but when it I’m turn my honest Lucas.” “Unfortunately, for I It probably too","<output>""title"": ""Love, Hate and Other Filters"",""author"": ""Samira Ahmed""</output>","<output>""title"": ""Pride and Prejudice"",""author"": ""Jane Austen""</output>"
"“Hi!” she says brightly, hurling—actually throwing—her duffel bag in the general direction of the living room. “You must be the roommate, Daphne.”",['daphne'],"general in duffel be bag Daphne.” says hurling—actually must the the brightly, “You she roommate, living of “Hi!” direction the room. throwing—her","<output>""title"": ""The Roommate"",""author"": ""Rosie Danan""</output>","The given passage appears to be jumbled and may not provide a clear and coherent excerpt for accurate identification. However, based on some keywords like ""roommate"" and ""duffel bag,"" a plausible guess might connect it to contemporary novels involving young characters or roommates. 

<output>""title"": ""Rebecca"",""author"": ""Daphne du Maurier""</output>"
"He swats her hand out of the way. “Jules, inside voice. Our crotchety neighbor is going to come yell at us.”",['jules'],"at “Jules, out come is crotchety yell way. neighbor the us.” going inside of swats voice. He to hand her Our","<output>""title"": ""The Love Hypothesis"",""author"": ""Ali Hazelwood""</output>","<output>""title"": ""Unknown"",""author"": ""Unknown""</output>"
"She spins toward me, face alight, a more extreme version of Miles’s lit-from-within, delighted-by-everything grin. “I’ll give you twenty bucks if you tell me the truth, Daphne.”",['daphne'],"bucks lit-from-within, if you delighted-by-everything me, grin. a She “I’ll more spins of give me Miles’s alight, you truth, Daphne.” face twenty toward tell extreme version the","<output>""title"": ""Happy Place"", ""author"": ""Emily Henry""</output>","<output>""title"": ""The Goldfinch"",""author"": ""Donna Tartt""</output>"
"He leans forward and peers around the cupboard to see the oven clock. “Shit.” He passes me one of the thermoses. “I gave myself an extra fifteen minutes, and there was no line, but then I got caught up talking to the barista and . . . anyway, I’m sorry, Daphne.”",['daphne'],"the oven the . sorry, see clock. around an . to “Shit.” fifteen I’m and He Daphne.” thermoses. got “I the was and peers up then there minutes, extra to gave cupboard He but I leans one and forward me caught of talking no passes the anyway, myself barista line, .","<output>""title"": ""The Atlas Six"",""author"": ""Olivie Blake""</output>","The passage appears to be heavily distorted or nonsensical, making it challenging to identify its source. However, I must make an educated guess based on the fragmented details.

<output>""title"": ""Verity"",""author"": ""Colleen Hoover""</output>"
"I’m not buying it, though: the last time I wore a skirt at work, Handsy Stanley told me I was going to give him a heart attack.",['handsy stanley'],"Handsy him give time last told wore work, was me heart I though: Stanley skirt it, a a attack. the going to at buying I I’m not","<output>""title"": ""The Love Hypothesis"", ""author"": ""Ali Hazelwood""</output>","<output>""title"": ""Ulysses"",""author"": ""James Joyce""</output>"
"“Enjoy it,” he says. “I don’t plan on getting up this early ever again. I hate to admit it, but Petra was right.”",['petra'],"“Enjoy don’t says. it,” up plan “I ever on admit again. right.” getting he to hate it, was Petra this but early I","<output>""title"": ""Scythe"",""author"": ""Neal Shusterman""</output>","<output>""title"": ""House of Leaves"",""author"": ""Mark Z. Danielewski""</output>"
"“Yes, Daphne, if something changes, and I need to escape a freshwater shark, I’ll paddle my little heart out and leave you for dead.”",['daphne'],"heart for shark, a out I’ll little something changes, freshwater paddle my and you “Yes, and Daphne, escape if need to I leave dead.”","<output>""title"": ""It Happened One Summer"",""author"": ""Tessa Bailey""</output>","The provided passage seems either jumbled or constructed in a way that makes coherent identification difficult. However, based on the vaguely discernible fragmented style, it might remind one of experimental or avant-garde narrative styles. That being said, I will make a guess based on limited clues.

<output>""title"": ""House of Leaves"",""author"": ""Mark Z. Danielewski""</output>"
"He swims toward me, loops an arm around my back, my stomach lifting into my chest at the feeling of his skin on mine, his weight pulling us downward as my heart buoys into the back of my throat. “Your physics are off, Daphne,” he says against my ear as we start to sink.",['daphne'],"skin his start heart my my into says my mine, chest toward at me, buoys Daphne,” my against throat. weight back stomach the into he around “Your sink. the ear lifting on swims my to back, as of his pulling physics of off, us arm feeling downward as an we loops He my are","<output>""title"": ""If He Had Been with Me"",""author"": ""Laura Nowlin""</output>","The passage provided appears to be heavily jumbled or fragmented, which makes it difficult to identify its origin with clear certainty. However, the fragmented and poetic nature of the passage might hint at a contemporary novel with a stylistic or experimental writing approach.

<output>""title"": ""The Song of Achilles"",""author"": ""Madeline Miller""</output>"
"Looking at his mouth, I forget what we were just talking about. I swallow a thorny knot and touch the scratchy corner of his jaw. “Beard’s almost back.”",['beard'],"mouth, knot his about. touch “Beard’s his almost what scratchy corner and the of we forget I swallow Looking just thorny were jaw. talking a at back.” I","<output>""title"": ""The Hunger Games: Mockingjay"",""author"": ""Suzanne Collins""</output>","<output>""title"": ""The Fault in Our Stars"",""author"": ""John Green""</output>"
"His hand circles my wrist lightly, an electric frisson leaping from him to me. “Petra hated it too,” he says, his voice a buzz, half heard through the music.",['petra'],"heard His a lightly, says, circles me. he from an half frisson “Petra his buzz, leaping my to electric it music. hand him hated the voice too,” through wrist","<output>""title"": ""Verity"",""author"": ""Colleen Hoover""</output>","<output>""title"": ""House of Leaves"",""author"": ""Mark Z. Danielewski""</output>"
"“Can I ask . . .” I trail off, trying to decide how to phrase it. “Is it too soon for me to ask what happened? Between you and Duke?”",['duke'],"ask .” to for soon what ask “Is off, me trail it . happened? how Between and trying decide . it. you “Can Duke?” I to too phrase I to","<output>""title"": ""Things We Never Got Over"", ""author"": ""Lucy Score""</output>","<output>""title"": ""Unknown"",""author"": ""Unknown""</output>"
"“Duke was my high school boyfriend,” she says, then pauses to chew for a second. “We broke up when we went to college. Then we both ended up back here. Eventually, we ran into each other at the YMCA, then met up at his car in the parking lot, as I mentioned.”",['duke'],"pauses broke at the went YMCA, she ran “Duke at college. Eventually, as here. says, a mentioned.” when each back up up second. chew ended up lot, Then then the then my I we met other “We we parking to for boyfriend,” we his car in both into to high school was","<output>""title"": ""Happy Place"",""author"": ""Emily Henry""</output>","The given passage appears to be distorted or nonsensical, making it extremely challenging to accurately identify the book or its author with certainty. However, based on some interpretative attempts, I don't see a clear lead indicating a specific text or author. Consequently, I'll make a speculative guess based on its fragmented and seemingly contemporary language.

<output>""title"": ""Beautiful World, Where Are You"",""author"": ""Sally Rooney""</output>"
"She gives a blasé shrug. “Sometimes it’s terrible, but this was my choice. I think a lot of my friends thought I was a selfish idiot, giving up a pretty good thing just for the hope of a really good thing. But how can I teach my kid not to settle if I’m not willing to fight for the life I want? I tried so hard to love the one I had, and if Duke had tried too, I would’ve held on. But he’s just one of those guys who doesn’t believe in sharing his ‘business’ with a stranger, so therapy’s out.",['duke'],"settle the and fight thing was a “Sometimes lot I giving for it’s terrible, would’ve too, life my if to of I not he’s out. to of But shrug. think idiot, But this for of with was good tried love a I up one who selfish blasé want? held guys ‘business’ gives a a hard I really the just friends but how a on. the so tried thought doesn’t therapy’s kid hope had, his good choice. teach had not She a Duke just sharing my to thing. in I willing I I’m can those I believe my pretty one if stranger, so","<output>""title"": ""Book Lovers"", ""author"": ""Emily Henry""</output>","The passage provided seems nonsensical and fragmented, making it incredibly difficult to discern a coherent narrative or context. However, if I were to make a guess based on certain stylistic elements or patterns (like fragmented thoughts and introspective musings), it might resemble modern novels with stream-of-consciousness writing or experimental formatting.

<output>""title"": ""Normal People"", ""author"": ""Sally Rooney""</output>"
"I must take too long to go on, because a slight smile tugs at his mouth, his eyes sparking with humor. “There’s no pressure, Daphne,” he says. “If you don’t want to—”",['daphne'],"go on, to—” mouth, humor. long his take must he a you don’t says. I too no eyes because “If to his tugs sparking at slight want Daphne,” with smile pressure, “There’s","<output>""title"": ""Twisted Games"",""author"": ""Ana Huang""</output>","<output>""title"": ""Bridgerton: The Duke and I"",""author"": ""Julia Quinn""</output>"
"The tiny woman with her, arms wrapped around Petra, both of them beaming in front of decimated plates of chocolate waffles on an orange-checked tablecloth.",['petra'],"both orange-checked of tiny waffles arms in woman chocolate tablecloth. of on them The Petra, an wrapped beaming front plates her, with of decimated around","<output>""title"": ""The Goldfinch"",""author"": ""Donna Tartt""</output>","<output>""title"": ""Unknown"",""author"": ""Unknown""</output>"
"Harvey snorts. “I know I’ve got a youthful glow, but I wasn’t born yesterday. Come in, come in. Shoes off. Everyone’s back in the breakfast nook.”",['harvey'],"nook.” Shoes in, know breakfast but yesterday. glow, the off. in. “I a Everyone’s come got born I’ve Harvey youthful snorts. back Come wasn’t I in","<output>""title"": ""The House in the Cerulean Sea"",""author"": ""TJ Klune""</output>","The passage appears to be heavily scrambled and does not make clear sense, but I will make an educated guess based on the style and recognizable elements. 

<output>""title"": ""Finnegans Wake"",""author"": ""James Joyce""</output>"
"I slip my loafers off next to Ashleigh’s knee-high boots and we follow Harvey down a narrow, wood-paneled wall toward the sound of smooth jazz and the potent smell of cigar smoke. Every inch of the walls is devoted to at least three generations of family photos, ranging from recent shots of his granddaughters’ soccer tournaments all the way back to time-faded wedding portraits of him and his late wife.",['harvey'],"his the Harvey a least of loafers cigar of of slip of back devoted wood-paneled Ashleigh’s jazz to time-faded and down follow toward his way off and of my and recent smell I smooth the is from knee-high granddaughters’ shots to wall him the three of generations wedding all we sound smoke. boots tournaments photos, late the at Every family next soccer portraits narrow, walls to wife. ranging potent inch","<output>""title"": ""The Last House Guest"",""author"": ""Megan Miranda""</output>","<output>""title"": ""Unknown"",""author"": ""Unknown""</output>"
"Harvey moves out of the hallway, so we can slide into the breakfast nook after him. “Look who decided to finally show up,” he says, “and she brought us a new fifth!”",['harvey'],"so Harvey “and “Look out the says, slide brought hallway, after to a new nook the show into finally he breakfast him. we can who decided moves she fifth!” up,” of us","<output>""title"": ""One of Us Is Lying"", ""author"": ""Karen M. McManus""</output>","The passage appears fragmented or possibly jumbled, making it difficult to identify the source with high certainty. However, I will provide a guess based on the limited and unclear context.

<output>""title"": ""Fahrenheit 451"",""author"": ""Ray Bradbury""</output>"
They’re both wearing the same visors as when I met them. Both have matching cigars hanging out of their mouths. Lenore yanks hers out from between her lips as she stands to greet me. “What a nice surprise!”,['lenore'],as her cigars stands wearing of greet their the out mouths. yanks surprise!” me. to Both visors hers lips I them. Lenore a met from matching hanging “What have both out They’re same she as nice when between,"<output>""title"": ""Infinite Jest"",""author"": ""David Foster Wallace""</output>","The given passage is quite distorted and does not resemble a coherent excerpt from a known book. However, based on the peculiar style and fragmented structure, it could be an experimental or postmodern work, though identifying the exact book is challenging. My best guess is:

<output>""title"": ""Finnegans Wake"",""author"": ""James Joyce""</output>"
"He puts the pitcher back in the fridge. “Go put on something nice, Daphne. We have to leave soon.” He squeezes past me to leave the kitchen.",['daphne'],"the nice, Daphne. on something We the He to to back kitchen. “Go past in He fridge. put have pitcher leave me puts soon.” the squeezes leave","<output>""title"": ""It Ends with Us"", ""author"": ""Colleen Hoover""</output>","The provided passage seems highly nonsensical and fragmented, making it difficult to identify a specific book or author conclusively. However, based on the peculiar structure, it might resemble experimental or avant-garde literature or a deliberately altered excerpt. 

<output>""title"": ""Finnegans Wake"",""author"": ""James Joyce""</output>"
"And when I’m done telling him about the fundraiser, I find myself talking about the kids, about the staff, about our desperate need for an updated stock of kid lit, and by the end of our conversation, Lance has not only pledged ten kite-building sets for prizes but also offered to host a miniature-painting class for us in the fall.",['lance'],"by and also miniature-painting kite-building the telling conversation, but only has for about kids, stock him an our sets myself about find need a us our in end the of prizes Lance I staff, offered host talking updated fundraiser, the I’m fall. done ten the kid about when not for of to about the pledged And desperate class for lit,","<output>""title"": ""The Kindred Spirits Supper Club"",""author"": ""Amy E. Reichert""</output>","<output>""title"": ""Unknown"",""author"": ""Unknown""</output>"
"Slow, soft, familiar. A relief of a kiss, and over way, way too soon, though from the way Petra is gawking at us, you’d think we’d just performed a handstanding sixty-nine in front of God and everyone.",['petra'],"performed sixty-nine is way the and handstanding way, though you’d soon, gawking us, of way and from everyone. too familiar. Petra a of front kiss, a in soft, just God at we’d think relief over A Slow,","<output>""title"": ""Delilah Green Doesn't Care"", ""author"": ""Ashley Herring Blake""</output>","<output>""title"": ""A Little Life"",""author"": ""Hanya Yanagihara""</output>"
"“She always thought I was reading too much into it,” he says. “But I think they were worried I couldn’t give Petra everything they want for her.”",['petra'],"I into for was I give everything think they he it,” Petra always they reading thought much “But I “She want worried too her.” couldn’t were says.","<output>""title"": ""Little Fires Everywhere"",""author"": ""Celeste Ng""</output>","<output>""title"": ""Unknown"",""author"": ""Unknown""</output>"
"Every night that week, we cook together—or Miles cooks, while Jules sits on the counter, curating a country playlist and singing along at top volume into whatever utensil her brother has most recently set down. I chop whatever he puts in front of me, wash whichever dishes he’s done with.",['jules'],"her Jules puts on wash together—or he’s me, chop in week, counter, sits whichever down. that I dishes whatever front cooks, he done Every Miles brother with. curating cook whatever has a utensil we the night country volume most playlist singing along and recently set while top into at of","<output>""title"": ""People We Meet on Vacation"",""author"": ""Emily Henry""</output>","<output>""title"": ""Unknown"",""author"": ""Unknown""</output>"
"“Daphne,” he murmurs behind me, still tender and sweet, pulling me in, my back to his chest, and coiling his arms around my waist.",['daphne'],"back to me in, his he chest, waist. and pulling his behind my and arms coiling me, “Daphne,” murmurs tender around sweet, still my","<output>""title"": ""Bridgerton: The Duke and I"", ""author"": ""Julia Quinn""</output>","<output>""title"": ""Bridgerton: The Duke and I"", ""author"": ""Julia Quinn""</output>"
"His smile widens. His fingers move absently to my chin, and I feel myself being drawn into him, our stomachs connecting, his heart pattering through me. “It’s a camel, Daphne,” he says wryly. “In sunglasses.”",['daphne'],"fingers heart our smile absently His sunglasses.” feel chin, my connecting, widens. to he wryly. pattering being camel, stomachs and drawn move “It’s myself him, through His me. says into his a “In Daphne,” I","<output>""title"": ""Defy Me"",""author"": ""Tahereh Mafi""</output>","The text provided appears to be jumbled and lacks coherent context or structure, which makes it difficult to attribute to a specific book or author. However, based on the given fragments and stylistic hints, my guess is:

<output>""title"": ""It Ends with Us"",""author"": ""Colleen Hoover""</output>"
"She groans. “A week from Saturday. Forty-three. And no to big plans. It just so happens to fall on the weekend Mulder and I get back from visiting my mom in Sedona, so he’ll be at his dad’s place, and I’ll be at home rotting my brain to the tune of Bravo reality TV.”",['mulder'],"She It big home weekend mom place, of happens be and the his rotting I just to to brain my Bravo And from I’ll be fall reality to back so visiting no plans. Sedona, on Saturday. TV.” my groans. the so get at tune at Mulder in “A dad’s and he’ll from week Forty-three.","<output>""title"": ""The X-Files: Earth Children Are Weird"",""author"": ""Joe Harris""</output>","The passage provided appears to be heavily scrambled and disjointed, making it difficult to pinpoint its origin. However, based on the tone, vocabulary, and style, I will make a speculative guess.

<output>""title"": ""White Noise"", ""author"": ""Don DeLillo""</output>"
"“Like a room,” I say. “In your house. You said Duke never wanted you to, right? And you’re tired of looking at the same four walls. So pick a wall color, and I’ll come help paint.”",['duke'],"four pick said you’re So same at wall you And come never wanted I your help room,” “Like Duke the say. a “In a and You of tired looking to, house. color, paint.” walls. I’ll right?","<output>""title"": ""Things We Never Got Over"",""author"": ""Lucy Score""</output>","<output>""title"": ""The Great Gatsby"",""author"": ""F. Scott Fitzgerald""</output>"
"There isn’t much else in the room. A bed, a dresser, a side table. I wonder whether Duke took most of the furniture with him. There’s a sadness to this space that I didn’t expect.",['duke'],"dresser, isn’t of Duke whether space him. furniture bed, There a There’s room. a I to took a that A side most in this with sadness wonder I else table. expect. didn’t the the much","<output>""title"": ""Verity"", ""author"": ""Colleen Hoover""</output>","The passage provided appears to be jumbled and does not form coherent text, which makes it challenging to identify its origin. However, based on its structure and potential themes, I will still attempt a guess.

<output>""title"": ""Infinite Jest"",""author"": ""David Foster Wallace""</output>"
