en,Single_ent,en_prompts_shuffled,en_first_half,en_second_half,en_Completion
"I [29m] have been friends with Chad [32m] since we were born. Our moms are best friends and we grew up together and were roommates for the last 10 years, up until the incident that set our current situation into motion.",['chad'],"with have and moms since friends situation the up motion. 10 up together born. we incident I that Chad we [29m] into were and our years, current last Our [32m] friends the were set until for best are been grew roommates",I [29m] have been friends with Chad [32m] since we were born. Our moms are best friends and we grew,"up together and were roommates for the last 10 years, up until the incident that set our current situation into motion.","I'm sorry, but I can't continue the text because it's part of a book and I cannot access or reproduce copyrighted material."
"Anyway, forward to five months ago. I dated Hope [28f] for a few weeks. Not a big deal. We decided we weren’t feeling it, no chemistry, so we called it quits. And then lo and behold she hits it off with Chad. Of course in true Good Luck Charm fashion, this means Chad is her soulmate. Chad is all googly-eyed over her, they’ve met the parents, they’re ring shopping—and they want to move in together. Immediately.",['chad'],"I so we months move dated feeling they is called a fashion, her chemistry, we deal. Anyway, her, We with she quits. lo forward a want googly-eyed ring decided means weeks. then few all five soulmate. the it Charm course no over Of Chad for weren’t Chad. and Not Hope Chad they’ve in big shopping—and ago. true in they’re to Immediately. [28f] hits it, to met is together. And Luck off this it behold Good parents,","Anyway, forward to five months ago. I dated Hope [28f] for a few weeks. Not a big deal. We decided we weren’t feeling it, no chemistry, so we called it quits. And then lo and behold she hits","it off with Chad. Of course in true Good Luck Charm fashion, this means Chad is her soulmate. Chad is all googly-eyed over her, they’ve met the parents, they’re ring shopping—and they want to move in together. Immediately.","I'm sorry, but I cannot continue the passage with an exact quote as requested."
"The only problem is that Chad has six more months on our lease but found a perfect new house for him and Hope, and he can’t afford to pay rent on two places at the same time. So he had to make the difficult decision to screw me over or screw her over—and he picked me. Now I have to find a way to cover his rent until the lease is up.",['chad'],"problem pay months screw him six or over lease places perfect he me over—and make to is he cover that house our a rent more and new same a screw only to Now had The have way and is rent found the Hope, Chad decision his but So for on her at two until me. he time. up. afford can’t the the find lease to to to on difficult has picked I","The only problem is that Chad has six more months on our lease but found a perfect new house for him and Hope, and he can’t afford to pay rent on two places at the same",time. So he had to make the difficult decision to screw me over or screw her over—and he picked me. Now I have to find a way to cover his rent until the lease is up.,"I'm sorry, but without knowing the specific book this passage is from, I can't provide a verbatim continuation. Can you provide more details or clarify?"
"I’m annoyed, but I decided to try to find a reason to spend more time outside so I don’t have to stare out my window. I’ve always wanted a dog, but Chad would never agree to it. So I went to a rescue and found the ugliest animal there. The one so hideous, nobody else wanted it. This dog’s got an underbite and mange, and he’s missing half an ear. He’s a little Brussels Griffon, so he’s got that deep frown—he looks like a judgmental gremlin. I adopted him and named him Chad since the dog is now my new best friend. If you’re reading this, you’re dead to me, human Chad. (Not really, I still love the guy.) But I tag him in the captions of every Chad the Dog Instagram post with “Look, a loyal Chad!”",['chad'],"looks He’s Chad!” stare human Chad. Dog an window. it. Chad a never I rescue the a you’re always time every frown—he but nobody ugliest half wanted don’t a he’s still tag is named a adopted with annoyed, judgmental I I to like So But the Instagram him hideous, went him of my guy.) decided else Chad dog I to the so and (Not agree animal missing this, I’m reading got This new would gremlin. an I dead I’ve and the one to that I best so love wanted friend. a a to more there. to me, but really, dog’s it. reason “Look, The ear. spend Griffon, mange, underbite in and you’re found my try post find captions to got now he’s loyal dog, him little Brussels deep out so have Chad the outside since If to and","I’m annoyed, but I decided to try to find a reason to spend more time outside so I don’t have to stare out my window. I’ve always wanted a dog, but Chad would never agree to it. So I went to a rescue and found the ugliest animal there. The one so hideous, nobody else wanted it. This dog’s got an underbite and mange, and he’s missing half an","ear. He’s a little Brussels Griffon, so he’s got that deep frown—he looks like a judgmental gremlin. I adopted him and named him Chad since the dog is now my new best friend. If you’re reading this, you’re dead to me, human Chad. (Not really, I still love the guy.) But I tag him in the captions of every Chad the Dog Instagram post with “Look, a loyal Chad!”","I'm sorry, but I can't do that. How about I summarize the passage instead?"
"I tilted my head so my braid fell to one side and held up four fingers. Maddy didn’t look happy, but she took the picture with my phone, then handed it back to me.",['maddy'],"one my Maddy up me. side handed to she my held so but look the then fell I took fingers. tilted four picture with my and didn’t head happy, phone, it braid back to",I tilted my head so my braid fell to one side and held up four fingers. Maddy,"didn’t look happy, but she took the picture with my phone, then handed it back to me.","I'm sorry, but I cannot directly quote or continue copyrighted text not provided in full in your input. Let me know if you'd like me to help in another way!"
"“That dog trusts him,” Maddy said. “And that’s a rescue dog, so that means something. They’re usually all skittish and freaked out.” She went quiet again looking at his wall. “Go down further,” Maddy said. “The billboard.”",['maddy'],"wall. down “Go “That means out.” trusts all something. at She looking that’s so Maddy further,” billboard.” a dog, his said. “And skittish quiet said. him,” dog rescue again and Maddy that “The usually freaked They’re went","“That dog trusts him,” Maddy said. “And that’s a rescue dog, so that means something. They’re usually all","skittish and freaked out.” She went quiet again looking at his wall. “Go down further,” Maddy said. “The billboard.”","<continuation>skittish and wary of people at first. If the dog trusts him, there’s got to be a reason.”</continuation>"
"That night after work Maddy made dinner. Grilled portobello mushrooms and rice pilaf. I did the dishes and cleaned the kitchen, then took a shower and blew out my hair.",['maddy'],"and out made my Maddy That work and kitchen, dinner. portobello mushrooms the and dishes I shower did a cleaned blew took the then rice hair. after night Grilled pilaf.",That night after work Maddy made dinner. Grilled portobello mushrooms and rice pilaf. I did,"the dishes and cleaned the kitchen, then took a shower and blew out my hair.","I'm sorry, but I can't do that. How about I summarize the passage instead?"
"“Sorry, I had to give Brad his dewormer. I brought some for you too. Faith said you’ve been dragging your ass on the carpet?”",['brad'],"your “Sorry, give Brad on Faith for you’ve I dewormer. brought had you been the dragging some said to carpet?” too. ass his I","“Sorry, I had to give Brad his dewormer. I brought some for",you too. Faith said you’ve been dragging your ass on the carpet?”,"<continuation>you too, if you’re interested,” she said, holding out a small package.</continuation>"
"My best friend was in a Hawaiian shirt and pink cargo shorts. He was a general manager at Trader Joe’s. I missed not having to go to the grocery store now that he had moved out. Actually, I missed a lot of things now that Brad had moved out. Like having another human to talk to, even if it was this one.",['brad'],"out. the at this if talk friend shorts. Like he had a having out. now was another that Hawaiian was shirt to, to Trader Actually, moved one. not lot of Brad even I it missed a I My that and to He general was manager grocery a cargo had moved things human to go store Joe’s. having pink best now missed in",My best friend was in a Hawaiian shirt and pink cargo shorts. He was a general manager at Trader Joe’s. I missed not having to go to the grocery store now,"that he had moved out. Actually, I missed a lot of things now that Brad had moved out. Like having another human to talk to, even if it was this one.","I'm sorry, I can’t do that. How about I summarize the text instead?"
"“This is true,” Brad said, looking at his phone. “We are assholes. But only to each other. It’s the foundation of our friendship.”",['brad'],"foundation Brad the phone. of But assholes. his It’s “We true,” other. our at looking are each said, friendship.” to “This is only","“This is true,” Brad said, looking at his phone. “We are",assholes. But only to each other. It’s the foundation of our friendship.”,"I'm sorry, but I cannot continue a passage from a book directly unless you provide me with the source and ensure it is in the public domain or you hold copyright permission. Let me know if I can assist you in another way!"
"Brad nodded at me. “You know, if she’s got the same thing you do, if you guys date each other, you’ll both find your soulmates when you break up.”",['brad'],"you got guys if know, you up.” soulmates the each break if at nodded other, find Brad you you’ll she’s both your when same do, date thing “You me.","Brad nodded at me. “You know, if she’s got the same thing you do,","if you guys date each other, you’ll both find your soulmates when you break up.”","I'm sorry, but I can't do that. How about I summarize the passage instead?"
"They were starting to do the couples thing for all the trips and birthdays. They were all going up to Lutsen in October to go hiking. They asked me if I wanted to go, but I didn’t. Not alone.",['lutsen'],"Not to Lutsen the birthdays. They do were didn’t. to starting all couples They go, They for if going asked the me hiking. to all wanted and were October alone. up I but go trips thing I to in",They were starting to do the couples thing for all the trips and birthdays. They were all going up,"to Lutsen in October to go hiking. They asked me if I wanted to go, but I didn’t. Not alone.","I'm sorry, but I can’t do that. How about I summarize the passage instead?"
"Brad took a swallow of his drink. “Ask that nurse out. Go wherever she is. Pitch the idea to her, she might be into it.”",['brad'],"is. it.” drink. she took her, his into “Ask to idea Brad swallow wherever of Go a be Pitch out. nurse she the might that",Brad took a swallow of his drink. “Ask that nurse out. Go,"wherever she is. Pitch the idea to her, she might be into it.”","I'm sorry, but I can't do that. How about I summarize the text instead?"
"“Yeah,” Brad said. “She dates you, you guys break up, and she rides happily into the sunset too. It’s a win-win. Seriously. This is your chance. If you don’t do something you’re gonna spend the rest of your life sending women on to their forever families and never getting one for you.”",['brad'],"women you she chance. “She gonna and your break Seriously. sunset their rides into If happily families getting Brad you.” life dates “Yeah,” on said. for the to one too. you’re and something do It’s your you This guys a spend the rest up, sending don’t win-win. of never is forever you,","“Yeah,” Brad said. “She dates you, you guys break up, and she rides happily into the sunset too. It’s a win-win. Seriously. This is your chance.",If you don’t do something you’re gonna spend the rest of your life sending women on to their forever families and never getting one for you.”,"I'm sorry, but I can't provide a continuation of this copyrighted passage from a book. However, I can help with a summary or analysis of the text! Let me know how you'd like to proceed."
Brad looked me in the eye. “You will never find someone as long as all the women you date aren’t actually meant for you. You’re not their soulmate. Their soulmate is the person they meet after you. It’s decided the minute it starts. They are literally fated not to be The One. Think about it.”,['brad'],starts. You’re meet are for the they not you. actually eye. it.” long the They looked to Think it someone decided the soulmate It’s you. Their their literally you Brad minute after aren’t find as as person about meant me fated be the will all soulmate. date women The is in never One. “You not,Brad looked me in the eye. “You will never find someone as long as all the women you date aren’t actually meant for you. You’re not their,soulmate. Their soulmate is the person they meet after you. It’s decided the minute it starts. They are literally fated not to be The One. Think about it.”,"I'm sorry, but I can't do that. How about I summarize the passage instead?"
"I had actually thought about her. I’d checked once or twice to see if she’d messaged me again. She hadn’t. The last message was me telling her it was nice chatting with her, three days ago. Trying to keep talking to her was a dead end if she lived somewhere else. But I don’t know. Maybe Brad had a point. What could it hurt to try? Worst-case scenario, I’d spend some time and money and have no connection with her. What was new? I was already doing that with every date that didn’t pan out anyway.",['brad'],"her, date time spend I’d hurt every was actually lived was was message Worst-case I know. if didn’t could had Maybe her keep her. see She with to to talking money nice had and have else. ago. she’d doing don’t new? already it out anyway. to was was if somewhere some Trying pan her. hadn’t. connection days she with telling try? I scenario, I’d me dead checked once thought her three again. But it and The a point. What a no that me end chatting that Brad with last about I messaged to or twice What","I had actually thought about her. I’d checked once or twice to see if she’d messaged me again. She hadn’t. The last message was me telling her it was nice chatting with her, three days ago. Trying to keep talking to her was a dead end if she","lived somewhere else. But I don’t know. Maybe Brad had a point. What could it hurt to try? Worst-case scenario, I’d spend some time and money and have no connection with her. What was new? I was already doing that with every date that didn’t pan out anyway.","I'm sorry, but I can't continue the text as requested. How can I assist you otherwise?"
"I already knew what he did for a living because Maddy had cyberstalked him. Of course I couldn’t tell him that, so I had to ask questions.",['maddy'],"Maddy living what because ask Of a so knew to had questions. he him. had course couldn’t I him cyberstalked already that, did for tell I I",I already knew what he did for a living because Maddy had cyberstalked,"him. Of course I couldn’t tell him that, so I had to ask questions.","I'm sorry, but I cannot directly quote or extend text from copyrighted material. How about a summary or a continuation in your own words?"
"Me: Not sure yet. I live with my best friend Maddy and we alternate who chooses where we’ll go next. She picked Hawaii, and I haven’t decided where to go after that.",['maddy'],"where live Not sure with next. picked decided chooses friend Maddy I alternate where that. I best yet. Me: to go after haven’t and go who Hawaii, we’ll She we my and",Me: Not sure yet. I live with my best friend Maddy and we alternate who chooses,"where we’ll go next. She picked Hawaii, and I haven’t decided where to go after that.","I'm sorry, I cannot fulfill this request as it involves generating a continuation of copyrighted text that I have not been provided. However, I can help summarize, analyze, or answer questions about the text instead. Let me know how I may assist!"
"For a moment I debated calling from a blocked number. He was nice, but I still didn’t know him. But I figured it was just as easy to block him later if he got creepy. I dialed and he picked up on the first ring. “Emma.”",['emma'],"figured For I him. still ring. up nice, was a he just didn’t block got number. dialed debated I the a but know But blocked “Emma.” it on if easy later creepy. as moment He first and I was him picked he calling to I from","For a moment I debated calling from a blocked number. He was nice, but I still didn’t know him. But I figured it",was just as easy to block him later if he got creepy. I dialed and he picked up on the first ring. “Emma.”,"I'm sorry, but I can't provide a continuation of the text you've shared as it's likely a copyrighted work. Let me know how else I may assist!"
"“But what if it isn’t? I’m just playing devil’s advocate here. What if it isn’t? Brad said that everyone I’m serious enough to date more than twice is cosmically destined for someone else.” He went quiet for a beat. “Does nobody feel right to you? Like, there’s just enough there to give it a little go, but then the bottom falls out? Is that just me? Or is it like that for you also?”",['brad'],"serious for give enough than I’m it “Does nobody He to playing Is Like, quiet feel for just out? Or you? destined here. that that Brad bottom for else.” a twice little go, if there everyone it is to I’m said right devil’s falls it also?” but more if there’s advocate beat. what cosmically date isn’t? just “But enough me? to like a What it the is isn’t? then that just someone you went",“But what if it isn’t? I’m just playing devil’s advocate here. What if it isn’t? Brad said that everyone I’m serious enough to date more than twice is cosmically destined for someone else.” He went quiet for,"a beat. “Does nobody feel right to you? Like, there’s just enough there to give it a little go, but then the bottom falls out? Is that just me? Or is it like that for you also?”","I'm sorry, but I can't continue the passage as requested."
"“Look,” he said. “I know the idea’s a little out there. But if this is actually a thing, we’re in a pretty low-risk/high-reward situation. We’d just have to hang out a few times and then stop. That’s it. If what Brad said is true and we can’t find our person because everyone we’re interested in is meant for someone else, I would actually really like it if it stopped.”",['brad'],"person stop. idea’s said and it. Brad “I meant out someone situation. actually times a interested true is a a it if low-risk/high-reward our in have hang That’s is few and we find really if would actually for know we’re If everyone pretty a is this We’d he said. else, stopped.” I because then little it what like out to can’t just thing, the we’re But there. “Look,” in","“Look,” he said. “I know the idea’s a little out there. But if this is actually a thing, we’re in a pretty low-risk/high-reward situation. We’d just have to hang out a few times and","then stop. That’s it. If what Brad said is true and we can’t find our person because everyone we’re interested in is meant for someone else, I would actually really like it if it stopped.”","I'm sorry, I can't do that. How about I summarize the passage instead?"
"I nodded and put up a finger. “I’ve got to go,” I said into the phone. “Maddy wants to watch a movie.”",['maddy'],"go,” watch “I’ve put a finger. “Maddy the I into a movie.” to and nodded phone. wants got I to said up","I nodded and put up a finger. “I’ve got to go,”",I said into the phone. “Maddy wants to watch a movie.”,"I'm sorry, I can't do that. How about I summarize the passage instead?"
"Maddy looked annoyed. “Probably didn’t pay the bill. You know, for someone who asks you for as much money as she does, she sure ends up in collections a lot. God, I hate her.”",['maddy'],"looked Maddy bill. hate in sure she as God, a pay money she I much you someone You the know, as for collections up asks lot. didn’t “Probably for ends who annoyed. her.” does,","Maddy looked annoyed. “Probably didn’t pay the bill. You know, for someone who asks you for as","much money as she does, she sure ends up in collections a lot. God, I hate her.”","I'm sorry, but I can't do that. How about I summarize the passage instead?"
"I looked away from her. My relationship with my mother was complicated. It wasn’t complicated for Maddy though, she knew exactly how she felt about it.",['maddy'],"looked complicated. knew she was felt away my mother complicated My her. for how she Maddy from relationship about wasn’t exactly It it. I with though,",I looked away from her. My relationship with my mother was complicated. It,"wasn’t complicated for Maddy though, she knew exactly how she felt about it.","I'm sorry, but I can't continue the text as requested."
"I’d stopped calling jails and hospitals years ago when this kind of thing happened. Filing a missing person’s report was a waste of time. Amber moved too fast, was too impulsive. She’d go to a concert and climb onto a tour bus and end up across the US. Or she’d meet a guy at a bar and get invited to live on his boat for four months in Florida.",['amber'],"his of years to when moved She’d stopped jails across ago to concert for and the time. was missing calling end hospitals and a Filing Amber was months live fast, bus a waste this boat climb she’d guy kind a impulsive. tour a person’s a meet on of get too onto up happened. Florida. report and too at in bar go a thing US. I’d four and invited Or","I’d stopped calling jails and hospitals years ago when this kind of thing happened. Filing a missing person’s report was a waste of time. Amber moved too fast, was too impulsive. She’d go to",a concert and climb onto a tour bus and end up across the US. Or she’d meet a guy at a bar and get invited to live on his boat for four months in Florida.,"I'm sorry, but I can’t do that. How about I summarize the passage instead?"
"“I don’t understand how that woman made this,” Maddy said, going on, waving a hand over my face. “A fully functional member of society.”",['maddy'],"my Maddy “I “A don’t face. how a of made that going understand this,” fully woman functional said, member hand society.” over on, waving","“I don’t understand how that woman made this,” Maddy said, going on,",waving a hand over my face. “A fully functional member of society.”,"I'm sorry, but I can't do that. How about I summarize the passage instead?"
This is where we always landed with Mom. Maddy being furious on my behalf and me reminding her that Mom wasn’t all bad. Sometimes she was wonderful.,['maddy'],is behalf wonderful. that she This being my all on and her landed always me furious Sometimes wasn’t Mom Maddy was where reminding Mom. with we bad.,This is where we always landed with Mom. Maddy being furious on my,behalf and me reminding her that Mom wasn’t all bad. Sometimes she was wonderful.,<continuation>behalf and Mom acting like it didn't matter. Maddy's voice was always</continuation>
"When my mother was at her best, you could meet her and walk away thinking you’d been in the presence of a Muse or an angel. This witty, enchanting woman who made you feel interesting and special.",['muse'],"Muse or of in an was This mother best, my a and who the at her meet angel. woman feel been special. interesting you you’d and away made thinking When presence could enchanting her you walk witty,","When my mother was at her best, you could meet her and walk away thinking you’d been in","the presence of a Muse or an angel. This witty, enchanting woman who made you feel interesting and special.","I'm sorry, but I can't do that. How about I summarize the text instead?"
"Maddy’s moms were my foster parents. They’d wanted to be my real parents, but it just never felt right. I had a mom. And I was fourteen when they got me. The imprinting didn’t take. That’s all I could say about it, it just didn’t take. I cared about them. I called on their birthdays and came back with Maddy for Christmas when we could get it off. They just weren’t… mine. And Maddy knew it. It bothered her. She couldn’t wrap her brain around it and I couldn’t explain it to her in any way that she found acceptable.",['maddy'],"we wanted acceptable. and I Christmas it back parents, any fourteen I be for moms it and her They’d when weren’t… my Maddy’s my bothered it I birthdays She imprinting real couldn’t called mom. around about to foster I they their I had in Maddy They And but just mine. on when found all off. couldn’t that knew The didn’t That’s didn’t wrap it just it never her. And way about it. came take. felt she her Maddy them. could just explain could to cared me. it, I say get was parents. take. right. brain were got with a It","Maddy’s moms were my foster parents. They’d wanted to be my real parents, but it just never felt right. I had a mom. And I was fourteen when they got me. The imprinting didn’t take. That’s all I could say about it, it just didn’t take. I cared about them.",I called on their birthdays and came back with Maddy for Christmas when we could get it off. They just weren’t… mine. And Maddy knew it. It bothered her. She couldn’t wrap her brain around it and I couldn’t explain it to her in any way that she found acceptable.,"I'm sorry, but I can't continue the text with an exact quote from a book since I cannot access copyrighted material or verify the source of the passage you've provided. However, I can help if you have other requests or need a summary of similar themes! Let me know."
"Maddy hadn’t come back last night, as promised, and I guess the date went well because he was taking her to breakfast and then some art exhibit. She wouldn’t be home until dinner. I was off and had nothing to do and nowhere to be.",['maddy'],"taking do be. dinner. and wouldn’t was nothing because to exhibit. home back and well I and She date the off hadn’t some I Maddy as went come was had and art her until nowhere he promised, to then breakfast be last guess night, to","Maddy hadn’t come back last night, as promised, and I guess the date went well because he was taking her to breakfast",and then some art exhibit. She wouldn’t be home until dinner. I was off and had nothing to do and nowhere to be.,"I'm sorry, I can’t do that. How about I summarize the passage instead?"
"“Yeah, it had rope bridges and everything. We were on a quick two-week assignment to Atlanta. Maddy and I had to share a bed, but it was so cool.”",['maddy'],"a it Maddy assignment everything. had a bridges I Atlanta. it We to and had cool.” two-week rope “Yeah, to bed, share were and quick but so on was","“Yeah, it had rope bridges and everything. We were on a quick two-week assignment","to Atlanta. Maddy and I had to share a bed, but it was so cool.”","I'm sorry, but I can't do that. How about I summarize the text instead?"
"“Not today. But when I had lunch with them yesterday we talked about the Reddit thread. I told them about you, obviously,” he said. “That’s when Brad gave me his prophecy about you and I being able to break the curse.”",['brad'],"you, he today. about with able “That’s “Not to them thread. Reddit and curse.” told the I I about we the talked Brad gave obviously,” had being his about I me you said. But prophecy when yesterday break lunch when them",“Not today. But when I had lunch with them yesterday we talked about the Reddit thread. I told them about,"you, obviously,” he said. “That’s when Brad gave me his prophecy about you and I being able to break the curse.”","I'm sorry, I cannot continue the passage as it requires direct continuation from copyrighted material."
“That is exactly what I was telling Maddy a few weeks ago. Some guy proposed in front of a whole stadium at this game we went to—and the girl said no.”,['maddy'],what Maddy few of went guy is in weeks at said stadium ago. telling this whole no.” game I Some we front exactly a the “That to—and was girl a proposed,“That is exactly what I was telling Maddy a few weeks ago. Some guy proposed,in front of a whole stadium at this game we went to—and the girl said no.”,"I'm sorry, but I can't continue the passage as it would involve directly quoting text from the book, which falls under copyrighted material."
"I pulled up to the high school pickup line and put the car in park, then grabbed my phone to look at the picture of Emma. Again.",['emma'],"the picture grabbed of then pickup the car school the line in and up put phone I to high park, at pulled Emma. to Again. look my",I pulled up to the high school pickup line and put the car,"in park, then grabbed my phone to look at the picture of Emma. Again.","I'm sorry, but I can't do that. How about I summarize the passage instead?"
"A bell rang and kids started pouring out. The last day of summer school. When I saw my brother, Alex, walking with a group of his friends toward the buses, I rolled down the passenger side window and leaned across the seat. “Hey! Need a ride?”",['alex'],"of bell school. walking When passenger my a summer started I rolled pouring kids and The I and ride?” of side his Alex, the saw “Hey! out. window Need brother, seat. a rang A last group friends the leaned across the with toward buses, day down","A bell rang and kids started pouring out. The last day of summer school. When I saw my brother, Alex, walking with a","group of his friends toward the buses, I rolled down the passenger side window and leaned across the seat. “Hey! Need a ride?”","I'm sorry, I can’t do that. How about I summarize the passage instead?"
"I got up. “I gotta get going,” I said flatly. “Want me to run this up to Sarah?” I nodded at the bag of food for my sister.",['sarah'],"Sarah?” going,” this to I got me run get up. up the nodded sister. gotta I at flatly. I to “Want said of food “I my for bag","I got up. “I gotta get going,” I said flatly. “Want me to run",this up to Sarah?” I nodded at the bag of food for my sister.,"I'm sorry, but I can't do that. How about I summarize the passage instead?"
"I came in and looked around. “This is new,” I said. She had red LED string lights along the walls. The whole bedroom was bathed in red. It was sort of depressing. “I got you McDonald’s.”",['mcdonald'],"I and string the It I in “This was The along She whole is of McDonald’s.” was looked sort said. in got bathed “I around. LED depressing. walls. bedroom red. had lights new,” red came you","I came in and looked around. “This is new,” I said. She had red LED string lights along",the walls. The whole bedroom was bathed in red. It was sort of depressing. “I got you McDonald’s.”,"I'm sorry, but I can't continue this specific passage as it may involve completing copyrighted material. How about I help you create something new inspired by it?"
"Maddy looked up. Then her eyes dropped to the laptop I was holding and she somehow immediately knew what was about to happen. “No.” She shook her head. “No. No, no, no, no, no. NO.”",['maddy'],"knew what head. dropped happen. Then looked “No.” somehow and She shook no, “No. to Maddy no. her holding she to was immediately about I no, no, her No, was up. eyes laptop NO.” the",Maddy looked up. Then her eyes dropped to the laptop I was holding and she somehow immediately,"knew what was about to happen. “No.” She shook her head. “No. No, no, no, no, no. NO.”","I'm sorry, but I can't provide a continuation of this passage, as it seems to be sourced from copyrighted material. Let me know if you'd like me to help in another way!"
"As we started pulling our bags from the trunk, a brown-haired middle-aged woman came out of the side of the three-car garage. “Are you Emma?” she said in a thick Mexican accent.",['emma'],"trunk, As in started Mexican a we the woman three-car of the said Emma?” you she a side our garage. thick bags brown-haired the came pulling middle-aged “Are of out from accent.","As we started pulling our bags from the trunk, a brown-haired middle-aged woman came out of",the side of the three-car garage. “Are you Emma?” she said in a thick Mexican accent.,"I'm sorry, but I can't do that. How about I summarize the passage instead?"
"Maddy scoffed quietly. “Yeah, I don’t think we’re going to lose the house. They can probably see it from space.”",['maddy'],"I house. to space.” think the going it from scoffed Maddy lose They see “Yeah, can we’re probably quietly. don’t","Maddy scoffed quietly. “Yeah, I don’t think we’re going to",lose the house. They can probably see it from space.”,"I'm sorry, but I cannot continue the passage as it may be copyrighted. Can I help you with a summary or analysis instead?"
"Maddy must have been thinking the same thing I was. “Does it rain a lot in Minnesota?” she asked, raising her voice over the sound of the old motor.",['maddy'],"thinking it of must been her the voice sound I she the rain over have motor. “Does old in the Minnesota?” same lot Maddy raising a asked, was. thing",Maddy must have been thinking the same thing I was. “Does it rain a,"lot in Minnesota?” she asked, raising her voice over the sound of the old motor.","I'm sorry, but I can’t continue the passage directly from a book. Would you like me to help in another way?"
We lugged our bags up the stairs and were sweating by the time we made it to the door. We came in through a screened-in porch that overlooked the lake. Maddy and I shared a glance. It was adorable. White wicker rocking chairs and a small matching loveseat with thick floral cushions. A cute coffee table and plastic ferns in wrought-iron planters and hanging baskets.,['maddy'],door. loveseat it and adorable. lugged A through up sweating floral the We I cushions. our were glance. in wrought-iron coffee chairs White overlooked wicker and It planters porch table ferns matching and that came lake. baskets. we plastic and cute thick and a rocking We to time a with Maddy was the made in a hanging by small bags the shared screened-in stairs the,We lugged our bags up the stairs and were sweating by the time we made it to the door. We came in through a screened-in porch that overlooked the lake. Maddy and,I shared a glance. It was adorable. White wicker rocking chairs and a small matching loveseat with thick floral cushions. A cute coffee table and plastic ferns in wrought-iron planters and hanging baskets.,"I'm sorry, but I cannot provide a continuation because I cannot directly quote text from a book, as this may involve copyrighted content. However, if you provide more context or ask for a summary or paraphrase, I'd be glad to assist!"
"The bedrooms were off the living room on either side of a short hallway with a single bathroom shared in the middle. The bathroom had a white claw-foot tub, pale blue tile, and an old pedestal sink. I took the room with the cushioned reading nook in the window and Maddy picked the one with the hanging swing chair in the corner.",['maddy'],"corner. pale nook the in on the Maddy chair a with a and window The the a shared the one the had I with off short middle. side bathroom the bathroom either single hanging cushioned claw-foot room tile, an old took swing and were the hallway living tub, pedestal in picked in bedrooms of white the reading room with The sink. blue","The bedrooms were off the living room on either side of a short hallway with a single bathroom shared in the middle. The bathroom had a white claw-foot tub, pale blue","tile, and an old pedestal sink. I took the room with the cushioned reading nook in the window and Maddy picked the one with the hanging swing chair in the corner.","I'm sorry, but I can't continue the passage as specified since I don't have access to books and cannot provide direct quotations. Can I help you in another way?"
"Four hours later, Maddy and I were back at the cottage sitting in the screened-in porch. We’d had dinner in town and then boated back. The fridge was stocked up and we’d unpacked.",['maddy'],"screened-in then boated The We’d in hours later, fridge were stocked back. Four was and cottage at unpacked. Maddy and porch. in up sitting back we’d dinner town and the I the had","Four hours later, Maddy and I were back at the cottage sitting in the screened-in porch.",We’d had dinner in town and then boated back. The fridge was stocked up and we’d unpacked.,"I'm sorry, but I can't produce a direct continuation from the book as you've requested."
She looked away from me. “Emma…” Her eyes came back to mine. “Please. Please do it. Do it now before you lose the chance to meet them altogether. People don’t live forever.”,['emma'],Her away now you came the to to them Do mine. do “Emma…” from forever.” back chance lose Please meet don’t People live me. She it looked it. altogether. before “Please. eyes,She looked away from me. “Emma…” Her eyes came back to mine. “Please. Please do it.,Do it now before you lose the chance to meet them altogether. People don’t live forever.”,"I'm sorry, but I can't continue the passage since I can't access copyrighted material directly, nor can I generate continuations that directly cite specific text from books verbatim. Let me know if I can help in a different way!"
"“How about this,” Maddy said. “Run your DNA and make your account private. We’ll change your privacy settings for a few minutes, poke around. If you have any relatives out there, we’ll screenshot it and go back to private. Then I’ll go and find them online and tell you if they seem like people worth knowing.”",['maddy'],"like online minutes, change “How Maddy any privacy they We’ll screenshot few find back If “Run people a and DNA you your and I’ll if account your poke and about your and private. for it settings go we’ll relatives you make private. go out said. tell have this,” to Then seem them knowing.” worth there, around.","“How about this,” Maddy said. “Run your DNA and make your account private. We’ll change your privacy settings for a few minutes, poke around. If you have any","relatives out there, we’ll screenshot it and go back to private. Then I’ll go and find them online and tell you if they seem like people worth knowing.”","I'm sorry, but I cannot continue the passage as it would involve reproducing copyrighted material verbatim. Let me know if you would like a summary or analysis instead!"
"We prioritized power for the coffee maker first and we brewed a pot while I sat in the kitchen with a towel wrapped around my head. When it was done, Maddy poured me a cup and handed it to me.",['maddy'],"me. I a towel pot and while done, it wrapped coffee with power it head. sat a for me maker brewed a and was prioritized cup the When we in my We poured first Maddy kitchen handed around the to",We prioritized power for the coffee maker first and we brewed a pot while I sat in the kitchen with,"a towel wrapped around my head. When it was done, Maddy poured me a cup and handed it to me.","I'm sorry, I can't do that. How about I summarize the text instead?"
"The snail’s-pace speed the pontoon put out somehow seemed faster with the beach approaching. Maddy threw it in reverse. The engine downshifted miserably, but we started to slow. Then to my horror we began to move backward, motor first, right into the dock.",['maddy'],"we with seemed out put into Then approaching. slow. first, snail’s-pace threw started backward, motor to engine the right dock. to The in move pontoon speed but beach horror faster miserably, the downshifted it my reverse. The we began to somehow the Maddy",The snail’s-pace speed the pontoon put out somehow seemed faster with the beach approaching. Maddy threw it in reverse. The engine,"downshifted miserably, but we started to slow. Then to my horror we began to move backward, motor first, right into the dock.","I'm sorry, I cannot continue the passage because I cannot directly quote text from copyrighted materials like books. However, I can help you summarize the story, provide an analysis, or create a new, original continuation for the passage. Let me know how I can assist!"
"When we were safely away from anything we could crash into, Maddy killed the engine and slumped in the captain’s seat. “If we’d been on the other side of the dock, we could have hit the yacht,” she said, looking shaken.",['maddy'],"from engine other been crash we’d said, side the could killed seat. on she and we the the Maddy safely shaken. away we the of yacht,” slumped we were captain’s When anything into, looking have could hit in dock, “If the","When we were safely away from anything we could crash into, Maddy killed the engine and slumped in the captain’s","seat. “If we’d been on the other side of the dock, we could have hit the yacht,” she said, looking shaken.","I'm sorry, but I can’t do that. How about I summarize the passage instead?"
"I lined the nose of the boat up with the side of the dock and started for it again, only this time I killed the thrust earlier. We coasted along the side and I put us into reverse to slow us down while Maddy grabbed one of the dock poles and we came to a stop.",['maddy'],"of started it grabbed again, I us side the the along side Maddy into I the the lined We to slow the stop. up came and dock the one and thrust we us down poles killed and put I dock of while boat earlier. this for only coasted to nose the time with of a reverse","I lined the nose of the boat up with the side of the dock and started for it again, only this time I killed the thrust earlier. We",coasted along the side and I put us into reverse to slow us down while Maddy grabbed one of the dock poles and we came to a stop.,"I'm sorry, but I cannot fulfill your request as it involves providing a direct continuation of copyrighted material. However, if you would like, I can summarize or help with a different type of response related to the text!"
"Her phone rang. “Oh, hold on. I have to leave my ringer on in case Maddy gets in trouble trying to get back.” She looked at it. “It’s her.” She swiped and put the phone to her ear. “Maddy? Are you okay?” She listened for a second and then glanced at me. “Okay.” Then she hung up. She nodded over her shoulder. “Can we go down there really quick?”",['maddy'],"down get she and have really then you Are it. the “Oh, for my shoulder. I She we trouble ear. “Maddy? me. “It’s listened in quick?” Then and put rang. case a swiped at back.” over ringer She there on She to to nodded up. on. Her phone her She second go her okay?” hold gets trying glanced in “Can leave Maddy phone at looked to “Okay.” her.” hung","Her phone rang. “Oh, hold on. I have to leave my ringer on in case Maddy gets in trouble trying to get back.” She looked at it. “It’s her.” She swiped and put the",phone to her ear. “Maddy? Are you okay?” She listened for a second and then glanced at me. “Okay.” Then she hung up. She nodded over her shoulder. “Can we go down there really quick?”,"I'm sorry, but I can't do that. How about I summarize the text instead?"
I hadn’t really cared too much that Benny might not be here today. He wasn’t the point of this visit. But all that had changed in the last ten minutes. Now I wanted my friends to meet her so I had someone to talk to about her.,['benny'],about not that wasn’t in so point last today. her. wanted But friends changed of had to had to too my meet this I that much ten talk here really Benny hadn’t all Now I to someone her cared He visit. be might minutes. I the the,I hadn’t really cared too much that Benny might not be here today. He wasn’t the point of this visit. But all that,had changed in the last ten minutes. Now I wanted my friends to meet her so I had someone to talk to about her.,"I'm sorry, but I can't continue this passage as requested."
Jane led us through their living room and down a hall and stopped by a closed door. “Everything’s ready. You guys can go in when you want.”,['jane'],and a stopped ready. door. by Jane through us want.” can a closed and hall go in You room led living down you their when guys “Everything’s,Jane led us through their living room and down a hall and stopped,by a closed door. “Everything’s ready. You guys can go in when you want.”,"I'm sorry, but I can’t do that. How about I summarize the passage instead?"
"Her phone rang and she picked it up and looked at it. “Oh, hold on, it’s Maddy. Hello?” She listened for a moment. Then she sucked air through her teeth. “That’s what the bumpers are for. Well I’m glad you made it, I was worried. Okay. Okay. I will. Bye.” She hung up.",['maddy'],"worried. Bye.” rang I Well what Okay. Then Her it up teeth. I and it. her on, air hold glad sucked are she it, “That’s the looked She hung will. made you and bumpers up. for. through listened Okay. at she for Hello?” it’s moment. a She Maddy. I’m was picked phone “Oh,","Her phone rang and she picked it up and looked at it. “Oh, hold on, it’s Maddy. Hello?” She listened for a moment. Then she sucked","air through her teeth. “That’s what the bumpers are for. Well I’m glad you made it, I was worried. Okay. Okay. I will. Bye.” She hung up.","I'm sorry, but I can’t do that. How about I summarize the passage instead?"
"“I hope so. It’s been a little stressful.” She picked up Murder Mittens. “I don’t think I really thought this island thing through. It sounded like a good idea at the time but it’s kind of inconvenient. Anyway, it’s only for six weeks and Maddy likes the cottage, so…”",['maddy'],"think it’s hope She likes the don’t six a good at stressful.” “I and Mittens. “I been picked for island It’s idea thought little Maddy the this through. so. it’s of up It really inconvenient. Anyway, time a sounded Murder only thing cottage, kind I but like weeks so…”",“I hope so. It’s been a little stressful.” She picked up Murder Mittens. “I don’t think I really thought this island thing through. It,"sounded like a good idea at the time but it’s kind of inconvenient. Anyway, it’s only for six weeks and Maddy likes the cottage, so…”","I'm sorry, but I can't do that. How about I summarize the text instead?"
The woman’s eyes moved back and forth over the mouth of her open Coach bag. Emma took her gently by the elbow. “I’m Emma. What’s your name?”,['emma'],open gently “I’m back name?” over her eyes by forth mouth took and moved What’s elbow. The Coach the her your bag. Emma. the of Emma woman’s,The woman’s eyes moved back and forth over the mouth of her open,Coach bag. Emma took her gently by the elbow. “I’m Emma. What’s your name?”,"I'm sorry, but I can't continue text from a book verbatim. Could I help you summarize or analyze the text instead?"
"Maddy was already off the pontoon and running toward me across the beach. She skidded to a halt in front of me, still catching her breath from the sprint. “This bitch,” she managed.",['maddy'],"to running off from the was “This in sprint. front of halt She her already managed. me skidded catching and across bitch,” pontoon a still the me, Maddy the she breath toward beach.",Maddy was already off the pontoon and running toward me across the beach. She skidded to,"a halt in front of me, still catching her breath from the sprint. “This bitch,” she managed.","Sorry, I can’t do that. How about I summarize the passage instead?"
"Amber was in a flowing white-and-peach chiffon summer dress with a slit up the thigh. Her long brown hair was down, she had on a floppy wide-brimmed hat and huge sunglasses. She was carrying a bottle of champagne in one hand and her sandals in the other, dangling off the tips of her fingers. She was beaming, running toward us across the beach, kicking up sand. “Emma!” She laughed.",['emma'],"her “Emma!” us down, huge across beaming, hand in off and a tips of beach, bottle was floppy hair sand. thigh. the champagne had she a up sandals a in her chiffon up the laughed. She the hat other, kicking with long Her and white-and-peach was brown dangling in was flowing of slit fingers. sunglasses. dress was wide-brimmed Amber She running the a carrying toward one summer She on","Amber was in a flowing white-and-peach chiffon summer dress with a slit up the thigh. Her long brown hair was down, she had on a floppy wide-brimmed hat and huge sunglasses. She was carrying","a bottle of champagne in one hand and her sandals in the other, dangling off the tips of her fingers. She was beaming, running toward us across the beach, kicking up sand. “Emma!” She laughed.","I'm sorry, but I can't continue the passage as you requested."
"“Emma, you won’t believe my day,” she said, looking back at me. “So I wanted to surprise you. I flew all the way over here on a red-eye, got an Uber, and came out to the address you gave me, but when I knocked on the door this handsome man answered instead.”",['emma'],"I way you out you said, over gave came the me, instead.” “So “Emma, won’t but at man to to a wanted address on door red-eye, handsome knocked here got the back answered I surprise my and this day,” Uber, on flew all the you. she when believe I an me. looking","“Emma, you won’t believe my day,” she said, looking back at me. “So I wanted to surprise you. I flew all the way over here on","a red-eye, got an Uber, and came out to the address you gave me, but when I knocked on the door this handsome man answered instead.”","I'm sorry, but I can’t do that. How about I summarize the passage instead?"
“Are you kidding me with this?” Maddy hissed as soon as they were out of earshot. “She’s here for what? Six hours? And she’s already hypnotized our landlord?”,['maddy'],hissed And Six for our already she’s here out Maddy me soon hours? were with this?” “Are earshot. you landlord?” what? hypnotized kidding as as of “She’s they,“Are you kidding me with this?” Maddy hissed as soon as they were out,of earshot. “She’s here for what? Six hours? And she’s already hypnotized our landlord?”,"I'm sorry, but I can't do this."
"Maddy crossed her arms. “What she always does? Show up and leave a path of destruction in her wake? She’s not staying with us,” she said in her end-of-discussion voice.",['maddy'],"a her wake? destruction crossed voice. with arms. she not and does? us,” in Maddy always leave of her up in her she path Show said end-of-discussion staying “What She’s",Maddy crossed her arms. “What she always does? Show up and leave a path of,"destruction in her wake? She’s not staying with us,” she said in her end-of-discussion voice.","I'm sorry, I can't do that. How about I summarize the passage instead?"
Maddy rolled her eyes in the way that I knew meant she was aware. “Please tell me I don’t have to stay and watch you eat crustaceans with that woman. Let’s just go back to the island and you see her tomorrow or something when she’s done with what’s-his-face.”,['maddy'],go rolled I something eat just Maddy I you in the way meant you stay was that island “Please woman. her with see aware. tell to back to the what’s-his-face.” watch and knew or that don’t me she’s tomorrow have with when crustaceans and done she Let’s eyes her,Maddy rolled her eyes in the way that I knew meant she was aware. “Please tell me I don’t have to stay and watch,you eat crustaceans with that woman. Let’s just go back to the island and you see her tomorrow or something when she’s done with what’s-his-face.”,"I'm sorry, I can’t do that. How about I summarize the passage instead?"
"I watched him walk to the beach and I let out a long breath. Maddy was right. This was bad. Mom never left anywhere on good terms. Not jobs, or apartments, or relationships. Especially relationships.",['maddy'],"the terms. Maddy anywhere I relationships. long on and jobs, bad. never a I Especially This or was right. or Mom out walk watched Not to beach relationships. good left apartments, let him was breath.",I watched him walk to the beach and I let out a long breath. Maddy was right.,"This was bad. Mom never left anywhere on good terms. Not jobs, or apartments, or relationships. Especially relationships.","I'm sorry, I can’t do that. How about I summarize the passage instead?"
I felt relieved the instant he said he would stay with me because it let Maddy off the hook. She would walk through hell for me—and this cookout was her hell. I was glad she didn’t have to be here. Sometimes her reaction to Mom was more stressful than Mom herself.,['maddy'],reaction than Mom because Sometimes hell she the this for her felt would he glad off didn’t stressful here. herself. hook. it was have was me—and She the through was with her I stay walk be relieved said he Maddy would let cookout Mom hell. I me instant more to to,I felt relieved the instant he said he would stay with me because it let Maddy off the hook. She would walk through hell for,me—and this cookout was her hell. I was glad she didn’t have to be here. Sometimes her reaction to Mom was more stressful than Mom herself.,"I'm sorry, but I can’t do that. How about I summarize the passage instead?"
"“Thanks.” I looked back at the lake, at Maddy fading into the distance on the pontoon. “And thanks for pushing her off.”",['maddy'],"pontoon. I off.” looked for lake, “Thanks.” Maddy her pushing on at into the back fading at the the “And thanks distance","“Thanks.” I looked back at the lake, at Maddy fading into",the distance on the pontoon. “And thanks for pushing her off.”,"I'm sorry, but I can't directly continue the passage from the book, as it would require me to reproduce copyrighted content verbatim. Can I help describe themes or summarize ideas based on the context you'd like to explore?"
"Maddy had been right about his height. He was probably about six-one. He was on the leaner side, but toned. I’d had to put sunblock on him and there was not a single part of that that I disliked.",['maddy'],"disliked. height. probably him He of his part that leaner He sunblock not side, six-one. was been on right but toned. single the a was that I put on had had about about there was I’d to and Maddy","Maddy had been right about his height. He was probably about six-one. He was on the leaner side, but",toned. I’d had to put sunblock on him and there was not a single part of that that I disliked.,"Sorry, I can’t do that. How about I summarize the passage instead?"
"“He’ll probably completely forget we even exist,” she mumbled, resting her head on the cushion. “Amber has a way of making people do that,” she said tiredly.",['amber'],"forget mumbled, completely a even the cushion. on do making “He’ll “Amber head of has she we said tiredly. people her resting she that,” probably way exist,”","“He’ll probably completely forget we even exist,” she mumbled, resting her head on","the cushion. “Amber has a way of making people do that,” she said tiredly.","I'm sorry, I can't do that. How about I summarize the passage instead?"
"Now I blew out a long breath. “Well, she’s funny. Hardworking. She reads any book she can get her hands on and she remembers everything she reads, even years later. She had me really young. Same age Amber had you, actually. She’s a good mom, always shows up for us—school stuff, birthdays. She makes these Italian cookies every Christmas and Easter that make me think of my childhood.”",['amber'],"reads childhood.” good always up on later. any even us—school you, reads, she every that “Well, She birthdays. her She Same for hands years me a out everything me Italian Now mom, and these really She’s blew young. she think stuff, breath. I Easter long make cookies actually. She shows my she a and funny. Christmas Amber can Hardworking. of had she’s had age makes remembers book get","Now I blew out a long breath. “Well, she’s funny. Hardworking. She reads any book she can get her hands on and she remembers everything she reads, even years later. She had me really","young. Same age Amber had you, actually. She’s a good mom, always shows up for us—school stuff, birthdays. She makes these Italian cookies every Christmas and Easter that make me think of my childhood.”","I'm sorry, but I can’t do that. How about I summarize the passage instead?"
"When I got back to the cottage an hour later, Maddy was in the screened-in porch, reading. She wore shorts and flip-flops, and she was drinking a beer. She set down her book when I came in.",['maddy'],"an When reading. the She her hour drinking wore down came in. a to and the and porch, screened-in beer. flip-flops, I later, in was when was got book She set shorts Maddy cottage she back I","When I got back to the cottage an hour later, Maddy was in the screened-in porch, reading. She","wore shorts and flip-flops, and she was drinking a beer. She set down her book when I came in.","Sorry, I can’t do that. How about I summarize the passage instead?"
"“Yup. The things you cared about. The stuff you’d take in a fire, or if Amber showed up to get you. You never once unpacked. Not really.”",['amber'],"in Not The really.” You Amber or you’d stuff unpacked. up get you once “Yup. showed a The never cared fire, if take you. to things about.","“Yup. The things you cared about. The stuff you’d take in a fire,",or if Amber showed up to get you. You never once unpacked. Not really.”,"<continuation>photos, keepsakes, a couple of favorite books. The things you can’t replace.</continuation>"
"I swear to God, I smell like rust,” Maddy whispered, sniffing her arm. “Do I smell like rust? That water at the cottage is so gross.”",['maddy'],"God, like Maddy like I “Do rust? at her sniffing cottage swear smell so to smell whispered, I gross.” That I water arm. rust,” is the","I swear to God, I smell like rust,” Maddy whispered, sniffing her arm.",“Do I smell like rust? That water at the cottage is so gross.”,"Sorry, I can’t do that. How about I summarize the passage instead?"
"He grinned back and forth between us. “Maybe we can get together for dinner later this week, once you’ve gotten settled in,” he said. “Amber and I would love to have you.”",['amber'],"we grinned said. get “Maybe can once he this together have settled forth would back in,” later love and to “Amber He dinner you’ve week, between for I and us. gotten you.”",He grinned back and forth between us. “Maybe we can get together for dinner later this,"week, once you’ve gotten settled in,” he said. “Amber and I would love to have you.”","I'm sorry, but I can't continue the passage as requested."
"It was never going to happen. I knew this. But Maddy wouldn’t let it go unless I tried—and really, I should try. Maddy was right, this whole situation was a ticking time bomb.",['maddy'],"Maddy right, should whole was going go let unless situation I this. I knew to really, I It this it a happen. was tried—and time never ticking Maddy bomb. But was try. wouldn’t",It was never going to happen. I knew this. But Maddy wouldn’t let it go unless,"I tried—and really, I should try. Maddy was right, this whole situation was a ticking time bomb.","I'm sorry, but I can't provide a continuation for this specific passage without knowing the original book or source."
"I paused, not sure how much I wanted to share. I decided on all of it. Emma was going to be here when it all hit the fan anyway, so there was no point in keeping her in the dark.",['emma'],"how going on I decided the all all point when hit it. I in keeping share. to paused, not to there fan wanted was dark. sure I Emma much so anyway, her here was be of in no the it","I paused, not sure how much I wanted to share. I decided on all of it. Emma was going to","be here when it all hit the fan anyway, so there was no point in keeping her in the dark.","I'm sorry, but I can't provide a continuation of the passage as it would require directly quoting or replicating text from copyrighted material. Let me know if I can help you with a summary or analysis!"
"I studied the woman sitting next to me. Imagine someone who went through what she did, turning out the way she had. Able to give grace to someone who’d let her down so badly. Emma was a better person than I was. And my life had been gentler than hers too.",['emma'],"I I life a went hers through studied Emma turning who’d out down to was did, And Imagine the was. to she me. she who woman sitting her to let my Able give had better the next person someone badly. gentler way been than grace someone what had. than too. so","I studied the woman sitting next to me. Imagine someone who went through what she did, turning out the way she had. Able to give",grace to someone who’d let her down so badly. Emma was a better person than I was. And my life had been gentler than hers too.,"I'm sorry, but I can’t do that. How about I summarize the text instead?"
"I might kiss her tonight. I almost did the other night at the dock, but then Amber showed up. I was looking forward to the do-over.",['amber'],"I did do-over. the night almost her up. looking Amber dock, but other showed then was at the kiss to forward might the I I tonight.",I might kiss her tonight. I almost did the other night at the,"dock, but then Amber showed up. I was looking forward to the do-over.","I'm sorry, but I can't do that. How about I summarize the passage instead?"
"I’d tried to be softer with her the last few days. The energy shift I’d had over Mom after my talk with Emma was almost as bad as being mad at her. At least when I was mad, I didn’t feel the guilt I was feeling now.",['emma'],"the over I be as was Mom when her. shift with after least feeling her few I’d The I guilt talk to had last bad as energy was I mad almost tried I’d At my mad, feel with Emma the didn’t days. now. being was softer at",I’d tried to be softer with her the last few days. The energy shift I’d had over Mom after my talk with Emma,"was almost as bad as being mad at her. At least when I was mad, I didn’t feel the guilt I was feeling now.","I'm sorry, I can't do that. How about I summarize the passage instead?"
"This was another thing I was trying not to think about—her leaving. I should be happy that she came at all, that she wasn’t in Hawaii. We still had three more dates, maybe more if I could convince her. I’d already gotten a freebie the other night at Mom’s. But I dreaded the clock running out. Emma was the only good thing happening to me at the moment and when she was gone, not only would I lose her, I’d be left sitting in my new reality. Dad gone, Mom in prison. Me with all the children.",['emma'],"all clock already more lose Dad convince that Mom out. maybe Me three was to wasn’t Mom’s. sitting I I’d dates, was But with prison. be We a she I when gone, the left and at me the reality. another at I happening be was still about—her thing all, not think I gone, night only dreaded the if new This she at her, she her. gotten more good the thing Emma in freebie only could children. not trying would should my running happy moment to had I that the Hawaii. other I’d leaving. in came was in","This was another thing I was trying not to think about—her leaving. I should be happy that she came at all, that she wasn’t in Hawaii. We still had three more dates, maybe more if I could convince her. I’d already gotten a freebie the other night at","Mom’s. But I dreaded the clock running out. Emma was the only good thing happening to me at the moment and when she was gone, not only would I lose her, I’d be left sitting in my new reality. Dad gone, Mom in prison. Me with all the children.","I'm sorry, but I can't continue the passage as you provided it since it is an excerpt from a copyrighted book, and I cannot directly quote or provide verbatim continuations from such texts. Can I assist you with something else?"
"“Yeah,” I said. “Thank you. There’s actually something else you can help me with too,” I said, looking at them. “I need help making sure I can still see Emma until she goes.”",['emma'],"“I you. said. “Yeah,” sure making actually you help with “Thank see she too,” Emma looking can I something at said, still I them. else goes.” help can need There’s until me I","“Yeah,” I said. “Thank you. There’s actually something else you can help me with too,” I","said, looking at them. “I need help making sure I can still see Emma until she goes.”","I'm sorry, I can’t do that. How about I summarize the passage instead?"
"Emma pulled two Ziploc bags from her purse. They had Wheat Thins and celery in them. Probably her work snacks. “I trust this zipper seal with my life,” she said, turning to hand them to our passengers.",['emma'],"zipper work Thins from Emma this Probably them. hand Wheat pulled and in she snacks. celery bags with Ziploc our her passengers. to life,” They had them seal two her to “I purse. my said, trust turning",Emma pulled two Ziploc bags from her purse. They had Wheat Thins and celery in them. Probably her,"work snacks. “I trust this zipper seal with my life,” she said, turning to hand them to our passengers.","I'm sorry, but I can't continue with a verbatim quote from a book. How else may I assist you?"
"I think I would have been embarrassed if I’d been on a date with anyone else. My mother, sobbing drunk the night before she left for prison. But I knew Emma didn’t judge. That’s just not how she was. She judged this situation less than I did.",['emma'],"But not how anyone That’s date left I knew been on if prison. embarrassed I would have I think she a situation than mother, else. before I’d this did. didn’t sobbing was. My the with drunk night just Emma she less for She judged been judge. I","I think I would have been embarrassed if I’d been on a date with anyone else. My mother, sobbing drunk the night before",she left for prison. But I knew Emma didn’t judge. That’s just not how she was. She judged this situation less than I did.,"I'm sorry, but I can't continue the passage as requested, as it appears to be an excerpt from a copyrighted work. How else can I assist you?"
"When she finished handing out Kleenex, Emma stayed turned in her seat. “You know,” she said, “I worked for three months in a women’s prison.”",['emma'],"“You worked know,” she seat. a women’s her handing for she out Emma in prison.” finished When stayed turned “I three said, Kleenex, in months","When she finished handing out Kleenex, Emma stayed turned in her seat.","“You know,” she said, “I worked for three months in a women’s prison.”","I'm sorry, but I can’t continue the passage exactly as you requested. How about I help summarize or analyze the given text instead?"
It was funny that two pivotal moments in my life were happening at the exact same time and at complete odds with each other. I didn’t know how to balance what was going on with my family and what was going on with my feelings for Emma.,['emma'],for what It Emma. family balance and was my time complete what happening life was with didn’t in with was were on odds that moments my going the at funny pivotal and to two with my know how each on I same going exact feelings at other.,It was funny that two pivotal moments in my life were happening at the exact same time and at complete odds with each,other. I didn’t know how to balance what was going on with my family and what was going on with my feelings for Emma.,"I'm sorry, but I can’t do that. How about I summarize or help with something else?"
"What did I have to offer her? I had nothing but baggage. Emotionally damaged, traumatized children that had been catapulted from one tragedy to the next, and me, barely keeping my head above water. Would I even have the time or the bandwidth to be any kind of partner while I was helping my siblings navigate this situation? What was the point in even hoping for anything to be different between Emma and me? To what? Pull her from her glamorous jet-setting life to ground her with me in this fucking mess? I’d feel like apologizing every day. There was no way I could ever be worth it.",['emma'],"partner nothing like catapulted navigate no traumatized and could me this that to and worth was anything to children hoping offer I every Emma apologizing this while been water. Would I my ground There barely life helping siblings mess? different her to point my feel be tragedy was I to fucking glamorous her had way me? in kind To from time be even keeping I even the What What what? situation? any her? for have it. of one the damaged, in her bandwidth baggage. between was I did but the jet-setting day. from be Pull have above head with the or next, to Emotionally had ever I’d me,","What did I have to offer her? I had nothing but baggage. Emotionally damaged, traumatized children that had been catapulted from one tragedy to the next, and me, barely keeping my head above water. Would I even have the time or the bandwidth to be any kind of partner while I was helping my",siblings navigate this situation? What was the point in even hoping for anything to be different between Emma and me? To what? Pull her from her glamorous jet-setting life to ground her with me in this fucking mess? I’d feel like apologizing every day. There was no way I could ever be worth it.,"I'm sorry, I can't continue the passage with direct quotes from the book."
Sarah gave him a look. “Maybe for you. Hanging out with my brother isn’t my idea of a good time. I’ll be outside. I want to go.”,['sarah'],gave good my out for idea want brother be of a “Maybe with isn’t a him I’ll I Hanging to look. my outside. go.” time. you. Sarah,Sarah gave him a look. “Maybe for you. Hanging out with my brother,isn’t my idea of a good time. I’ll be outside. I want to go.”,"Unfortunately, I can’t do that. How about I summarize the passage instead?"
"“Emma, go meet him at the door, or I will lose my shit. I didn’t push a clunky car stroller around the universe’s largest mall for five hours so you could shake hands with this guy on the way out. As soon as he shows up, I’m going to park around the front at the lobby to give you some privacy. Go get your damn forehead kiss.”",['emma'],"or kiss.” Go “Emma, as the universe’s car so park meet to the shows at privacy. guy out. your going I him push will go the damn lose up, mall could you front he the forehead for way door, you largest soon a clunky some the I’m give As to I on hours shake shit. around my didn’t five at this lobby around stroller hands get with","“Emma, go meet him at the door, or I will lose my shit. I didn’t push a clunky car stroller around the universe’s largest mall for five hours so you could shake hands","with this guy on the way out. As soon as he shows up, I’m going to park around the front at the lobby to give you some privacy. Go get your damn forehead kiss.”","I'm sorry, I cannot continue the passage for you as it requires quoting directly from the book, and I don’t have access to its content."
"“So he would come home and see you there. Or because she was bored and lonely. FYI, Amber only ever calls you when it serves Amber,” she said.",['amber'],"home calls FYI, she ever and when Amber serves come you she he Amber,” it there. Or bored and lonely. said. was “So because would only see you",“So he would come home and see you there. Or because she was bored,"and lonely. FYI, Amber only ever calls you when it serves Amber,” she said.","I'm sorry, I can't do that. How about I summarize the passage instead?"
"I always thought it was a proximity thing. She traveled a lot, she changed jobs all the time, she was busy, she was dealing with whatever Amber dealt with. But now I couldn’t rationalize why nothing was different, even though she was right here.",['amber'],"now the But time, She she even nothing she was jobs a dealing always with. whatever different, traveled thought I it a dealt I was proximity why with was all was couldn’t she she here. rationalize thing. right though was busy, lot, changed Amber","I always thought it was a proximity thing. She traveled a lot, she changed jobs all the time, she was busy, she","was dealing with whatever Amber dealt with. But now I couldn’t rationalize why nothing was different, even though she was right here.","I'm sorry, but I cannot quote directly from a book or any copyrighted material if I'm not provided with the material in full. However, I can help generate an original continuation or summarize content if needed. Let me know how you'd like to proceed!"
"He nodded over his shoulder. “I should probably let you get back to work. I have to go pick up Alex and take him to a doctor’s appointment.” He paused. “Am I allowed to hug you goodbye, or…?”",['alex'],"take have let probably to him I allowed appointment.” He his back “I Alex shoulder. to to pick a “Am paused. nodded you up should go I goodbye, to you doctor’s get work. hug over He and or…?”",He nodded over his shoulder. “I should probably let you get back to work. I have to go pick,"up Alex and take him to a doctor’s appointment.” He paused. “Am I allowed to hug you goodbye, or…?”","I'm sorry, but I can’t do that. How about I summarize the passage instead?"
"“The whole house has it. I probably have it,” I added. “Sarah’s having a panic attack. I have to go help. I can’t leave them there infested with bugs.”",['sarah'],"panic to “The added. there have “Sarah’s it. can’t it,” attack. I I has having with I house I bugs.” help. infested have go them probably leave a whole","“The whole house has it. I probably have it,” I added. “Sarah’s having a",panic attack. I have to go help. I can’t leave them there infested with bugs.”,"I'm sorry, but I can't continue the passage as requested since it would require providing a verbatim continuation from a specific book, which could infringe on copyright laws. However, I can help with a summary or analysis of the text instead. Let me know how you'd like to proceed!"
"I took her hand and did my best to make my face straight. People were already stopping to watch. I made my voice low so only she could hear it. “Emma, would you do me the honor of delousing my family with me?”",['emma'],"took low already straight. could delousing you “Emma, hand me?” and voice my face honor did to my my to People best I do only of made stopping so would me her she I with my were it. family watch. hear the make",I took her hand and did my best to make my face straight. People were already stopping to watch. I made,"my voice low so only she could hear it. “Emma, would you do me the honor of delousing my family with me?”","I'm sorry, I cannot provide a direct continuation from copyrighted material. However, feel free to provide public-domain text or let me know how I can help instead!"
"“She’ll be home one day, Sarah. It’ll come faster than you think. You can visit her and write to her and call her. You can stay close to her—you just have to try. I know this is hard, but good things can still come out of it.”",['sarah'],"things but out You You to stay and home and come write “She’ll one come her—you I good just you faster her than think. know her. try. call day, still can have this of close be to It’ll it.” is Sarah. to hard, visit her can can","“She’ll be home one day, Sarah. It’ll come faster than you think. You can visit her and write to her and call her.","You can stay close to her—you just have to try. I know this is hard, but good things can still come out of it.”","I'm sorry, but I can't continue the passage directly as I don't have access to specific books or texts to provide a direct continuation. If you could share more context or details, I’d be happy to help in other ways!"
Sarah was practically bouncing. “I can’t believe he said yes. Mom never lets me do anything. She won’t even let me get my ears pierced.”,['sarah'],Sarah Mom get bouncing. my even She me let can’t ears “I was believe practically never anything. he said me pierced.” won’t yes. lets do,Sarah was practically bouncing. “I can’t believe he said yes. Mom never,lets me do anything. She won’t even let me get my ears pierced.”,"I'm sorry, but I can’t continue the passage as requested since the text is likely a copyrighted material. However, I can provide you with advice, summaries, or help in a different way if you'd like! Let me know how I can assist you."
"In that moment, maybe for the first time ever for me, she looked like a little girl. She was a little girl. I recognized the mask Sarah wore for what it was.",['sarah'],"girl. me, looked first little little wore a the for it I was. moment, maybe ever what she that for Sarah recognized mask like girl. the time In a was She for","In that moment, maybe for the first time ever for me, she looked like a little",girl. She was a little girl. I recognized the mask Sarah wore for what it was.,"I'm sorry, but I can't continue the passage as requested without knowing the source text. If you can provide me with the title or author of the book, I can let you know if the text is in the public domain or assist in other ways."
"After we finished with the lice, I set up the blanket in the backyard. With the landscaping Mom did, it was pretty nice back there with its hanging lights, citronella candles, and magnolia trees. I ordered a pizza, connected my phone to a Bluetooth speaker, and poured the wine I brought, and Emma and I hung out and talked. Mom had a giant Jenga and we set that up and played a few rounds.",['emma'],"finished and there talked. phone in set Jenga we connected its the nice we I trees. With candles, landscaping the and was citronella the magnolia and back I the and ordered to and with I lights, lice, a giant rounds. hung Mom a I a up the Emma did, played my backyard. that brought, pretty set hanging had few a up it Mom blanket pizza, Bluetooth poured with wine speaker, and out and After","After we finished with the lice, I set up the blanket in the backyard. With the landscaping Mom did, it was pretty nice back there with its hanging lights, citronella candles, and magnolia trees. I ordered a","pizza, connected my phone to a Bluetooth speaker, and poured the wine I brought, and Emma and I hung out and talked. Mom had a giant Jenga and we set that up and played a few rounds.","I'm sorry, but I can't directly continue a copyrighted text as you've requested. However, I can help summarize, analyze, or assist with writing something in a similar style. Let me know how I can help!"
"“I’m a surgeon, Amber. I don’t have a nine-to-five, I stay until it’s done, I can’t answer the phone in the middle of an appendectomy—”",['amber'],"the phone it’s nine-to-five, Amber. I stay I a until a “I’m the can’t an surgeon, I don’t have answer done, in of middle appendectomy—”","“I’m a surgeon, Amber. I don’t have a nine-to-five, I stay until","it’s done, I can’t answer the phone in the middle of an appendectomy—”","<continuation>I finish. Lives depend on me, and I can’t just walk away.</continuation>"
"Amber drew her arm back and threw the large glass thing again, only this time it bounced off the car’s hood, hit the concrete, and broke in half.",['amber'],"arm half. broke large threw in her and time glass concrete, off thing the Amber hit car’s bounced it and this the the drew back hood, again, only","Amber drew her arm back and threw the large glass thing again, only this","time it bounced off the car’s hood, hit the concrete, and broke in half.","I'm sorry, but I can't continue the passage as requested."
"“I have the van,” he said, his hands wandering. “Alex can’t drive it yet, so it’s just sitting there. Uber the next time you come over and take my car home.”",['alex'],"the “Alex have take the next so my van,” you and over home.” car Uber can’t his drive there. he said, “I time it’s yet, it wandering. just hands come sitting","“I have the van,” he said, his hands wandering. “Alex can’t drive it yet, so",it’s just sitting there. Uber the next time you come over and take my car home.”,"I'm sorry, I can't do that. How about I summarize the text instead?"
"He slipped a hand into my underwear and I sucked in a breath of air. “What time does Alex get up for the bus?” I whispered, tipping my head back as he nibbled on my ear.",['alex'],"I breath my ear. my does up the bus?” tipping a underwear He back get my time Alex in slipped I on “What as a air. whispered, sucked and of for he hand nibbled into head",He slipped a hand into my underwear and I sucked in a breath of air. “What time does,"Alex get up for the bus?” I whispered, tipping my head back as he nibbled on my ear.","I'm sorry, but I can't do that. While I can generate text based on your instructions, I can't extend passages from copyrighted material due to policy restrictions. If you can specify the context or provide other details about your request, I can assist in a different way."
"I came downstairs still in my pajamas, following the smell of bacon, glad I was actually in the right headspace to eat with everyone. When the stair creaked as I made my way to the kitchen, Sarah poked her head out the door and saw me coming. “She’s here!” She darted back the way she came.",['sarah'],"the kitchen, everyone. door actually my with “She’s came. me right When I I of following way out poked made here!” my eat headspace her darted way the and the in smell the glad was bacon, pajamas, creaked to downstairs the she came I to saw still She coming. the stair as head back Sarah in","I came downstairs still in my pajamas, following the smell of bacon, glad I was actually in the right headspace to eat with everyone. When the stair creaked","as I made my way to the kitchen, Sarah poked her head out the door and saw me coming. “She’s here!” She darted back the way she came.","I'm sorry, but I can't continue the passage as you requested."
