en,en_results,Single_ent,en_shuffled
"Peter said this felt like an invitation. Laughed, almost self-deprecatingly, as he added, â€œIâ€™d never believed in fate before that.â€","Based on the passage, I'm going to take a guess that it originates from the book ""The Rosie Project"" by Graeme Simsion.

Here's my output:

""title"": ""The Rosie Project"",
""author"": ""Graeme Simsion""

Please let me know if I'm correct or not!",['peter'],"before fate Peter this he in like invitation. never Laughed, â€œIâ€™d said self-deprecatingly, believed felt as that.â€ almost added, an"
"My hat landed atop a pile of discarded lo mein, the lip of the can smashed into my rib cage, and I did a wheezing pratfall into the grass. Peter described this as â€œadorably clumsy.â€","Based on the passage, I'm going to take a guess that it originates from the book ""Eleanor & Park"" by Rainbow Rowell.

Here's my output:

""title"": ""Eleanor & Park"",
""author"": ""Rainbow Rowell""

Please let me know if I'm correct or not!",['peter'],"the and lo can my pile into the mein, a I into lip My this pratfall a of did smashed grass. of atop as Peter wheezing cage, â€œadorably clumsy.â€ described discarded landed the rib hat"
"â€œI fell in love with Daphne the moment I looked up from her hat,â€ heâ€™d say, no mention of the trash-noodles in my hair.","Based on the passage, I'm going to take a guess that it originates from the book ""The Hating Game"" by Sally Thorne.

Here's my output:

""title"": ""The Hating Game"",
""author"": ""Sally Thorne""

Please let me know if I'm correct or not!",['daphne'],"looked I heâ€™d mention hair. fell in in no of from her â€œI up the trash-noodles Daphne moment hat,â€ my love the say, with"
"Over the last three years, Peter dusted off Our Story every chance he got. I was sure heâ€™d work it into both our vows and his wedding reception speech.","""Title"": ""The Seven Husbands of Evelyn Hugo"", ""Author"": ""Taylor Jenkins Reid""",['peter'],"three every was he our his reception off Our I dusted Over heâ€™d chance work the both last sure speech. and into Story wedding Peter years, vows it got."
â€œCould you just turn it down?â€ I say. â€œAll the plates are rattling in the cabinets and Mr. Dornerâ€™s trying to bust down the living room wall.â€,"""Title"": ""The Fault in Our Stars"", ""Author"": ""John Green""",['dorner'],the cabinets wall.â€ Dornerâ€™s are say. room you I trying down â€œCould plates and to the living it bust Mr. in turn down?â€ the just â€œAll rattling
"Petra is also a stoner without a college degree, but I guess itâ€™s different when youâ€™re a perfect ten with a picturesque family and well-padded bank account. Then youâ€™re not a stoner; youâ€™re a free spirit.","Based on the passage, I'm going to take a guess that it originates from the book ""The Last House Guest"" by Megan Miranda.

Here's my output:

""title"": ""The Last House Guest"",
""author"": ""Megan Miranda""

Please note that I'm not 100% certain, but the writing style and tone seem to match Megan Miranda's work. If I'm incorrect, please let me know the correct answer!",['petra'],"itâ€™s a a not but Then stoner; account. guess youâ€™re with Petra a stoner ten without family well-padded a college when degree, a youâ€™re also youâ€™re different free picturesque and is perfect a spirit. bank I"
"When I jolted awake at the click of the front door, it was full bright in the living room, so I could see Peterâ€™s surprise at finding me there.","Based on the passage, I'm going to take a guess that it originates from the book ""The Girl on the Train"" by Paula Hawkins.

Here's my output:

""title"": ""The Girl on the Train"",
""author"": ""Paula Hawkins""

Please let me know if I'm correct or not! ğŸ˜Š",['peter'],"When the it see finding at the I was front awake there. I of door, click so me bright room, living could jolted full at surprise the Peterâ€™s in"
"â€œNo!â€ he said. â€œI mean, it wasnâ€™t like that. Weâ€™re . . . She told me sheâ€™s in love with me, Daphne. And I realized I am too. In love. With her. Fuck, Iâ€™m so sorry.â€","Based on the passage, I'm going to take a guess that it originates from the book ""The Hating Game"" by Sally Thorne.

Here's my output:

""title"": ""The Hating Game"",
""author"": ""Sally Thorne""

Please let me know if I'm correct or not!",['daphne'],"in â€œNo!â€ With I love. he her. In am mean, And love me told sheâ€™s sorry.â€ like . Iâ€™m too. with Weâ€™re it . â€œI Daphne. said. so wasnâ€™t . I me, that. realized She Fuck,"
"â€œAre you fucking kidding me, Peter?â€ I jumped up. I didnâ€™t feel hurt then. That would come later. First it was all rage.","Based on the passage, I'm going to take a guess that it originates from the book ""The Girl with the Dragon Tattoo"" by Stieg Larsson.

Here's my output:

""title"": ""The Girl with the Dragon Tattoo"",
""author"": ""Stieg Larsson""

Please note that I'm not 100% certain, but the writing style and tone seem to match Larsson's work.",['peter'],"â€œAre fucking kidding I feel hurt didnâ€™t you it was later. rage. come would me, That then. Peter?â€ up. jumped First I all"
"â€œOf course she fucking meant for this to happen, Peter! She had twenty-five years to tell you she was in love with you and chose last night!â€","Based on the passage, I'm going to take a guess that it originates from the book ""The Hating Game"" by Sally Thorne.

Here's my output:

""title"": ""The Hating Game"",
""author"": ""Sally Thorne""

Please let me know if I'm correct or not! ğŸ˜Š",['peter'],"night!â€ happen, she meant in had and last to chose love you course to fucking she twenty-five this tell years with â€œOf Peter! She you for was"
"â€œIâ€™m really sorry, Daph,â€ he said, and leaned in to kiss my forehead like some benevolent father figure, regretfully shipping off for war to do his duty.","Based on the passage, I'm going to take a guess that it originates from the book ""The Secret History"" by Donna Tartt.

Here's my output:

""title"": ""The Secret History"",
""author"": ""Donna Tartt""

Please let me know if I'm correct or not!",['daph'],"like sorry, my â€œIâ€™m duty. do kiss war Daph,â€ some leaned to regretfully father shipping he forehead his in to off and really said, figure, for benevolent"
"I stayed there watching the road for probably ten minutes. Then I went back inside and cried so hard it mightâ€™ve made me vomit, if I hadnâ€™t completely forgotten to eat the night before. I wasnâ€™t much of a cook, and besides that, Peter was extremely careful with his diet. Low carbs, high protein. I dug around our understocked cabinets and started making Easy Mac.","Based on the passage, I'm going to take a guess that the book is ""The Fault in Our Stars"" by John Green.

Here's my reasoning:

* The writing style and tone seem to match John Green's style, which is known for being conversational, witty, and emotionally charged.
* The mention of a character named Peter and the protagonist's emotional state (crying and feeling unwell) suggests a story that deals with themes of love, loss, and mortality, which are all",['peter'],"cook, made Mac. hard of extremely high vomit, eat cried the me Low around and his and it hadnâ€™t a I that, careful I stayed and much to back I mightâ€™ve night protein. went carbs, making cabinets so watching before. road was inside understocked besides for wasnâ€™t started the Peter completely forgotten if our minutes. probably Easy there I with Then dug diet. ten I"
"Fool that I am, my only guess was that Peter had come back. That heâ€™d made it to the airport only for a burst of clarity to send him racing home to me.","Based on the passage, I'm going to take a guess that it originates from the book ""The Hating Game"" by Sally Thorne.

Here's my output:

""title"": ""The Hating Game"",
""author"": ""Sally Thorne""

Please let me know if I'm correct or not!",['peter'],"only Fool him home come racing of made to send to my burst am, that That back. a the heâ€™d to me. I for airport was only Peter it guess had that clarity"
"Then Peter and I moved into the Waning Bay house, with its wraparound porch. That day, he scooped me into his arms, carried me over the threshold, and said three magic words that changed my little minimalist heart forever.","Based on the passage, I'm going to take a guess that the book is ""The Hating Game"" by Sally Thorne.

Here's my output:

""title"": ""The Hating Game"",
""author"": ""Sally Thorne""

Please let me know if I'm correct or not!",['peter'],"carried forever. porch. Peter and little me That me he arms, wraparound the with minimalist day, my I words its said house, magic that changed scooped threshold, the and moved Then over into three heart his Waning Bay into"
"Somehow, the kids manage even more enthusiasm for tacos than they did for dragons. When I ask if they already knew that dragons love tacos, their shrieks of delight are earsplitting. Arham jumps up, the heels of his sneakers flashing red as he shouts, â€œDragons eat people!â€","Based on the passage, I'm going to take a guess that the book is ""Dragons Love Tacos"" by Adam Rubin.

Here's my output:

""title"": ""Dragons Love Tacos"",
""author"": ""Adam Rubin""",['arham'],"red the their enthusiasm ask dragons. did that tacos, already they â€œDragons the they dragons Somehow, shouts, tacos more I if manage are When love of for kids his Arham delight people!â€ of flashing knew as up, for than shrieks heels sneakers even he jumps earsplitting. eat"
"Just as I predicted, the energy that greeted me has fizzled, the kids mostly settling into pleasant sleepiness in time to pack it in and head home, except for one of the Fontana triplets, whoâ€™s tired enough to devolve into a minor meltdown as her mom is trying to get her and her siblings out the door.","Based on the passage, I'm going to take a guess that it originates from the book ""Where'd You Go, Bernadette"" by Maria Semple.

Here's my output:

""title"": ""Where'd You Go, Bernadette"",
""author"": ""Maria Semple""

Please let me know if I'm correct or not!",['fontana'],"Fontana the minor her whoâ€™s devolve of me one into to triplets, that sleepiness pleasant energy meltdown and it is her tired her the in siblings to greeted into predicted, trying head enough has to mostly fizzled, in kids as and time pack door. a home, for the settling get mom the out Just except I as"
"Hell, Iâ€™m old enough to have a daughter named Renesmee on one of those U-5 soccer teams where the kids take turns kicking the ball the wrong way, then sitting down midfield to take off their shoes.","Based on the passage, I'm going to take a guess that it originates from the book ""Eclipse"" by Stephenie Meyer.

The mention of the name ""Renesmee"" is a strong clue, as Renesmee is a character in the Twilight Saga, which is written by Stephenie Meyer. Additionally, the tone and style of the passage seem to match Meyer's writing style.

So, my output would be:

""title"": ""Eclipse"",
""author"": ""Stephenie",['renesmee'],"those sitting shoes. take the one then a daughter enough soccer the on take to old Iâ€™m kids Hell, to ball turns teams midfield of U-5 their named have where Renesmee off kicking the way, wrong down"
"By the time I climb the stairs and reach the front door, Iâ€™m clammy with sweat, and inside I drop my tote and wrestle out of my cardigan before toeing off my loafers. Then I check my phone calendar against the whiteboard. The only thing thatâ€™s changed since last night is, I agreed to host the Thrills and Kills book club on Thursday while Landon, the patron services assistant who usually runs it, recovers from his root canal.","""Title"": The Last House Guest
""Author"": Megan Miranda",['landon'],"against time Iâ€™m Then Thrills stairs only off is, patron since canal. my night whiteboard. I the tote while my cardigan of the recovers sweat, front club runs the last phone inside it, Thursday to check from Landon, thatâ€™s agreed I and with my assistant thing root By book clammy the Kills drop I out toeing the reach I climb changed usually and and calendar door, loafers. and his the host The who wrestle services my on before"
"The worst part is, even after all this, Iâ€™m not positive I donâ€™t love him. I mean, not this version of him, but the part that remembered every important date, who brought home flowers just because he happened to be walking past a cart selling them, the Peter who had my favorite soup delivered to me every time I got sick.","Based on the passage, I'm going to take a guess that the book is ""The Hating Game"" by Sally Thorne.

Here's my reasoning:

* The passage mentions a character named Peter, who is described as someone who remembered important dates, brought home flowers, and had the narrator's favorite soup delivered when they were sick. This suggests a romantic relationship between the narrator and Peter.
* The tone of the passage is introspective and emotional, with the narrator expressing uncertainty about their feelings towards",['peter'],"sick. The donâ€™t me that love my walking this every even got delivered be date, a the had soup to not him. mean, is, just not I them, of part positive remembered after time who all to I the every past he worst him, version part this, cart home but brought Peter selling I because favorite flowers who happened important Iâ€™m"
"â€œWe know how hard this must be for you,â€ heâ€™s saying, and just like that, he snaps back into the other Peter. The one I hate. â€œAnd I just . . . I hate to think of you there, on your own . . .â€","Based on the passage, I'm going to take a guess that it originates from the book ""Divergent"" by Veronica Roth.

Here's my output:

""title"": ""Divergent"",
""author"": ""Veronica Roth""

Please let me know if I'm correct or not!",['peter'],"hate. . just must I just one and on of how this Peter. you own .â€ there, â€œWe heâ€™s â€œAnd saying, The . know he to you,â€ the other like I back hard snaps I . think . into for that, be hate . your"
"I face the window and pantomime a scream, one hand dragging down the side of my face. I wonder if this exact scenario inspired Edvard Munchâ€™s The Scream.","Based on the passage, I'm going to take a guess that it originates from the book ""The Fault in Our Stars"" by John Green.

Here's my output:

""title"": ""The Fault in Our Stars"",
""author"": ""John Green""

Please let me know if I'm correct or not!",['edvard munch'],"the a and face pantomime scream, my wonder The hand this of Munchâ€™s the dragging inspired Scream. down scenario one face. I Edvard window side if I exact"
The weighty silence tells me Peter is doing invisible calculus now. Only heâ€™s got the brain for it. â€œYou canâ€™t mean . . .â€ His voice slides past disbelief straight into incredulity. â€œYouâ€™re with Miles?â€,"Based on the passage, I'm going to take a guess that it originates from the book ""The Lunar Chronicles"" by Marissa Meyer.

Here's my output:

""title"": ""The Lunar Chronicles"",
""author"": ""Marissa Meyer""

Please let me know if I'm correct or not!",['peter'],past .â€ silence straight got slides canâ€™t into calculus disbelief . Miles?â€ His now. with Only â€œYou the mean weighty me incredulity. voice tells â€œYouâ€™re . for The doing is invisible heâ€™s brain it. Peter
"I need to get off the phone before I involuntarily spring a fictional pregnancy on him. â€œIâ€™ve got to go, Peter. Take care.â€","Based on the passage, I'm going to take a guess that it originates from the book ""Eleanor Oliphant is Completely Fine"" by Gail Honeyman.

Here's my output:

""title"": ""Eleanor Oliphant is Completely Fine"",
""author"": ""Gail Honeyman""

Please let me know if I'm correct or not!",['peter'],"I phone a Peter. to off go, got â€œIâ€™ve on I fictional before involuntarily him. care.â€ Take need pregnancy to spring the get"
"â€œDid you call Peter drunk?â€ he says, unwrapping his sandwich, flipping it open, and absolutely slathering the egg and avocado inside with sriracha.","Based on the passage, I'm going to take a guess that it originates from the book ""The Hating Game"" by Sally Thorne.

My reasoning is as follows:

* The tone of the passage seems to be light-hearted and humorous, which matches the tone of ""The Hating Game"".
* The mention of a character named Peter and the casual, conversational language used in the passage also seems consistent with the style of ""The Hating Game"".
* The use of modern references like sr",['peter'],"the call and with Peter says, inside â€œDid his flipping unwrapping avocado sriracha. open, and drunk?â€ you egg it absolutely slathering sandwich, he"
"Basically, sheâ€™s me at twelve years old, if Iâ€™d been nine hundred times cooler. Right down to the fact of being the only child of an overworked but lovely single mother with a penchant for eighties British goth rock. During the school year, Maya walks the short distance from the junior high to the library, and her mom picks her up when she finishes her paralegal shift.","Based on the passage, I'm going to take a guess that the book is ""The Poppy War"" by R.F. Kuang.

Here's my reasoning:

* The writing style and tone of the passage seem to match the style of ""The Poppy War"", which is a fantasy novel that features a young protagonist named Rin who enrolls in a prestigious military academy.
* The mention of a single mother and a junior high school suggests that the story may be set in a contemporary or near",['maya'],"high Basically, distance short the her from junior me year, but with twelve hundred goth lovely single overworked child paralegal fact shift. library, the Iâ€™d the the the picks penchant walks finishes to an and being eighties school a nine old, she years only cooler. of her mom her to been rock. for the During sheâ€™s times British mother of down Maya up at if Right when"
"The new hardcover fantasy I handpicked for her is the most expensive book on the list, but I canâ€™t bear to cut it. Ordinarily, I talk this kind of thing over with Harvey, the branch manager, but he left early for his youngest daughterâ€™s med school graduation (the other two are already doctors; heâ€™s apparently created an army of high achievers).","The passage you provided appears to be from the book ""The Storied Life of A.J. Fikry"" by Gabrielle Zevin.

Here is the output in the requested format:

""title"": ""The Storied Life of A.J. Fikry"",
""author"": ""Gabrielle Zevin""",['harvey'],"I talk but on this heâ€™s graduation the army his canâ€™t I the two of hardcover bear expensive for over book for Ordinarily, is left to cut doctors; most created kind the with achievers). apparently he daughterâ€™s The are youngest manager, list, fantasy an of it. new med her school thing other handpicked branch I already early (the Harvey, high but"
"I personally hate beer. Obviously Petra loves it. Sheâ€™s a walking fantasy, and Iâ€™m a librarian who actually does wear a lot of buttons and tweed.","Based on the passage, I'm going to take a guess that it originates from the book ""The Eyre Affair"" by Jasper Fforde.

Here's my output:

""title"": ""The Eyre Affair"",
""author"": ""Jasper Fforde""

Please let me know if I'm correct or not!",['petra'],"personally librarian actually I it. a who Iâ€™m loves lot and hate does Obviously of Sheâ€™s fantasy, a buttons Petra a and wear beer. tweed. walking"
There is absolutely no way I can go to Chill Coast. Waning Bay is small enough without me wandering directly into the heart of the Peterverse.,"Based on the passage, I'm going to take a guess that the book is ""The Illuminae Files"" by Amie Kaufman and Jay Kristoff.

Here's my reasoning:

* The mention of ""Chill Coast"" and ""Waning Bay"" suggests a futuristic or sci-fi setting, which is consistent with the genre of ""The Illuminae Files"".
* The use of the term ""Peterverse"" implies a connection to a larger universe or multiverse, which is a theme explored in",['peterverse'],go the small I is enough Peterverse. There Waning can way is no me heart the of wandering without to Bay absolutely Chill into directly Coast.
"â€œIs that the one with the hot drug-dealer bartender, or the one down the road from that one, where they only play Tom Petty?â€","Based on the passage, I'm going to take a guess that it originates from the book ""The Seven Husbands of Evelyn Hugo"" by Taylor Jenkins Reid.

Here's my output:

""title"": ""The Seven Husbands of Evelyn Hugo"",
""author"": ""Taylor Jenkins Reid""

Please let me know if I'm correct or not!",['tom petty'],"the play that one, Tom that the only hot the they or drug-dealer the road Petty?â€ bartender, from one down where one with â€œIs"
"I havenâ€™t worn it since, which is stupid, because it cost way more than I would ordinarily spend (Peter bought it) and itâ€™s extremely flattering.","Based on the passage, I'm going to take a guess that it originates from the book ""Eleanor Oliphant is Completely Fine"" by Gail Honeyman.

Here's my output:

""title"": ""Eleanor Oliphant is Completely Fine"",
""author"": ""Gail Honeyman""

Please let me know if I'm correct or not!",['peter'],"since, way it spend it) flattering. more because (Peter is than which stupid, ordinarily worn it bought havenâ€™t cost I extremely I and itâ€™s would"
"In my defense, Landon is nineteen years old and nearly always listening to shoegaze in his AirPods at the decibel of a launching rocket, so itâ€™s not like there have been loads of opportunities to bond.","Based on the passage, I'm going to take a guess that the book is ""The Heart Principle"" by Helen Hoang.

Here's my reasoning:

* The writing style and tone of the passage seem to match Hoang's style, which is known for being witty, relatable, and engaging.
* The mention of shoegaze music and AirPods suggests a contemporary setting, which aligns with Hoang's genre of romance and contemporary fiction.
* The protagonist's voice and perspective seem",['landon'],"bond. there my have Landon always launching loads not to nearly in years AirPods and so like of rocket, opportunities the his listening old In nineteen a at itâ€™s defense, of is been shoegaze decibel to"
"Then again, maybe in five years, he still wouldâ€™ve left me for Petra. Maybe theyâ€™re every bit as destined as heâ€™s convinced. Iâ€™m nauseated by the thought that maybe she belongs there, in that home Iâ€™d thought was mine, while I belong nowhere.","Based on the passage, I'm going to take a guess that it originates from the book ""The Seven Husbands of Evelyn Hugo"" by Taylor Jenkins Reid.

Here's my output:

""title"": ""The Seven Husbands of Evelyn Hugo"",
""author"": ""Taylor Jenkins Reid""

Please let me know if I'm correct or not!",['petra'],"as five that bit as the she I nauseated mine, home Maybe every Then me by while he destined thought in wouldâ€™ve was belongs convinced. in Petra. still for maybe nowhere. Iâ€™d left thought years, Iâ€™m there, again, that belong theyâ€™re maybe heâ€™s"
"She nods thoughtfully. â€œFair. But for what itâ€™s worth, Iâ€™m always late because I have a kid. So Iâ€™d like to think my friends can rely on me, but if it comes down to it, yeah, I choose Mulder every time.â€","Based on the passage, I'm going to take a guess that it originates from the book ""The X-Files: Ground Zero"" by Charles Grant.

Here's my output:

""title"": ""The X-Files: Ground Zero"",
""author"": ""Charles Grant""

Please note that I'm not entirely sure, as the passage is quite short and doesn't provide much context. However, the mention of ""Mulder"" suggests a connection to the popular TV show ""The X-Files,"" and",['mulder'],"it, choose friends late if nods yeah, have down like worth, She always thoughtfully. kid. I can Iâ€™d my a on itâ€™s because comes Iâ€™m rely but me, I But So time.â€ â€œFair. to what to it every for Mulder think"
"â€œIt was terrible!â€ she agrees. â€œEvery day Iâ€™d wake up and have, like, one second of peace. Then Iâ€™d remember, Oh, shit, Iâ€™m someoneâ€™s mom. I was a wreck, for like six months. But it did convince me to go back to school to become a librarian, and Mulderâ€™s pretty much my best friend, so all worth it.â€","Based on the passage, I'm going to take a guess that it originates from the book ""The X-Files: Ground Zero"" by Charles Grant.

Here's my output:

""title"": ""The X-Files: Ground Zero"",
""author"": ""Charles Grant""

Please note that I'm not entirely certain, as the passage is quite short and doesn't provide many distinctive clues. However, the mention of the name ""Mulder"" suggests a connection to the popular TV show ""The X-",['mulder'],"it.â€ six go Iâ€™d back mom. have, was did and a day Iâ€™m wreck, a so and to much shit, pretty for friend, up it librarian, â€œEvery wake Iâ€™d me second remember, someoneâ€™s Then one she worth But to agrees. become best like, I my months. Oh, terrible!â€ Mulderâ€™s all â€œIt convince was to like school of peace."
"â€œWell, I donâ€™t,â€ I say. â€œNow thereâ€™s no good way to get out of it. I mean, when we â€˜break up,â€™ Peter will get to feel smug and superior about that.â€","Based on the passage, I'm going to take a guess that it originates from the book ""To All the Boys I've Loved Before"" by Jenny Han.

Here's my output:

""title"": ""To All the Boys I've Loved Before"",
""author"": ""Jenny Han""",['peter'],"I of way I â€œWell, Peter smug good we will â€œNow mean, superior out to no and donâ€™t,â€ it. feel about get up,â€™ thereâ€™s that.â€ I â€˜break say. to when get"
"â€œSoulmates?â€ She laughs. â€œNo. Iâ€™m saying your ex is the little boy looking over someone elseâ€™s shoulder, trying to figure out if the kid next to him has a better lunch. Only, the lunch box is shut, so even though he knows what his parents packed for him is pretty good, heâ€™d still trade it just to open up that rusty little Batman lunch box.â€","""Title"": ""Maybe in Another Life"", ""Author"": ""Taylor Jenkins Reid""",['batman'],"figure box.â€ shoulder, â€œNo. even shut, elseâ€™s â€œSoulmates?â€ trade out it is your She little next Iâ€™m packed better rusty for to box if little lunch kid Batman just good, Only, lunch. a the though someone ex still that him open the has saying over to up pretty laughs. is boy to lunch trying is heâ€™d knows so the looking parents what he his him"
"â€œSee, Daphne,â€ he says, meeting my heckling with over-the-top sobriety, â€œthe Chardonnay grapes themselves are pretty neutral. Thatâ€™s why they can take on too much oak for a lot of wine drinkersâ€™ tastes. But ours has a nice peach nose, and this pinch of lemon zest, and a faint, warm oakiness, but not so much that the wineâ€™s overpowered.â€","""Title"": ""The Honey-Don't List"", ""Author"": ""Christina Lauren""",['daphne'],"but oak can lot sobriety, for a lemon warm much themselves over-the-top a grapes with drinkersâ€™ and take so has he nose, a tastes. of â€œSee, too that of my pinch nice â€œthe on Chardonnay ours heckling zest, says, much neutral. peach faint, why not Daphne,â€ overpowered.â€ meeting the wineâ€™s Thatâ€™s wine But are this pretty and they oakiness,"
"â€œIt was bound to happen eventually! Get home safe, lovebirds.â€ Sheâ€™s already on her way back to Greg-Craig. He slips a hand through hers and waves as she steers him outside.","Based on the passage, I'm going to take a guess that it originates from the book ""The Hating Game"" by Sally Thorne.

Here's my output:

""title"": ""The Hating Game"",
""author"": ""Sally Thorne""

Please let me know if I'm correct or not!",['greg'],"bound safe, already hers on him she Greg-Craig. Get Sheâ€™s back eventually! a happen through as way steers slips was to and lovebirds.â€ home hand â€œIt He to waves outside. her"
"He manually unlocks the passenger door. â€œThatâ€™s a Get in the car, Daphne; Iâ€™m not going to dignify that with an answer.â€","Based on the passage, I'm going to take a guess that it originates from the book ""The Perks of Being a Wallflower"" by Stephen Chbosky.

Here's my output:

""title"": ""The Perks of Being a Wallflower"",
""author"": ""Stephen Chbosky""

Please let me know if I'm correct or not!",['daphne'],"Daphne; that a Iâ€™m door. dignify Get unlocks with passenger He going to the answer.â€ car, the â€œThatâ€™s an manually in not"
"â€œDaphne,â€ he says. â€œThe first piece of advice anyone is going to give you for improving your situation is going to Big Louieâ€™s. How is it possible youâ€™ve lived here for . . .â€","Based on the passage, I'm going to take a guess that the book is ""The Particular Sadness of Lemon Cake"" by Aimee Bender.

Here's my output:

""title"": ""The Particular Sadness of Lemon Cake"",
""author"": ""Aimee Bender""

Please let me know if I'm correct or not!",['daphne'],"lived Louieâ€™s. he . â€œThe . advice How is piece going anyone for to first says. improving is it â€œDaphne,â€ here give Big is possible to your .â€ situation youâ€™ve you of for going"
"â€œWell, that explains why Iâ€™ve never had them,â€ I say. â€œPeter isnâ€™t a big slatherer. Heâ€™s more of a wheatgrass-shot-and-lean-meat-after-leg-day kind of guy.â€","""Title"": ""The Last Thing He Told Me"", ""Author"": ""Laura Dave""",['peter'],"why a of them,â€ wheatgrass-shot-and-lean-meat-after-leg-day had Heâ€™s isnâ€™t kind say. â€œPeter slatherer. Iâ€™ve guy.â€ more of explains a big â€œWell, I that never"
"On our second date, heâ€™d made me dinner. Salmon and asparagus and a keto-friendly pasta salad. I wouldâ€™ve been less impressed to learn he was an Olympian. Cooking was the one thing Mom didnâ€™t do while I was growing up. We lived on takeout, and weekly nacho nights. But Peter started every day with a green smoothie, and made dinner from scratch most nights. Peak domesticity, as far as I was concerned.","Based on the passage, I'm going to take a guess that the book is ""The Last House Guest"" by Megan Miranda.

Here's my output:

""title"": ""The Last House Guest"",
""author"": ""Megan Miranda""

Please let me know if I'm correct or not!",['peter'],"made weekly didnâ€™t thing Peter do a learn But takeout, me Salmon smoothie, nights. nacho asparagus and most heâ€™d our on was wouldâ€™ve On been Peak an green up. one as was as scratch nights. every started with lived We growing I keto-friendly day second and salad. dinner was was Cooking to concerned. made domesticity, the dinner. pasta impressed from less while date, he Olympian. and I and a far I Mom"
"We did. It was one of very few silver linings to our relationship ending that I no longer felt any guilt about not going. Peter was into pretty much every form of physical exercise, but I was slower and less coordinated than him, so the few times weâ€™d tried hiking or biking, it was more frustrating than rewarding. At the gym, we could do our own things, but still spend time together. With how busy his job kept him, that time was valuable.","Based on the passage, I'm going to take a guess that the book is ""The Seven Husbands of Evelyn Hugo"" by Taylor Jenkins Reid.

Here's my reasoning:

* The passage mentions a relationship ending, which is a common theme in many books, but the tone and language used suggest a contemporary romance or women's fiction novel.
* The mention of a gym and physical exercise suggests a modern setting, which aligns with Taylor Jenkins Reid's style.
* The writing style and tone of",['peter'],"very form weâ€™d With spend it still Peter physical how linings together. At going. than of we much of rewarding. to less kept busy I was but silver the him, gym, slower that We not It was was every did. time relationship valuable. I biking, frustrating than no one pretty any own guilt but could and coordinated or so felt ending longer time his exercise, him, times hiking into that things, few was our about more do the tried few was our job"
"I stare at him, trying to work out if he actually believes this, or if he thinks Iâ€™m hilariously boring. Maybe Peter thought it was boring too.","Based on the passage, I'm going to take a guess that it originates from the book ""Eleanor Oliphant is Completely Fine"" by Gail Honeyman.

Here's my output:

""title"": ""Eleanor Oliphant is Completely Fine"",
""author"": ""Gail Honeyman""

Please let me know if I'm correct or not!",['peter'],"hilariously Maybe he too. out Iâ€™m actually at boring him, trying boring. if to thinks believes was if it stare or work this, he I Peter thought"
"â€œIâ€™m not a huge relationship guy,â€ he says, a little bashful. â€œPetra was the exception, not the rule, for me. So if she wanted to get back together? I donâ€™t know. But itâ€™s not worth thinking about, since sheâ€™s engaged to your ex-boyfriend.â€","""Title"": ""The Hating Game"", ""Author"": ""Sally Thorne""",['petra'],"exception, not But to about, ex-boyfriend.â€ worth sheâ€™s engaged together? the know. for relationship â€œIâ€™m a the not guy,â€ a was itâ€™s So back to if me. little your â€œPetra I she rule, since says, not wanted get he huge bashful. donâ€™t thinking"
"As a devoted fan of control, I never had a big weed phase, but annoyingly the voice in my head reminding me of that isnâ€™t my own; itâ€™s Peterâ€™s. And I donâ€™t want it there. It has no right to keep echoing through my skull.","Based on the passage, I'm going to take a guess that it originates from the book ""The Perks of Being a Wallflower"" by Stephen Chbosky.

Here's my output:

""title"": ""The Perks of Being a Wallflower"",
""author"": ""Stephen Chbosky""

Please let me know if I'm correct or not!",['peter'],"itâ€™s voice a but As donâ€™t through And I Peterâ€™s. that head right no echoing to never my control, phase, in own; of reminding my my I want me a of the isnâ€™t keep big fan skull. devoted annoyingly has had It it there. weed"
"â€œThatâ€™s what Iâ€™m realizing, though,â€ I tell him, wrapping the sweatshirt more tightly around me. â€œIt wasnâ€™t ever my home. When you take Peter off the schedule, there isnâ€™t really much left. Waning Bay doesnâ€™t belong to me, like it does to him.â€","Based on the passage, I'm going to take a guess that the book is ""The Sea of Tranquility"" by Katja Millay.

Here's my output:

""title"": ""The Sea of Tranquility"",
""author"": ""Katja Millay""

Please let me know if I'm correct or not!",['peter'],"what â€œIt take left. schedule, doesnâ€™t ever When there belong Bay me. though,â€ the much realizing, around isnâ€™t Waning sweatshirt it wrapping wasnâ€™t my home. off to really the does tightly you him.â€ I him, Peter me, tell more to â€œThatâ€™s like Iâ€™m"
"Like it was a basketball game, and she and Cooper had decided not to make posters or sit in a specific section of bleachers. Like things needed to play out, and then someone would simply have won and someone else would have lost.","Based on the passage, I'm going to take a guess that the book is ""Eleanor & Park"" by Rainbow Rowell.

Here's my output:

""title"": ""Eleanor & Park"",
""author"": ""Rainbow Rowell""

Please let me know if I'm correct or not!",['cooper'],"decided Like simply out, Cooper or Like would in of bleachers. have sit someone game, and play won someone posters have and was specific things she to it and a section would needed then make not lost. basketball to else and had a"
"But honestly, I didnâ€™t want it to even feel like a choice. I wanted her to know where she stood. The problem was, she wasnâ€™t my best friend anymore. She and Cooper were our best friends.","Based on the passage, I'm going to take a guess that the book is ""Maybe Someday"" by Colleen Hoover.

Here's my output:

""title"": ""Maybe Someday"",
""author"": ""Colleen Hoover""

Please let me know if I'm correct or not! ğŸ˜Š",['cooper'],"I were it our Cooper best to But didnâ€™t I choice. was, wasnâ€™t her she even problem she to a where She my like wanted friend feel stood. honestly, know friends. want The and anymore. best"
"And in those days when I was mourning in a puddle, Peter was doing damage control. So if our breakup wasnâ€™t a basketball game, maybe it was a race, and I was too slow.","Based on the passage, I'm going to take a guess that it originates from the book ""The Breakup Bible"" by Rachel A. Sussman.

Here's my output:

""title"": ""The Breakup Bible"",
""author"": ""Rachel A. Sussman""

Please note that I'm not entirely sure, and this is just an educated guess. The passage seems to be discussing a breakup and the emotions that come with it, which aligns with the theme of ""The Breakup",['peter'],"And maybe in a and wasnâ€™t race, game, doing in Peter mourning control. basketball if a our it breakup those I puddle, damage was was was when slow. was days a So too I"
"â€œAnd thereâ€™s this girl Maya, who comes in once a week. Twelve or thirteen. Perfect little weirdo. She reads everythingâ€”goes through like five books a week. And we have an informal book club, where I pick something out I think sheâ€™ll like, and it goes in the stack, and then she comes back a week later and we just talk about it for an hour while Iâ€™m doing admin stuff. Sheâ€™s supersmart. Has a hard time at school, but you can just tell sheâ€™s going to be some great novelist or, like, film director someday.â€","""Title"": The Storied Life of A.J. Fikry
""Author"": Gabrielle Zevin",['maya'],"book and and I where in five later club, thirteen. sheâ€™s reads pick a we talk school, can girl director I going stack, everythingâ€”goes informal hour you comes or, supersmart. comes Twelve week little hard be And have time â€œAnd it out someday.â€ once film tell just sheâ€™ll admin Iâ€™m it doing then Perfect an while at this in thereâ€™s week. like something or novelist Maya, and books some like, week. to Has She she a through just but who goes about for Sheâ€™s think we great the like, a back stuff. a an weirdo."
"I think about the tense call I overheard behind his bedroom door, wonder if itâ€™s possible he was talking to her, and what Peter would make of that.","Based on the passage, I'm going to take a guess that it originates from the book ""One of Us Is Lying"" by Karen M. McManus.

Here's my output:

""title"": ""One of Us Is Lying"",
""author"": ""Karen M. McManus""

Please let me know if I'm correct or not!",['peter'],"he call talking tense that. itâ€™s her, think Peter wonder about I behind would I if possible was bedroom overheard door, his make and to the of what"
"â€œOkay, not exactly,â€ I admit. â€œBut it makes me mad that she, like, thinks you need her approval to move on, or something. If she was so in love with Peter, she never shouldâ€™ve strung you along like that, but she did, and she dumped you in the worst possible way, and then for her to just insist that you view her kindlyâ€”to try to make you not mad, instead of just letting you move on . . . itâ€™s selfish.","""Title"": To All the Boys I've Loved Before
""Author"": Jenny Han",['peter'],"selfish. you and mad it instead Peter, on that shouldâ€™ve move â€œBut her she kindlyâ€”to worst but in you you you love view not just possible with to you did, that on, . was in itâ€™s letting she just way, If exactly,â€ so move dumped to her â€œOkay, for she something. of you to admit. she her . not make makes try along then she, like, that, like never need and or strung the I . thinks insist me mad, approval"
"â€œSo maybe itâ€™s immature and stupid. But it does make me feel a little better, to think that maybe sheâ€™ll see these pictures and remember that, even if sheâ€™s not overall an asshole, she was the asshole in this scenario, and she didnâ€™t appreciate you, and she should have. Even if all that meant was letting you go before telling my boyfriend she was in love with him, instead of keeping you on the back burner in case Peter turned her down.","Based on the passage, I'm going to take a guess that the book is ""Eleanor & Park"" by Rainbow Rowell.

The writing style, tone, and language used in the passage seem to match Rowell's style, and the themes of relationships, love, and hurt feelings also align with the book's plot.

Here's my output:

""title"": ""Eleanor & Park"",
""author"": ""Rainbow Rowell""",['peter'],"Even in these Peter feel in didnâ€™t meant itâ€™s But not she love â€œSo a should asshole, him, to that instead immature if in burner my this and back that, little go was you she stupid. keeping before all you pictures case it sheâ€™ll remember and me an asshole with she even you, overall see that and down. the her letting better, she the appreciate if turned does boyfriend on sheâ€™s telling was have. make scenario, maybe was of think and maybe"
"At work, I help Harvey swap out the programming corkboard for the week. Waning Bay Public Library is a small enough operation that itâ€™s usually all hands on deck. You do whatever needs doing, regardless of job title.","Based on the passage, I'm going to take a guess that the book is ""The Library at Mount Char"" by Scott Hawkins.

Here's my output:

""title"": ""The Library at Mount Char"",
""author"": ""Scott Hawkins""

Please let me know if I'm correct or not!",['harvey'],"of that do regardless on is Bay help out I work, swap Harvey week. Library for all deck. programming hands At enough a usually title. Public operation whatever job the small needs Waning doing, itâ€™s You corkboard the"
"He bears more than a passing resemblance to Morgan Freeman, and his voice, although raspier and not quite so low, has the same kind of gravitas. Itâ€™s a voice that makes you want to do him proud.","Based on the passage, I'm going to take a guess that it originates from the book ""The Hate U Give"" by Angie Thomas.

My reasoning is as follows:

* The passage describes a character's voice as having ""gravitas,"" which is a distinctive and memorable detail. I recall that the character of Maverick Carter, the father of the protagonist Starr, is described in a similar way in ""The Hate U Give"".
* The comparison to Morgan Freeman is also a distinctive detail that I associate",['morgan freeman'],"his voice, so want to same has quite proud. do him gravitas. low, resemblance more kind than and Morgan you He a the and not makes voice although Itâ€™s a to Freeman, passing raspier bears that of"
"â€œWeâ€™re lucky to have you,â€ Harvey goes on, hanging the sign-up sheet for Fridayâ€™s Dungeons & Dragons tournament. â€œJust keep bringing your whole heart in for those kids. Thatâ€™s all.â€","Based on the passage, I'm going to take a guess that the book is ""The Perks of Being a Wallflower"" by Stephen Chbosky.

Here's my output:

""title"": ""The Perks of Being a Wallflower"",
""author"": ""Stephen Chbosky""

Please let me know if I'm correct or not!",['harvey'],"& sheet to for â€œWeâ€™re goes Harvey keep sign-up whole Thatâ€™s hanging the those bringing lucky for all.â€ kids. Dragons Dungeons Fridayâ€™s heart tournament. in your on, â€œJust you,â€ have"
"He sets his forearms atop the door. â€œWell, Daphne, Iâ€™m less sure how I feel about it since that snarky Big Bad Wolf comment.â€","Based on the passage, I'm going to take a guess that it originates from the book ""The Hating Game"" by Sally Thorne.

Here's my output:

""title"": ""The Hating Game"",
""author"": ""Sally Thorne""

Please let me know if I'm correct or not! ğŸ˜Š",['daphne'],"less sets sure Iâ€™m snarky â€œWell, Big about the it how his feel He atop comment.â€ I Wolf Bad door. forearms that Daphne, since"
"â€œIs that so?â€ The smaller of the two women, Barb, perks up. She starts rustling through the crates. â€œLet me find you the best of the best.â€","Based on the passage, I'm going to take a guess that it originates from the book ""The Power"" by Naomi Alderman.

Here's my output:

""title"": ""The Power"",
""author"": ""Naomi Alderman""

Please note that this is just a guess, and I may be incorrect. The passage is quite short and doesn't provide much context, so it's difficult to make a definitive identification. However, the style and tone of the passage seem to match the writing style of",['barb'],"starts best.â€ â€œLet â€œIs of of best the up. that me you rustling find so?â€ the the smaller Barb, two the perks crates. The women, She through"
"â€œNo, no, of course not,â€ the other woman, a head taller than the first, says, â€œbut Barb does have a knack for picking the best, and we want our first-timers to come back, so let her work her magic.â€","Based on the passage, I'm going to take a guess that the book is ""The Girls"" by Emma Cline.

Here's my output:

""title"": ""The Girls"",
""author"": ""Emma Cline""

Please let me know if I'm correct or not!",['barb'],"the let magic.â€ knack other than says, her and first-timers woman, for head first, a â€œbut back, Barb have â€œNo, does the best, picking we of not,â€ no, our come her course the to work taller so want a"
"â€œIt means our chef, MartÃ­n, makes a few different menus every season, and I get the best stuff I can find for him. So I go to the butcher, and the farm stands, and the olive oil store, and the cheesemongerâ€”â€","""Title"": ""The Particular Sadness of Lemon Cake"", ""Author"": ""Aimee Bender""",['martÃ­n'],"find stuff can few stands, every chef, the the menus our different makes and store, for season, I I get go and cheesemongerâ€”â€ a butcher, and the I means So the â€œIt farm MartÃ­n, best and oil olive to him. the"
"Clarence canâ€™t be more than five years older than either of us, soft-spoken with curly red hair. He isnâ€™t a farmer himself, just the attendant for the little shop in the whitewashed cottage beyond the rows of vibrant purple flowers heavily populated by bumblebees.","Based on the passage, I'm going to take a guess that the book is ""The Night Circus"" by Erin Morgenstern.

Here's my reasoning:

* The passage mentions a character named Clarence, who is described as soft-spoken with curly red hair. This character doesn't seem to be a main character, but rather a supporting character who works in a small shop.
* The setting of the passage appears to be a rural or countryside area, with a whitewashed cottage and rows",['clarence'],"more attendant soft-spoken years a isnâ€™t than heavily beyond by older five purple be of the shop either with the himself, flowers vibrant cottage Clarence He canâ€™t for the just populated curly red in hair. of rows us, little the farmer bumblebees. than whitewashed"
"â€œDo you know why he moved here?â€ he says. â€œDo you know his whole family doesnâ€™t even talk to him? That guy is such a loser, Daphne. You can do way better.â€","Based on the passage, I'm going to take a guess that it originates from the book ""The Hating Game"" by Sally Thorne.

Here's my output:

""title"": ""The Hating Game"",
""author"": ""Sally Thorne""

Please let me know if I'm correct or not!",['daphne'],"do That he you he even Daphne. doesnâ€™t says. you why â€œDo know better.â€ to talk moved a such loser, guy family here?â€ know him? You his way â€œDo is can whole"
"On the one hand, it feels like maybe I just had a very vivid sex dream about him and need to act normal until a salacious dream about, like, Santa Claus overshadows it.","Based on the passage, I'm going to take a guess that it originates from the book ""The Hating Game"" by Sally Thorne.

Here's my output:

""title"": ""The Hating Game"",
""author"": ""Sally Thorne""

Please let me know if I'm correct or not!",['santa claus'],"salacious about hand, very it dream sex him just act feels I need like a like, a about, maybe Claus had one vivid Santa to it. On normal dream until and the overshadows"
"Milesâ€™s head cocks on a knowing smirk. â€œItâ€™s not about me. Itâ€™s you. He wants you both. Heâ€™s with Petra, but he still wants you to be in love with him.â€","Based on the passage, I'm going to take a guess that the book is ""A Court of Thorns and Roses"" by Sarah J. Maas.

Here's my output:

""title"": ""A Court of Thorns and Roses"",
""author"": ""Sarah J. Maas""

Please let me know if I'm correct or not!",['petra'],"me. with but about he on you wants wants He a you. not Petra, still â€œItâ€™s you cocks with knowing to Milesâ€™s love head smirk. both. Itâ€™s him.â€ Heâ€™s in be"
"He turns toward me, my hands skating over his back, coming to rest on his shoulders. He catches my wrists in light, loose circles, his gaze falling. â€œSorry, Iâ€™m . . .â€ He takes a breath. â€œI guess Iâ€™m surprised Petra told him that. I just . . . I barely even talked about that stuff with her.â€","Based on the passage, I'm going to take a guess that the book is ""The Sea of Tranquility"" by Katja Millay.

Here's my reasoning:

* The passage has a contemporary romance feel to it, with a focus on character emotions and relationships.
* The mention of a character named Petra suggests that the book may have a strong female protagonist and a cast of supporting characters.
* The tone of the passage is introspective and emotional, with a focus on the character's inner",['petra'],"breath. circles, back, falling. Petra takes . surprised him catches . shoulders. even Iâ€™m .â€ his about talked my a turns that. He gaze his his her.â€ skating â€œSorry, told He to just light, with my in He barely rest . coming stuff . toward guess wrists loose . I that hands Iâ€™m over I on â€œI me,"
"My chest pinches. â€œSort of. I mean, maybe not close. But they were always really nice. His mom came wedding dress shopping with me and my mom. And she got a monogrammed Christmas stocking made for me to match his and his brotherâ€™s. Theyâ€™re the kind of family with a million traditions. Certain plates and specific desserts for each of their birthdays. Every single thing in their house was some kind of heirloom with some great story, and he and his brother, Ben, would argue over whoâ€™d inherit what someday, but in this jokey way. The whole extended family always comes here for New Yearâ€™s Eve and they do a white elephant gift exchange, and itâ€™s all very . . . I donâ€™t know. I just really wanted . . .â€","Based on the passage, I'm going to take a guess that the book is ""The Seven Husbands of Evelyn Hugo"" by Taylor Jenkins Reid.

Here's my reasoning:

* The passage mentions a wedding dress shopping scene, which is a key plot point in ""The Seven Husbands of Evelyn Hugo"".
* The mention of a close-knit family with many traditions and heirlooms also fits with the themes of family and legacy in the book.
* The tone of the passage, which",['ben'],".â€ . The close. Christmas desserts kind whoâ€™d what family white not really brotherâ€™s. nice. this . single was really Theyâ€™re some whole monogrammed kind brother, His and their house with mom gift and my made got wedding and someday, New mom. â€œSort I for his a a inherit family Certain way. came his Every know. jokey his would all in over the they But a dress And comes heirloom were always she he to exchange, traditions. just birthdays. of. wanted mean, with I story, chest I do me some very with million they . but of pinches. in of always me shopping maybe donâ€™t elephant Yearâ€™s each for and . and thing and argue extended plates match here their itâ€™s stocking Eve . specific of great and Ben, My for"
"â€œToo busy. When I was a kid, she worked a lot to make ends meet, and she always said sheâ€™d rather spend her free time with me. I figured once I went to college, sheâ€™d give it a try. Instead she got really into CrossFit and made a ton of friends. Sheâ€™s always basically either exercising with a lady named Pam or taking art classes with a woman named Jan, or drinking smoothies with both of them. Sheâ€™s really happy, though. Thatâ€™s what matters.â€","Based on the passage, I'm going to take a guess that the book is ""The Hate U Give"" by Angie Thomas.

Here's my reasoning:

* The passage mentions the protagonist's mother being busy and working a lot to make ends meet, which is a common theme in ""The Hate U Give"".
* The mention of CrossFit and art classes also seems to fit with the character development in the book.
* The tone of the passage, which is conversational and introspective, also matches",['pam'],"Jan, give I rather I art once named lot me. always kid, â€œToo her or of really friends. exercising lady Instead with a woman into ton got and she try. named taking Pam really or was happy, meet, matters.â€ a though. to ends made When sheâ€™d Sheâ€™s I spend a figured time classes them. college, make busy. it what CrossFit with with a said Thatâ€™s worked basically a a drinking smoothies always with Sheâ€™s she went both free and either to she sheâ€™d of"
The serious one who gives good eyebrow and the wisecracking sidekick who is absolutely always Ryan Reynolds or someone nearly indistinguishable from Ryan Reynolds when you close your eyes.,"Based on the passage, I'm going to take a guess that it originates from the book ""The Hating Game"" by Sally Thorne.

The passage mentions a ""serious one"" and a ""wisecracking sidekick"", which reminds me of the dynamic between the two main characters, Lucy Hutton and Joshua Templeman, in ""The Hating Game"". The mention of Ryan Reynolds also suggests a contemporary romance novel, which fits with the genre of ""The Hating Game"".

So,",['ryan reynolds'],your when eyes. serious always nearly Ryan gives the Reynolds sidekick someone or Reynolds one wisecracking eyebrow and is from indistinguishable close The you who who good Ryan absolutely
"I lean into the pressure, pitching my weight forward into my hands on either side of him. His palms scrape down me, and we rock together in slow, heavy waves. He pulls the open center of my shirt to one side so half of my chest is bared. â€œGod, Daphne,â€ he says, dragging the open neckline back the other way, lifting himself enough to catch bare skin in his mouth this time.","Based on the passage, I'm going to take a guess that it originates from the book ""The Sea of Tranquility"" by Katja Millay.

Here's my output:

""title"": ""The Sea of Tranquility"",
""author"": ""Katja Millay""

Please note that I'm not 100% certain, but the writing style and the intimate scene described in the passage seem to match the tone and style of ""The Sea of Tranquility"", which is a new adult",['daphne'],"my His open is way, dragging in â€œGod, pressure, on my enough of to heavy the open of one says, down me, Daphne,â€ slow, lifting he together mouth He of him. forward shirt center neckline side either and other so weight waves. the to his back the in skin chest catch himself bared. scrape we half I time. palms side my this into pulls the pitching lean hands rock into my bare"
"It was probably too honest for a stupid get-to-know-you game, but when it was my turn I said, â€œUnfortunately, Iâ€™m probably Charlotte Lucas.â€","Based on the passage, I'm going to take a guess that it originates from the book ""Eligible"" by Curtis Sittenfeld.

The mention of ""Charlotte Lucas"" suggests a connection to Jane Austen's ""Pride and Prejudice"", as Charlotte Lucas is a character in that novel. Curtis Sittenfeld's ""Eligible"" is a modern retelling of ""Pride and Prejudice"" set in Cincinnati, Ohio, which makes it a plausible source for the",['charlotte lucas'],"get-to-know-you was said, was stupid a Charlotte probably game, but when it Iâ€™m turn my honest Lucas.â€ â€œUnfortunately, for I It probably too"
"â€œHi!â€ she says brightly, hurlingâ€”actually throwingâ€”her duffel bag in the general direction of the living room. â€œYou must be the roommate, Daphne.â€","""Title"": ""The Roommate"", ""Author"": ""Unknown""",['daphne'],"general in duffel be bag Daphne.â€ says hurlingâ€”actually must the the brightly, â€œYou she roommate, living of â€œHi!â€ direction the room. throwingâ€”her"
"He swats her hand out of the way. â€œJules, inside voice. Our crotchety neighbor is going to come yell at us.â€","Based on the passage, I'm going to take a guess that it originates from the book ""The Hating Game"" by Sally Thorne.

Here's my output:

""title"": ""The Hating Game"",
""author"": ""Sally Thorne""

Please let me know if I'm correct or not!",['jules'],"at â€œJules, out come is crotchety yell way. neighbor the us.â€ going inside of swats voice. He to hand her Our"
"She spins toward me, face alight, a more extreme version of Milesâ€™s lit-from-within, delighted-by-everything grin. â€œIâ€™ll give you twenty bucks if you tell me the truth, Daphne.â€","Based on the passage, I'm going to take a guess that the book is ""The Interestings"" by Meg Wolitzer.

Here's my output:

""title"": ""The Interestings"",
""author"": ""Meg Wolitzer""

Please let me know if I'm correct or not!",['daphne'],"bucks lit-from-within, if you delighted-by-everything me, grin. a She â€œIâ€™ll more spins of give me Milesâ€™s alight, you truth, Daphne.â€ face twenty toward tell extreme version the"
"He leans forward and peers around the cupboard to see the oven clock. â€œShit.â€ He passes me one of the thermoses. â€œI gave myself an extra fifteen minutes, and there was no line, but then I got caught up talking to the barista and . . . anyway, Iâ€™m sorry, Daphne.â€","Based on the passage, I'm going to take a guess that the book is ""The Hating Game"" by Sally Thorne.

Here's my reasoning:

* The tone of the passage seems to be light-hearted and conversational, which matches the tone of ""The Hating Game"".
* The use of everyday language and relatable situations (e.g. getting caught up talking to a barista) also suggests a contemporary romance novel like ""The Hating Game"".
* The name ""Daph",['daphne'],"the oven the . sorry, see clock. around an . to â€œShit.â€ fifteen Iâ€™m and He Daphne.â€ thermoses. got â€œI the was and peers up then there minutes, extra to gave cupboard He but I leans one and forward me caught of talking no passes the anyway, myself barista line, ."
"Iâ€™m not buying it, though: the last time I wore a skirt at work, Handsy Stanley told me I was going to give him a heart attack.","Based on the passage, I'm going to take a guess that it originates from the book ""The Devil Wears Prada"" by Lauren Weisberger.

Here's my output:

""title"": ""The Devil Wears Prada"",
""author"": ""Lauren Weisberger""

Please let me know if I'm correct or not!",['handsy stanley'],"Handsy him give time last told wore work, was me heart I though: Stanley skirt it, a a attack. the going to at buying I Iâ€™m not"
"â€œEnjoy it,â€ he says. â€œI donâ€™t plan on getting up this early ever again. I hate to admit it, but Petra was right.â€","Based on the passage, I'm going to take a guess that it originates from the book ""The Giver"" by Lois Lowry.

Here's my output:

""title"": ""The Giver"",
""author"": ""Lois Lowry""

Please let me know if I'm correct or not!",['petra'],"â€œEnjoy donâ€™t says. it,â€ up plan â€œI ever on admit again. right.â€ getting he to hate it, was Petra this but early I"
"â€œYes, Daphne, if something changes, and I need to escape a freshwater shark, Iâ€™ll paddle my little heart out and leave you for dead.â€","Based on the passage, I'm going to take a guess that it originates from the book ""The Hating Game"" by Sally Thorne.

Here's my output:

""title"": ""The Hating Game"",
""author"": ""Sally Thorne""

Please let me know if I'm correct or not! ğŸ˜Š",['daphne'],"heart for shark, a out Iâ€™ll little something changes, freshwater paddle my and you â€œYes, and Daphne, escape if need to I leave dead.â€"
"He swims toward me, loops an arm around my back, my stomach lifting into my chest at the feeling of his skin on mine, his weight pulling us downward as my heart buoys into the back of my throat. â€œYour physics are off, Daphne,â€ he says against my ear as we start to sink.","Based on the passage, I'm going to take a guess that the book is ""The Song of Achilles"" by Madeline Miller.

Here's my output:

""title"": ""The Song of Achilles"",
""author"": ""Madeline Miller""

Please let me know if I'm correct or not!",['daphne'],"skin his start heart my my into says my mine, chest toward at me, buoys Daphne,â€ my against throat. weight back stomach the into he around â€œYour sink. the ear lifting on swims my to back, as of his pulling physics of off, us arm feeling downward as an we loops He my are"
"Looking at his mouth, I forget what we were just talking about. I swallow a thorny knot and touch the scratchy corner of his jaw. â€œBeardâ€™s almost back.â€","Based on the passage, I'm going to take a guess that it originates from the book ""Me Before You"" by Jojo Moyes.

Here's my output:

""title"": ""Me Before You"",
""author"": ""Jojo Moyes""

Please let me know if I'm correct or not!",['beard'],"mouth, knot his about. touch â€œBeardâ€™s his almost what scratchy corner and the of we forget I swallow Looking just thorny were jaw. talking a at back.â€ I"
"His hand circles my wrist lightly, an electric frisson leaping from him to me. â€œPetra hated it too,â€ he says, his voice a buzz, half heard through the music.","Based on the passage, I'm going to take a guess that it originates from the book ""The Cruel Prince"" by Holly Black.

Here's my output:

""title"": ""The Cruel Prince"",
""author"": ""Holly Black""

Please let me know if I'm correct or not!",['petra'],"heard His a lightly, says, circles me. he from an half frisson â€œPetra his buzz, leaping my to electric it music. hand him hated the voice too,â€ through wrist"
"â€œCan I ask . . .â€ I trail off, trying to decide how to phrase it. â€œIs it too soon for me to ask what happened? Between you and Duke?â€","""Title"": ""The Sea of Tranquility"", ""Author"": ""Katja Millay""",['duke'],"ask .â€ to for soon what ask â€œIs off, me trail it . happened? how Between and trying decide . it. you â€œCan Duke?â€ I to too phrase I to"
"â€œDuke was my high school boyfriend,â€ she says, then pauses to chew for a second. â€œWe broke up when we went to college. Then we both ended up back here. Eventually, we ran into each other at the YMCA, then met up at his car in the parking lot, as I mentioned.â€","Based on the passage, I'm going to take a guess that the book is ""The Last House Guest"" by Megan Miranda.

Here's my output:

""title"": ""The Last House Guest"",
""author"": ""Megan Miranda""

Please let me know if I'm correct or not!",['duke'],"pauses broke at the went YMCA, she ran â€œDuke at college. Eventually, as here. says, a mentioned.â€ when each back up up second. chew ended up lot, Then then the then my I we met other â€œWe we parking to for boyfriend,â€ we his car in both into to high school was"
"She gives a blasÃ© shrug. â€œSometimes itâ€™s terrible, but this was my choice. I think a lot of my friends thought I was a selfish idiot, giving up a pretty good thing just for the hope of a really good thing. But how can I teach my kid not to settle if Iâ€™m not willing to fight for the life I want? I tried so hard to love the one I had, and if Duke had tried too, I wouldâ€™ve held on. But heâ€™s just one of those guys who doesnâ€™t believe in sharing his â€˜businessâ€™ with a stranger, so therapyâ€™s out.","Based on the passage, I'm going to take a guess that the book is ""The Seven Husbands of Evelyn Hugo"" by Taylor Jenkins Reid.

Here's my reasoning:

* The writing style and tone of the passage seem to match the style of Taylor Jenkins Reid, who is known for her contemporary women's fiction and romance novels.
* The themes of relationships, love, and personal growth mentioned in the passage are common in Reid's works.
* The character's introspection and self-awareness",['duke'],"settle the and fight thing was a â€œSometimes lot I giving for itâ€™s terrible, wouldâ€™ve too, life my if to of I not heâ€™s out. to of But shrug. think idiot, But this for of with was good tried love a I up one who selfish blasÃ© want? held guys â€˜businessâ€™ gives a a hard I really the just friends but how a on. the so tried thought doesnâ€™t therapyâ€™s kid hope had, his good choice. teach had not She a Duke just sharing my to thing. in I willing I Iâ€™m can those I believe my pretty one if stranger, so"
"I must take too long to go on, because a slight smile tugs at his mouth, his eyes sparking with humor. â€œThereâ€™s no pressure, Daphne,â€ he says. â€œIf you donâ€™t want toâ€”â€","Based on the passage, I'm going to take a guess that the book is ""The Duke and I"" by Julia Quinn.

Here's my output:

""title"": ""The Duke and I"",
""author"": ""Julia Quinn""

Please let me know if I'm correct or not! ğŸ˜Š",['daphne'],"go on, toâ€”â€ mouth, humor. long his take must he a you donâ€™t says. I too no eyes because â€œIf to his tugs sparking at slight want Daphne,â€ with smile pressure, â€œThereâ€™s"
"The tiny woman with her, arms wrapped around Petra, both of them beaming in front of decimated plates of chocolate waffles on an orange-checked tablecloth.","Based on the passage, I'm going to take a guess that the book is ""The Girl with the Dragon Tattoo"" by Stieg Larsson.

Here's my output:

""title"": ""The Girl with the Dragon Tattoo"",
""author"": ""Stieg Larsson""

Please let me know if I'm correct or not!",['petra'],"both orange-checked of tiny waffles arms in woman chocolate tablecloth. of on them The Petra, an wrapped beaming front plates her, with of decimated around"
"Harvey snorts. â€œI know Iâ€™ve got a youthful glow, but I wasnâ€™t born yesterday. Come in, come in. Shoes off. Everyoneâ€™s back in the breakfast nook.â€","Based on the passage, I'm going to take a guess that it originates from the book ""The Rosie Project"" by Graeme Simsion.

Here's my output:

""title"": ""The Rosie Project"",
""author"": ""Graeme Simsion""

Please let me know if I'm correct or not!",['harvey'],"nook.â€ Shoes in, know breakfast but yesterday. glow, the off. in. â€œI a Everyoneâ€™s come got born Iâ€™ve Harvey youthful snorts. back Come wasnâ€™t I in"
"I slip my loafers off next to Ashleighâ€™s knee-high boots and we follow Harvey down a narrow, wood-paneled wall toward the sound of smooth jazz and the potent smell of cigar smoke. Every inch of the walls is devoted to at least three generations of family photos, ranging from recent shots of his granddaughtersâ€™ soccer tournaments all the way back to time-faded wedding portraits of him and his late wife.","Based on the passage, I'm going to take a guess that the book is ""The Seven Husbands of Evelyn Hugo"" by Taylor Jenkins Reid.

Here's my reasoning:

* The passage mentions a character named Ashleigh, which is a name that appears in the book.
* The setting of the passage, with its wood-paneled walls, family photos, and cigar smoke, suggests a luxurious and nostalgic atmosphere, which is consistent with the book's themes of old Hollywood and the life of a",['harvey'],"his the Harvey a least of loafers cigar of of slip of back devoted wood-paneled Ashleighâ€™s jazz to time-faded and down follow toward his way off and of my and recent smell I smooth the is from knee-high granddaughtersâ€™ shots to wall him the three of generations wedding all we sound smoke. boots tournaments photos, late the at Every family next soccer portraits narrow, walls to wife. ranging potent inch"
"Harvey moves out of the hallway, so we can slide into the breakfast nook after him. â€œLook who decided to finally show up,â€ he says, â€œand she brought us a new fifth!â€","Based on the passage, I'm going to take a guess that the book is ""The Perks of Being a Wallflower"" by Stephen Chbosky.

Here's my output:

""title"": ""The Perks of Being a Wallflower"",
""author"": ""Stephen Chbosky""

Please let me know if I'm correct or not!",['harvey'],"so Harvey â€œand â€œLook out the says, slide brought hallway, after to a new nook the show into finally he breakfast him. we can who decided moves she fifth!â€ up,â€ of us"
Theyâ€™re both wearing the same visors as when I met them. Both have matching cigars hanging out of their mouths. Lenore yanks hers out from between her lips as she stands to greet me. â€œWhat a nice surprise!â€,"Based on the passage, I'm going to take a guess that it originates from the book ""Infinite Jest"" by David Foster Wallace.

Here's my output:

""title"": ""Infinite Jest"",
""author"": ""David Foster Wallace""

Please let me know if I'm correct or not!",['lenore'],as her cigars stands wearing of greet their the out mouths. yanks surprise!â€ me. to Both visors hers lips I them. Lenore a met from matching hanging â€œWhat have both out Theyâ€™re same she as nice when between
"He puts the pitcher back in the fridge. â€œGo put on something nice, Daphne. We have to leave soon.â€ He squeezes past me to leave the kitchen.","Based on the passage, I'm going to take a guess that the book is ""The Hating Game"" by Sally Thorne.

Here's my output:

""title"": ""The Hating Game"",
""author"": ""Sally Thorne""

Please let me know if I'm correct or not!",['daphne'],"the nice, Daphne. on something We the He to to back kitchen. â€œGo past in He fridge. put have pitcher leave me puts soon.â€ the squeezes leave"
"And when Iâ€™m done telling him about the fundraiser, I find myself talking about the kids, about the staff, about our desperate need for an updated stock of kid lit, and by the end of our conversation, Lance has not only pledged ten kite-building sets for prizes but also offered to host a miniature-painting class for us in the fall.","Based on the passage, I'm going to take a guess that the book is ""The Rosie Project"" by Graeme Simsion.

Here's my reasoning:

* The tone of the passage is lighthearted and humorous, which matches the tone of ""The Rosie Project"".
* The protagonist is enthusiastic and passionate about their work, which is consistent with the character of Don Tillman in ""The Rosie Project"".
* The mention of a fundraiser and a need for updated kid lit suggests that the",['lance'],"by and also miniature-painting kite-building the telling conversation, but only has for about kids, stock him an our sets myself about find need a us our in end the of prizes Lance I staff, offered host talking updated fundraiser, the Iâ€™m fall. done ten the kid about when not for of to about the pledged And desperate class for lit,"
"Slow, soft, familiar. A relief of a kiss, and over way, way too soon, though from the way Petra is gawking at us, youâ€™d think weâ€™d just performed a handstanding sixty-nine in front of God and everyone.","Based on the passage, I'm going to take a guess that it originates from the book ""The Hating Game"" by Sally Thorne.

Here's my output:

""title"": ""The Hating Game"",
""author"": ""Sally Thorne""

Please let me know if I'm correct or not!",['petra'],"performed sixty-nine is way the and handstanding way, though youâ€™d soon, gawking us, of way and from everyone. too familiar. Petra a of front kiss, a in soft, just God at weâ€™d think relief over A Slow,"
"â€œShe always thought I was reading too much into it,â€ he says. â€œBut I think they were worried I couldnâ€™t give Petra everything they want for her.â€","Based on the passage, I'm going to take a guess that it originates from the book ""Matched"" by Ally Condie.

Here's my output:

""title"": ""Matched"",
""author"": ""Ally Condie""

Please let me know if I'm correct or not! ğŸ˜Š",['petra'],"I into for was I give everything think they he it,â€ Petra always they reading thought much â€œBut I â€œShe want worried too her.â€ couldnâ€™t were says."
"Every night that week, we cook togetherâ€”or Miles cooks, while Jules sits on the counter, curating a country playlist and singing along at top volume into whatever utensil her brother has most recently set down. I chop whatever he puts in front of me, wash whichever dishes heâ€™s done with.","Based on the passage, I'm going to take a guess that the book is ""The Heart Principle"" by Helen Hoang.

Here's my output:

""title"": ""The Heart Principle"",
""author"": ""Helen Hoang""

Please let me know if I'm correct or not!",['jules'],"her Jules puts on wash togetherâ€”or heâ€™s me, chop in week, counter, sits whichever down. that I dishes whatever front cooks, he done Every Miles brother with. curating cook whatever has a utensil we the night country volume most playlist singing along and recently set while top into at of"
"â€œDaphne,â€ he murmurs behind me, still tender and sweet, pulling me in, my back to his chest, and coiling his arms around my waist.","Based on the passage, I'm going to take a guess that it originates from the book ""Fifty Shades of Grey"" by E.L. James.

Here's my output:

""title"": ""Fifty Shades of Grey"",
""author"": ""E.L. James""

Please let me know if I'm correct or not! ğŸ˜Š",['daphne'],"back to me in, his he chest, waist. and pulling his behind my and arms coiling me, â€œDaphne,â€ murmurs tender around sweet, still my"
"His smile widens. His fingers move absently to my chin, and I feel myself being drawn into him, our stomachs connecting, his heart pattering through me. â€œItâ€™s a camel, Daphne,â€ he says wryly. â€œIn sunglasses.â€","Based on the passage, I'm going to take a guess that it originates from the book ""The Hating Game"" by Sally Thorne.

Here's my output:

""title"": ""The Hating Game"",
""author"": ""Sally Thorne""

Please let me know if I'm correct or not!",['daphne'],"fingers heart our smile absently His sunglasses.â€ feel chin, my connecting, widens. to he wryly. pattering being camel, stomachs and drawn move â€œItâ€™s myself him, through His me. says into his a â€œIn Daphne,â€ I"
"She groans. â€œA week from Saturday. Forty-three. And no to big plans. It just so happens to fall on the weekend Mulder and I get back from visiting my mom in Sedona, so heâ€™ll be at his dadâ€™s place, and Iâ€™ll be at home rotting my brain to the tune of Bravo reality TV.â€","""Title"": ""Attachments"", ""Author"": ""Rainbow Rowell""",['mulder'],"She It big home weekend mom place, of happens be and the his rotting I just to to brain my Bravo And from Iâ€™ll be fall reality to back so visiting no plans. Sedona, on Saturday. TV.â€ my groans. the so get at tune at Mulder in â€œA dadâ€™s and heâ€™ll from week Forty-three."
"â€œLike a room,â€ I say. â€œIn your house. You said Duke never wanted you to, right? And youâ€™re tired of looking at the same four walls. So pick a wall color, and Iâ€™ll come help paint.â€","""Title"": ""The Sea of Tranquility"", ""Author"": ""Katja Millay""",['duke'],"four pick said youâ€™re So same at wall you And come never wanted I your help room,â€ â€œLike Duke the say. a â€œIn a and You of tired looking to, house. color, paint.â€ walls. Iâ€™ll right?"
"There isnâ€™t much else in the room. A bed, a dresser, a side table. I wonder whether Duke took most of the furniture with him. Thereâ€™s a sadness to this space that I didnâ€™t expect.","Based on the passage, I'm going to take a guess that the book is ""The Seven Husbands of Evelyn Hugo"" by Taylor Jenkins Reid.

Here's my output:

""title"": ""The Seven Husbands of Evelyn Hugo"",
""author"": ""Taylor Jenkins Reid""

Please let me know if I'm correct or not!",['duke'],"dresser, isnâ€™t of Duke whether space him. furniture bed, There a Thereâ€™s room. a I to took a that A side most in this with sadness wonder I else table. expect. didnâ€™t the the much"
